customer_id,age,gender,province,region,jewelry_category,material,karat_purity,weight_grams,has_gemstone,occasion,purchase_amount_vnd,estimated_monthly_income_vnd,review_rating,membership_status,discount_applied,promo_code_used,payment_method,shipping_type,purchase_channel,previous_purchases,frequency_of_purchases,recency_proxy_days,monetary_est_vnd,clv_est_vnd,next_period_spend_est_vnd,churn,cluster,cluster_name,churn_proba
1,22,Nữ,TP. Hồ Chí Minh,Miền Nam,Lắc chân,Bạc,5,9.59,0,Cưới hỏi,709000.0,14737000.0,4.9,Không,Có,Có,Thẻ tín dụng,Nhận tại cửa hàng,Tại cửa hàng,1,Hàng quý,96.0,142000.0,146232.0,241372.0,0,0,Khách hàng phổ thông / mới,0.164304754318796
2,55,Nữ,Thái Nguyên,Miền Bắc,Dây chuyền,Vàng đính đá quý,18,3.82,1,Sinh nhật,10047000.0,25469000.0,2.7,Không,Không,Không,Chuyển khoản ngân hàng,Giao hàng nhanh,Online,20,Hàng năm,337.0,40188000.0,36346027.0,872132.0,1,2,Khách hàng có nguy cơ rời bỏ,0.764052421283439
3,49,Nam,Nghệ An,Miền Trung,Vòng tay,Vàng đính đá quý,18,5.57,1,Cưới hỏi,13510000.0,34685000.0,4.0,Không,Không,Có,Thẻ tín dụng,Nhận tại cửa hàng,Tại cửa hàng,28,Hàng tuần,8.0,75656000.0,74029396.0,45255147.0,0,3,Khách hàng trung thành,0.3846977870826458
4,39,Nữ,Bắc Ninh,Miền Bắc,Nhẫn,Vàng 24K,24,6.15,0,Tự mua sắm,12751000.0,8647000.0,3.5,Có,Có,Không,Chuyển khoản ngân hàng,Giao hàng nhanh,Online,2,Hàng năm,339.0,5100000.0,5865000.0,1437755.0,0,2,Khách hàng có nguy cơ rời bỏ,0.16933040030850488
5,38,Nữ,Bình Định,Miền Trung,Nhẫn,Vàng 24K,24,5.61,0,Tự mua sắm,12758000.0,26740000.0,3.4,Có,Không,Có,Tiền mặt,Giao hàng tiêu chuẩn,Online,19,Hàng quý,95.0,48480000.0,55417488.0,3859036.0,0,3,Khách hàng trung thành,0.2734533491821152
6,59,Nữ,TP. Hồ Chí Minh,Miền Nam,Bông tai,Bạch kim,20,5.62,0,Sinh nhật,10794000.0,27421000.0,4.0,Có,Không,Không,Chuyển khoản ngân hàng,Nhận tại cửa hàng,Tại cửa hàng,28,Hàng quý,87.0,60446000.0,71598287.0,3565204.0,0,3,Khách hàng trung thành,0.3457129040022469
7,22,Nam,Thanh Hóa,Miền Trung,Nhẫn,Bạc,5,5.89,0,Quà tặng gia đình,597000.0,23942000.0,3.2,Có,Không,Không,Ví điện tử (Momo/ZaloPay),Giao hàng tiêu chuẩn,Tại cửa hàng,13,Nửa năm một lần,175.0,1552000.0,1752674.0,131435.0,1,0,Khách hàng phổ thông / mới,0.6893143369581523
8,51,Nữ,Quảng Ninh,Miền Bắc,Vòng tay,Vàng đính đá quý,18,8.12,1,Cưới hỏi,19342000.0,14199000.0,2.6,Không,Không,Không,Chuyển khoản ngân hàng,Giao hàng nhanh,Tại cửa hàng,9,Hàng quý,82.0,34816000.0,31289139.0,8053855.0,0,0,Khách hàng phổ thông / mới,0.7061184176380542
9,27,Nữ,Nam Định,Miền Bắc,Bông tai,Vàng 18K,18,1.21,0,Tự mua sắm,2056000.0,18993000.0,4.4,Không,Có,Không,Chuyển khoản ngân hàng,Giao hàng nhanh,Online,22,Nửa năm một lần,201.0,9046000.0,9057760.0,280934.0,0,3,Khách hàng trung thành,0.4050287099236247
10,22,Nam,Cần Thơ,Miền Nam,Nhẫn,Vàng đính đá quý,18,4.96,1,Quà tặng người yêu,12253000.0,12579000.0,2.7,Không,Có,Không,Tiền mặt,Giao hàng nhanh,Online,28,Hàng năm,359.0,68617000.0,62057215.0,1123925.0,1,2,Khách hàng có nguy cơ rời bỏ,0.6574118855790246
11,43,Nam,Hưng Yên,Miền Bắc,Dây chuyền,Bạc,5,8.96,0,Tự mua sắm,597000.0,23590000.0,3.3,Không,Không,Có,Ví điện tử (Momo/ZaloPay),Giao hàng tiêu chuẩn,Online,17,Hàng năm,356.0,2030000.0,1905358.0,46112.0,1,2,Khách hàng có nguy cơ rời bỏ,0.6326297469317135
12,64,Nữ,Bình Dương,Miền Nam,Bông tai,Vàng 24K,24,5.69,0,Sinh nhật,12672000.0,12710000.0,4.0,Có,Không,Có,Chuyển khoản ngân hàng,Nhận tại cửa hàng,Tại cửa hàng,1,Hàng quý,79.0,2534000.0,3001523.0,4408743.0,0,0,Khách hàng phổ thông / mới,0.13985099910698412
13,53,Nữ,Lào Cai,Miền Bắc,Lắc chân,Vàng 24K,24,9.38,0,Quà tặng người yêu,20693000.0,18119000.0,4.1,Không,Không,Không,Chuyển khoản ngân hàng,Giao hàng nhanh,Online,21,Nửa năm một lần,163.0,86911000.0,85537806.0,3974401.0,1,3,Khách hàng trung thành,0.6191352862833035
14,54,Nam,Thái Nguyên,Miền Bắc,Dây chuyền,Bạc,5,13.8,0,Quà tặng người yêu,1158000.0,25651000.0,4.2,Không,Không,Không,Tiền mặt,Giao hàng nhanh,Tại cửa hàng,7,Hàng quý,86.0,1621000.0,1604628.0,264836.0,0,0,Khách hàng phổ thông / mới,0.5656027961067108
15,52,Nữ,TP. Hồ Chí Minh,Miền Nam,Trang sức bộ,Vàng 24K,24,28.91,0,Tự mua sắm,57671000.0,15991000.0,5.0,Không,Có,Không,Chuyển khoản ngân hàng,Giao hàng nhanh,Tại cửa hàng,30,Nửa năm một lần,157.0,346026000.0,358309923.0,7598409.0,1,1,Khách hàng VIP (giá trị cao nhất),0.5665832276655931
16,55,Nữ,Đà Nẵng,Miền Trung,Lắc chân,Bạch kim,20,8.95,0,Tự mua sắm,16105000.0,18526000.0,3.5,Không,Có,Có,Chuyển khoản ngân hàng,Nhận tại cửa hàng,Tại cửa hàng,9,Hàng tháng,31.0,28989000.0,27539550.0,14008050.0,0,0,Khách hàng phổ thông / mới,0.2032979715854816
17,42,Nữ,Hà Nội,Miền Bắc,Bông tai,Bạc,5,3.82,0,Tự mua sắm,494000.0,14174000.0,2.8,Không,Không,Không,Chuyển khoản ngân hàng,Giao hàng nhanh,Online,20,Hai tuần một lần,13.0,1976000.0,1798358.0,932167.0,0,3,Khách hàng trung thành,0.7411991716566676
18,24,Nữ,Kiên Giang,Miền Nam,Dây chuyền,Vàng 18K,18,9.96,0,Sinh nhật,14896000.0,21237000.0,2.8,Không,Có,Có,Tiền mặt,Giao hàng nhanh,Online,21,Hàng quý,96.0,62563000.0,56938586.0,4918308.0,0,3,Khách hàng trung thành,0.3783464056871114
19,58,Nữ,Bắc Ninh,Miền Bắc,Bông tai,Vàng 18K,18,3.54,0,Tự mua sắm,5973000.0,20516000.0,3.8,Không,Không,Không,Tiền mặt,Nhận tại cửa hàng,Online,14,Hàng tháng,31.0,16724000.0,16173780.0,4835562.0,0,0,Khách hàng phổ thông / mới,0.5534654408889356
20,39,Nữ,Thanh Hóa,Miền Trung,Lắc chân,Vàng đính đá quý,18,10.55,1,Tự mua sắm,16873000.0,15212000.0,3.5,Không,Có,Có,Thẻ tín dụng,Giao hàng nhanh,Online,24,Nửa năm một lần,180.0,80990000.0,76940500.0,2097273.0,0,3,Khách hàng trung thành,0.2851404531323511
21,42,Nữ,Nghệ An,Miền Trung,Dây chuyền,Bạc,5,5.82,1,Cưới hỏi,1774000.0,16105000.0,4.8,Không,Có,Không,Chuyển khoản ngân hàng,Giao hàng tiêu chuẩn,Tại cửa hàng,27,Hai tuần một lần,13.0,9580000.0,9810878.0,5173871.0,0,3,Khách hàng trung thành,0.3598243345471964
22,35,Nữ,Quảng Nam,Miền Trung,Trang sức bộ,Bạch kim,20,32.88,0,Sinh nhật,53739000.0,21207000.0,3.8,Không,Có,Không,Thẻ tín dụng,Giao hàng tiêu chuẩn,Tại cửa hàng,19,Hàng tuần,8.0,204208000.0,197489557.0,154665184.0,0,1,Khách hàng VIP (giá trị cao nhất),0.4420977198514591
23,26,Nữ,Đồng Nai,Miền Nam,Trang sức bộ,Bạch kim,20,23.99,0,Sinh nhật,45610000.0,12152000.0,3.6,Không,Không,Không,Chuyển khoản ngân hàng,Giao hàng tiêu chuẩn,Online,23,Nửa năm một lần,209.0,209806000.0,200511594.0,6626468.0,1,1,Khách hàng VIP (giá trị cao nhất),0.6386582994125161
24,62,Nữ,Hà Nội,Miền Bắc,Vòng tay,Bạc,5,11.56,0,Lễ/Tết,977000.0,21410000.0,4.7,Không,Có,Có,Ví điện tử (Momo/ZaloPay),Giao hàng tiêu chuẩn,Tại cửa hàng,2,Hàng quý,96.0,391000.0,398194.0,227014.0,0,0,Khách hàng phổ thông / mới,0.14297315050709966
25,55,Nữ,Tiền Giang,Miền Nam,Bông tai,Vàng đính đá quý,18,2.06,1,Sinh nhật,7717000.0,21532000.0,4.5,Không,Không,Không,Ví điện tử (Momo/ZaloPay),Giao hàng tiêu chuẩn,Tại cửa hàng,8,Hàng năm,390.0,12347000.0,12433429.0,535448.0,1,2,Khách hàng có nguy cơ rời bỏ,0.60073383564582
26,48,Nam,TP. Hồ Chí Minh,Miền Nam,Vòng tay,Bạc,5,9.14,0,Sinh nhật,350000.0,21973000.0,4.3,Không,Không,Có,Chuyển khoản ngân hàng,Giao hàng nhanh,Online,14,Hàng tháng,27.0,980000.0,975688.0,396653.0,0,0,Khách hàng phổ thông / mới,0.3791264062656922
27,37,Nữ,Kiên Giang,Miền Nam,Bông tai,Bạc,5,3.92,0,Quà tặng gia đình,300000.0,16508000.0,3.8,Không,Có,Không,Chuyển khoản ngân hàng,Giao hàng nhanh,Online,4,Hàng tháng,29.0,240000.0,232104.0,246048.0,0,0,Khách hàng phổ thông / mới,0.4012750188597795
28,57,Nữ,Cần Thơ,Miền Nam,Lắc chân,Vàng 18K,18,4.37,0,Lễ/Tết,7114000.0,25656000.0,3.1,Có,Không,Có,Tiền mặt,Giao hàng tiêu chuẩn,Tại cửa hàng,15,Hàng tuần,6.0,21342000.0,23954261.0,22785266.0,0,0,Khách hàng phổ thông / mới,0.245393062058649
29,44,Nữ,Tiền Giang,Miền Nam,Nhẫn,Vàng 18K,18,1.52,0,Cưới hỏi,2632000.0,27371000.0,3.9,Không,Có,Không,Tiền mặt,Giao hàng nhanh,Tại cửa hàng,3,Hàng quý,79.0,1579000.0,1536051.0,891433.0,0,0,Khách hàng phổ thông / mới,0.3424835371943557
30,39,Nữ,Gia Lai,Miền Trung,Nhẫn,Bạc,5,3.18,0,Quà tặng gia đình,300000.0,24871000.0,2.8,Không,Không,Không,Chuyển khoản ngân hàng,Giao hàng nhanh,Tại cửa hàng,11,Hai tuần một lần,14.0,660000.0,600666.0,609104.0,0,0,Khách hàng phổ thông / mới,0.6977767862350532
31,39,Nữ,Thanh Hóa,Miền Trung,Dây chuyền,Vàng 18K,18,6.65,1,Quà tặng người yêu,15661000.0,21809000.0,3.8,Không,Không,Không,Ví điện tử (Momo/ZaloPay),Giao hàng tiêu chuẩn,Online,2,Nửa năm một lần,168.0,6264000.0,6057914.0,2493714.0,1,0,Khách hàng phổ thông / mới,0.5803585399642824
32,28,Nữ,Đà Nẵng,Miền Trung,Trang sức bộ,Bạc,5,33.53,0,Lễ/Tết,1947000.0,9695000.0,4.6,Không,Không,Không,Tiền mặt,Giao hàng tiêu chuẩn,Online,13,Hai tuần một lần,15.0,5062000.0,5126287.0,5192299.0,0,0,Khách hàng phổ thông / mới,0.44514979959743567
33,22,Nữ,TP. Hồ Chí Minh,Miền Nam,Dây chuyền,Vàng đính đá quý,18,9.98,1,Quà tặng người yêu,20169000.0,31049000.0,3.8,Không,Không,Không,Chuyển khoản ngân hàng,Nhận tại cửa hàng,Tại cửa hàng,13,Hàng năm,412.0,52439000.0,50713757.0,1465049.0,0,2,Khách hàng có nguy cơ rời bỏ,0.5009489870431126
34,44,Nam,Huế,Miền Trung,Lắc chân,Vàng 18K,18,6.65,0,Sinh nhật,10077000.0,21050000.0,2.7,Không,Có,Không,Thẻ tín dụng,Giao hàng tiêu chuẩn,Online,15,Hàng quý,88.0,30231000.0,27340916.0,2781293.0,0,3,Khách hàng trung thành,0.5231153939600893
35,60,Nam,TP. Hồ Chí Minh,Miền Nam,Vòng tay,Vàng 24K,24,19.75,0,Quà tặng gia đình,42627000.0,23783000.0,2.6,Không,Không,Có,Tiền mặt,Giao hàng tiêu chuẩn,Tại cửa hàng,30,Nửa năm một lần,162.0,255762000.0,229853309.0,9062643.0,1,1,Khách hàng VIP (giá trị cao nhất),0.6737416962286742
36,21,Nam,Hà Nội,Miền Bắc,Dây chuyền,Bạc,5,7.41,0,Quà tặng người yêu,749000.0,14325000.0,4.7,Có,Có,Không,Thẻ tín dụng,Giao hàng nhanh,Online,17,Hàng tháng,27.0,2547000.0,3139942.0,649340.0,0,0,Khách hàng phổ thông / mới,0.1550893390845132
37,59,Nam,Cần Thơ,Miền Nam,Trang sức bộ,Vàng 24K,24,33.95,0,Lễ/Tết,74596000.0,20036000.0,3.1,Không,Không,Không,Thẻ tín dụng,Giao hàng tiêu chuẩn,Online,5,Hai tuần một lần,14.0,74596000.0,69165411.0,165858150.0,0,0,Khách hàng phổ thông / mới,0.5348268104084772
38,57,Nữ,Thái Nguyên,Miền Bắc,Vòng tay,Bạch kim,20,19.12,1,Sinh nhật,36413000.0,29676000.0,3.8,Không,Có,Có,Ví điện tử (Momo/ZaloPay),Giao hàng nhanh,Tại cửa hàng,19,Hàng quý,89.0,138369000.0,133816660.0,7944491.0,0,1,Khách hàng VIP (giá trị cao nhất),0.1982879430986091
39,31,Nữ,Tiền Giang,Miền Nam,Dây chuyền,Bạc,5,11.28,0,Quà tặng người yêu,741000.0,25339000.0,4.4,Có,Có,Không,Ví điện tử (Momo/ZaloPay),Nhận tại cửa hàng,Online,30,Hàng quý,91.0,4446000.0,5388997.0,185883.0,0,3,Khách hàng trung thành,0.20377972975032568
40,48,Nữ,Quảng Ninh,Miền Bắc,Nhẫn,Vàng 18K,18,4.91,0,Quà tặng gia đình,8024000.0,18701000.0,3.1,Không,Không,Có,Ví điện tử (Momo/ZaloPay),Giao hàng nhanh,Online,7,Nửa năm một lần,204.0,11234000.0,10416165.0,1221813.0,1,0,Khách hàng phổ thông / mới,0.6999716719220298
41,25,Nam,Bắc Ninh,Miền Bắc,Nhẫn,Bạc,5,6.84,0,Sinh nhật,564000.0,30194000.0,4.3,Không,Không,Không,Tiền mặt,Giao hàng tiêu chuẩn,Online,3,Hàng quý,101.0,338000.0,336513.0,189793.0,0,0,Khách hàng phổ thông / mới,0.5284941815216438
42,54,Nữ,Cần Thơ,Miền Nam,Nhẫn,Bạc,5,3.61,0,Lễ/Tết,396000.0,14175000.0,2.7,Không,Có,Không,Ví điện tử (Momo/ZaloPay),Nhận tại cửa hàng,Online,28,Hàng tháng,31.0,2218000.0,2005959.0,395047.0,0,3,Khách hàng trung thành,0.5071083027209699
43,51,Nam,Cần Thơ,Miền Nam,Dây chuyền,Vàng 18K,18,7.41,0,Lễ/Tết,11972000.0,9294000.0,4.4,Không,Không,Không,Chuyển khoản ngân hàng,Giao hàng tiêu chuẩn,Online,6,Hàng năm,327.0,14366000.0,14384676.0,1075485.0,1,2,Khách hàng có nguy cơ rời bỏ,0.5706880934136574
44,35,Nữ,TP. Hồ Chí Minh,Miền Nam,Vòng tay,Vàng 18K,18,8.1,1,Quà tặng người yêu,15243000.0,6596000.0,2.7,Không,Không,Không,Tiền mặt,Giao hàng tiêu chuẩn,Online,25,Hàng tháng,27.0,76215000.0,68928846.0,16018722.0,0,3,Khách hàng trung thành,0.6520778848927375
45,21,Nam,Kiên Giang,Miền Nam,Dây chuyền,Vàng 18K,18,6.06,0,Cưới hỏi,8929000.0,24825000.0,3.2,Không,Có,Không,Chuyển khoản ngân hàng,Giao hàng tiêu chuẩn,Tại cửa hàng,13,Hàng tháng,28.0,23215000.0,21657274.0,7020739.0,0,0,Khách hàng phổ thông / mới,0.558403916316938
46,64,Nữ,Hưng Yên,Miền Bắc,Nhẫn,Vàng đính đá quý,18,2.39,1,Cưới hỏi,7135000.0,16968000.0,3.1,Không,Không,Có,Tiền mặt,Giao hàng tiêu chuẩn,Online,24,Hàng quý,96.0,34248000.0,31754746.0,1940783.0,0,3,Khách hàng trung thành,0.4079822564220565
47,39,Nữ,Cần Thơ,Miền Nam,Dây chuyền,Vàng 24K,24,13.21,0,Sinh nhật,28996000.0,19357000.0,4.7,Không,Không,Có,Thẻ tín dụng,Nhận tại cửa hàng,Online,22,Hàng tháng,33.0,127582000.0,129929509.0,24174361.0,0,1,Khách hàng VIP (giá trị cao nhất),0.3806015453112529
48,60,Nữ,Thanh Hóa,Miền Trung,Dây chuyền,Vàng 18K,18,3.01,0,Quà tặng người yêu,5341000.0,29261000.0,3.8,Không,Không,Không,Ví điện tử (Momo/ZaloPay),Nhận tại cửa hàng,Online,25,Hàng quý,94.0,26705000.0,25826406.0,2028924.0,0,3,Khách hàng trung thành,0.5245851404904123
49,50,Nữ,Bình Định,Miền Trung,Trang sức bộ,Vàng 24K,24,20.61,0,Sinh nhật,45613000.0,23301000.0,4.6,Không,Không,Không,Ví điện tử (Momo/ZaloPay),Giao hàng nhanh,Tại cửa hàng,23,Nửa năm một lần,201.0,209820000.0,212484714.0,7228989.0,1,1,Khách hàng VIP (giá trị cao nhất),0.6544316794208466
50,55,Nữ,Đà Nẵng,Miền Trung,Dây chuyền,Vàng 18K,18,7.37,1,Lễ/Tết,15154000.0,12997000.0,4.0,Không,Có,Có,Thẻ tín dụng,Nhận tại cửa hàng,Online,16,Nửa năm một lần,168.0,48493000.0,47450400.0,1847307.0,0,3,Khách hàng trung thành,0.16180684398478332
51,54,Nam,Hà Nội,Miền Bắc,Nhẫn,Vàng 24K,24,4.02,1,Quà tặng người yêu,12609000.0,32609000.0,4.5,Không,Không,Không,Tiền mặt,Nhận tại cửa hàng,Online,8,Nửa năm một lần,192.0,20174000.0,20315218.0,2085086.0,1,0,Khách hàng phổ thông / mới,0.6271844164028922
52,27,Nữ,Đắk Lắk,Miền Trung,Vòng tay,Bạch kim,20,17.66,0,Tự mua sắm,33068000.0,17583000.0,3.9,Không,Không,Có,Chuyển khoản ngân hàng,Giao hàng nhanh,Tại cửa hàng,29,Hàng tháng,28.0,191794000.0,186577203.0,32974176.0,0,1,Khách hàng VIP (giá trị cao nhất),0.286240518456937
53,35,Nữ,TP. Hồ Chí Minh,Miền Nam,Trang sức bộ,Vàng 24K,24,30.53,0,Sinh nhật,66692000.0,19659000.0,3.6,Có,Không,Có,Tiền mặt,Nhận tại cửa hàng,Tại cửa hàng,6,Hai tuần một lần,15.0,80030000.0,92586707.0,117131698.0,0,0,Khách hàng phổ thông / mới,0.1464305416149374
54,40,Nữ,Quảng Ninh,Miền Bắc,Bông tai,Bạc,5,4.32,0,Quà tặng người yêu,881000.0,15410000.0,4.1,Không,Có,Có,Ví điện tử (Momo/ZaloPay),Giao hàng nhanh,Online,11,Nửa năm một lần,156.0,1938000.0,1907380.0,188077.0,0,0,Khách hàng phổ thông / mới,0.16112437882713385
55,41,Nữ,Tiền Giang,Miền Nam,Lắc chân,Vàng 18K,18,9.2,0,Quà tặng người yêu,14435000.0,12650000.0,3.2,Không,Không,Có,Thẻ tín dụng,Nhận tại cửa hàng,Online,9,Hàng tháng,31.0,25983000.0,24239541.0,16561787.0,0,0,Khách hàng phổ thông / mới,0.39402345164621216
56,20,Nữ,Khánh Hòa,Miền Trung,Trang sức bộ,Vàng 18K,18,30.09,1,Quà tặng người yêu,49888000.0,20813000.0,4.8,Có,Không,Không,Tiền mặt,Nhận tại cửa hàng,Online,13,Hàng tháng,34.0,129709000.0,160800247.0,51397717.0,0,1,Khách hàng VIP (giá trị cao nhất),0.19075547530013637
57,44,Nam,Quảng Ninh,Miền Bắc,Bông tai,Vàng 24K,24,2.93,0,Tự mua sắm,6981000.0,10550000.0,4.8,Có,Không,Có,Tiền mặt,Nhận tại cửa hàng,Tại cửa hàng,8,Hàng quý,84.0,11170000.0,13847449.0,2116591.0,0,0,Khách hàng phổ thông / mới,0.16545916348515768
58,25,Nữ,TP. Hồ Chí Minh,Miền Nam,Trang sức bộ,Bạc,5,21.26,0,Quà tặng người yêu,1615000.0,18918000.0,2.7,Có,Có,Có,Thẻ tín dụng,Giao hàng nhanh,Online,25,Nửa năm một lần,202.0,8075000.0,8840510.0,226502.0,0,3,Khách hàng trung thành,0.16668443553402595
59,53,Nam,Thái Nguyên,Miền Bắc,Nhẫn,Vàng đính đá quý,18,3.09,1,Lễ/Tết,10911000.0,32278000.0,4.8,Không,Không,Không,Chuyển khoản ngân hàng,Giao hàng nhanh,Tại cửa hàng,14,Hàng tháng,26.0,30551000.0,31287279.0,13340302.0,0,0,Khách hàng phổ thông / mới,0.5409841205541223
60,50,Nam,Hà Nội,Miền Bắc,Lắc chân,Vàng 18K,18,5.14,1,Lễ/Tết,12753000.0,26259000.0,3.0,Không,Có,Không,Ví điện tử (Momo/ZaloPay),Giao hàng tiêu chuẩn,Online,27,Hàng năm,382.0,68866000.0,63460019.0,1177414.0,1,2,Khách hàng có nguy cơ rời bỏ,0.6603021601612974
61,62,Nữ,TP. Hồ Chí Minh,Miền Nam,Lắc chân,Vàng đính đá quý,18,11.41,1,Quà tặng người yêu,22964000.0,23141000.0,4.2,Không,Không,Không,Chuyển khoản ngân hàng,Giao hàng nhanh,Online,1,Hàng quý,88.0,4593000.0,4546611.0,7153406.0,0,0,Khách hàng phổ thông / mới,0.4900419009816257
62,53,Nữ,Hải Phòng,Miền Bắc,Trang sức bộ,Vàng 18K,18,29.02,0,Lễ/Tết,41870000.0,13492000.0,4.6,Không,Có,Không,Chuyển khoản ngân hàng,Giao hàng tiêu chuẩn,Tại cửa hàng,14,Hàng năm,313.0,117236000.0,118724897.0,3878987.0,0,1,Khách hàng VIP (giá trị cao nhất),0.27122976715807545
63,35,Nữ,Hải Phòng,Miền Bắc,Vòng tay,Bạc,5,12.235,0,Quà tặng gia đình,813000.0,19675000.0,3.1,Không,Không,Không,Thẻ tín dụng,Giao hàng nhanh,Online,18,Hàng tháng,31.0,2927000.0,2713914.0,630096.0,1,3,Khách hàng trung thành,0.7633974333093857
64,64,Nữ,TP. Hồ Chí Minh,Miền Nam,Bông tai,Bạc,5,1.19,0,Quà tặng người yêu,300000.0,16268000.0,2.8,Không,Không,Không,Ví điện tử (Momo/ZaloPay),Giao hàng tiêu chuẩn,Online,26,Nửa năm một lần,163.0,1560000.0,1419756.0,43326.0,1,3,Khách hàng trung thành,0.6776145191297734
65,37,Nữ,Hà Nội,Miền Bắc,Nhẫn,Vàng 24K,24,6.33,0,Quà tặng gia đình,12575000.0,30316000.0,4.4,Không,Có,Có,Ví điện tử (Momo/ZaloPay),Giao hàng nhanh,Tại cửa hàng,22,Hàng quý,90.0,55330000.0,55401929.0,4804717.0,0,3,Khách hàng trung thành,0.17321742675478735
66,33,Nữ,Cần Thơ,Miền Nam,Vòng tay,Vàng 18K,18,19.23,0,Cưới hỏi,30247000.0,16662000.0,3.6,Không,Không,Không,Chuyển khoản ngân hàng,Nhận tại cửa hàng,Online,19,Hàng năm,337.0,114939000.0,109847202.0,3349940.0,1,1,Khách hàng VIP (giá trị cao nhất),0.6255116145350158
67,61,Nữ,Đồng Nai,Miền Nam,Dây chuyền,Vàng 24K,24,14.12,0,Tự mua sắm,25989000.0,16158000.0,3.7,Không,Có,Không,Ví điện tử (Momo/ZaloPay),Giao hàng tiêu chuẩn,Online,26,Hàng quý,80.0,135143000.0,129926480.0,9619551.0,0,1,Khách hàng VIP (giá trị cao nhất),0.36294691500092197
68,35,Nam,Bắc Ninh,Miền Bắc,Vòng tay,Bạc,5,15.71,0,Quà tặng người yêu,1153000.0,18576000.0,4.4,Không,Có,Không,Thẻ tín dụng,Giao hàng nhanh,Online,12,Hàng năm,322.0,2767000.0,2770597.0,126827.0,0,2,Khách hàng có nguy cơ rời bỏ,0.3028698327924365
69,21,Nữ,Khánh Hòa,Miền Trung,Bông tai,Vàng 18K,18,4.24,0,Lễ/Tết,6162000.0,13788000.0,3.1,Không,Có,Có,Thẻ tín dụng,Giao hàng tiêu chuẩn,Tại cửa hàng,29,Nửa năm một lần,189.0,35740000.0,33138128.0,1041764.0,0,3,Khách hàng trung thành,0.31122000183648846
70,40,Nữ,Hải Phòng,Miền Bắc,Dây chuyền,Vàng đính đá quý,18,4.45,1,Lễ/Tết,9646000.0,22050000.0,2.7,Có,Không,Không,Ví điện tử (Momo/ZaloPay),Giao hàng tiêu chuẩn,Tại cửa hàng,28,Nửa năm một lần,166.0,54018000.0,59138906.0,1540824.0,1,3,Khách hàng trung thành,0.6018226148829648
71,56,Nữ,Quảng Ngãi,Miền Trung,Nhẫn,Vàng 18K,18,2.06,0,Quà tặng gia đình,3713000.0,34109000.0,4.9,Không,Không,Không,Thẻ tín dụng,Giao hàng tiêu chuẩn,Tại cửa hàng,28,Hàng tháng,28.0,20793000.0,21412631.0,4237002.0,0,3,Khách hàng trung thành,0.5086212331115941
72,27,Nữ,Hà Nội,Miền Bắc,Dây chuyền,Vàng đính đá quý,18,6.18,1,Quà tặng gia đình,13803000.0,19670000.0,4.2,Không,Có,Không,Ví điện tử (Momo/ZaloPay),Giao hàng tiêu chuẩn,Tại cửa hàng,16,Hàng tháng,27.0,44170000.0,43723883.0,19582570.0,0,3,Khách hàng trung thành,0.3182953513676733
73,40,Nữ,Tiền Giang,Miền Nam,Bông tai,Vàng 24K,24,3.82,0,Quà tặng người yêu,8757000.0,13941000.0,4.1,Không,Không,Không,Ví điện tử (Momo/ZaloPay),Giao hàng nhanh,Online,3,Hàng năm,324.0,5254000.0,5170987.0,805605.0,0,2,Khách hàng có nguy cơ rời bỏ,0.5431588610379692
74,24,Nữ,Nam Định,Miền Bắc,Bông tai,Bạc,5,5.57,1,Tự mua sắm,4877000.0,18334000.0,3.3,Không,Có,Không,Ví điện tử (Momo/ZaloPay),Giao hàng tiêu chuẩn,Tại cửa hàng,26,Hàng năm,311.0,25360000.0,23802896.0,602946.0,1,2,Khách hàng có nguy cơ rời bỏ,0.6278290639129408
75,50,Nữ,TP. Hồ Chí Minh,Miền Nam,Bông tai,Vàng 18K,18,5.36,0,Cưới hỏi,7650000.0,12104000.0,5.0,Không,Có,Có,Thẻ tín dụng,Nhận tại cửa hàng,Online,13,Hàng tháng,30.0,19890000.0,20596095.0,4042611.0,0,0,Khách hàng phổ thông / mới,0.17129512646946796
76,40,Nữ,Bắc Ninh,Miền Bắc,Nhẫn,Vàng 24K,24,3.49,0,Quà tặng người yêu,7343000.0,40514000.0,3.1,Có,Không,Không,Thẻ tín dụng,Nhận tại cửa hàng,Online,25,Hàng tháng,32.0,36715000.0,41208916.0,7902508.0,0,3,Khách hàng trung thành,0.43382277753594084
77,33,Nam,Nam Định,Miền Bắc,Lắc chân,Vàng 24K,24,6.3,1,Quà tặng người yêu,17927000.0,32586000.0,2.9,Không,Không,Không,Thẻ tín dụng,Giao hàng tiêu chuẩn,Online,2,Hai tuần một lần,12.0,7171000.0,6567202.0,45519722.0,0,0,Khách hàng phổ thông / mới,0.6076297455352802
78,28,Nữ,Đà Nẵng,Miền Trung,Bông tai,Bạc,5,2.55,0,Quà tặng gia đình,1071000.0,28409000.0,3.3,Không,Không,Không,Chuyển khoản ngân hàng,Nhận tại cửa hàng,Online,3,Hàng tháng,27.0,643000.0,603520.0,1125953.0,1,0,Khách hàng phổ thông / mới,0.7308919831138541
79,45,Nữ,Đắk Lắk,Miền Trung,Nhẫn,Vàng 18K,18,4.95,0,Tự mua sắm,8217000.0,25960000.0,4.3,Không,Không,Không,Chuyển khoản ngân hàng,Giao hàng nhanh,Tại cửa hàng,11,Hàng tháng,34.0,18077000.0,17997461.0,7370047.0,0,0,Khách hàng phổ thông / mới,0.5778787493652048
80,50,Nữ,Tây Ninh,Miền Nam,Dây chuyền,Bạc,5,12.71,0,Quà tặng người yêu,1181000.0,19842000.0,3.1,Không,Không,Không,Thẻ tín dụng,Giao hàng nhanh,Tại cửa hàng,27,Hàng năm,410.0,6377000.0,5912754.0,55499.0,1,2,Khách hàng có nguy cơ rời bỏ,0.7230002253748444
81,63,Nữ,Hà Nội,Miền Bắc,Vòng tay,Vàng đính đá quý,18,16.75,1,Quà tặng gia đình,30162000.0,20776000.0,3.3,Không,Có,Không,Tiền mặt,Nhận tại cửa hàng,Online,1,Hai tuần một lần,16.0,6032000.0,5661635.0,54317562.0,0,0,Khách hàng phổ thông / mới,0.27564685138569717
82,38,Nữ,Hà Nội,Miền Bắc,Dây chuyền,Vàng 18K,18,13.64,0,Lễ/Tết,19695000.0,18737000.0,3.8,Không,Có,Có,Thẻ tín dụng,Nhận tại cửa hàng,Online,5,Hàng năm,379.0,19695000.0,19047034.0,1659182.0,0,2,Khách hàng có nguy cơ rời bỏ,0.1348490422512734
83,25,Nữ,Thanh Hóa,Miền Trung,Nhẫn,Vàng 24K,24,4.89,0,Cưới hỏi,10840000.0,36138000.0,4.1,Không,Không,Có,Ví điện tử (Momo/ZaloPay),Giao hàng tiêu chuẩn,Tại cửa hàng,15,Hàng năm,312.0,32520000.0,32006184.0,1319583.0,0,2,Khách hàng có nguy cơ rời bỏ,0.3963853190198298
84,57,Nữ,Thanh Hóa,Miền Trung,Nhẫn,Vàng 24K,24,5.78,0,Sinh nhật,12377000.0,20075000.0,2.9,Có,Không,Không,Ví điện tử (Momo/ZaloPay),Giao hàng tiêu chuẩn,Tại cửa hàng,25,Hàng tháng,27.0,61885000.0,68605711.0,12469296.0,0,3,Khách hàng trung thành,0.33051991725548735
85,48,Nữ,Bà Rịa - Vũng Tàu,Miền Nam,Nhẫn,Vàng 24K,24,7.7,0,Tự mua sắm,15136000.0,16931000.0,4.1,Có,Có,Không,Tiền mặt,Giao hàng nhanh,Online,5,Hàng quý,82.0,15136000.0,18033030.0,4731686.0,0,0,Khách hàng phổ thông / mới,0.1583498326782255
86,51,Nữ,An Giang,Miền Nam,Nhẫn,Vàng 18K,18,5.89,1,Tự mua sắm,10259000.0,20328000.0,3.5,Không,Có,Không,Ví điện tử (Momo/ZaloPay),Giao hàng nhanh,Online,23,Hàng quý,86.0,47191000.0,44831450.0,3255504.0,0,3,Khách hàng trung thành,0.4589877560432262
87,22,Nam,Bà Rịa - Vũng Tàu,Miền Nam,Dây chuyền,Bạch kim,20,5.0,0,Sinh nhật,8520000.0,22939000.0,3.4,Không,Có,Không,Tiền mặt,Nhận tại cửa hàng,Tại cửa hàng,15,Hàng tháng,29.0,25560000.0,24136308.0,10266063.0,0,3,Khách hàng trung thành,0.6006234049774224
88,32,Nam,Bắc Ninh,Miền Bắc,Lắc chân,Vàng 18K,18,5.94,0,Sinh nhật,9882000.0,6000000.0,2.7,Có,Không,Không,Chuyển khoản ngân hàng,Giao hàng nhanh,Online,23,Nửa năm một lần,164.0,45457000.0,49766324.0,1914653.0,0,3,Khách hàng trung thành,0.4409906094976166
89,54,Nữ,Huế,Miền Trung,Vòng tay,Vàng 24K,24,6.14,0,Quà tặng người yêu,12854000.0,23993000.0,4.9,Có,Có,Không,Tiền mặt,Giao hàng nhanh,Online,22,Nửa năm một lần,164.0,56558000.0,70505203.0,2127125.0,0,3,Khách hàng trung thành,0.12916015752734453
90,57,Nữ,TP. Hồ Chí Minh,Miền Nam,Dây chuyền,Bạc,5,4.33,0,Sinh nhật,864000.0,6000000.0,4.2,Không,Không,Không,Ví điện tử (Momo/ZaloPay),Giao hàng tiêu chuẩn,Online,28,Hai tuần một lần,16.0,4838000.0,4789136.0,1769669.0,0,3,Khách hàng trung thành,0.5460489740980412
91,38,Nam,Vĩnh Phúc,Miền Bắc,Bông tai,Vàng 18K,18,3.46,0,Cưới hỏi,5370000.0,30585000.0,2.7,Không,Không,Không,Ví điện tử (Momo/ZaloPay),Giao hàng nhanh,Online,2,Hàng năm,320.0,2148000.0,1942651.0,512235.0,1,2,Khách hàng có nguy cơ rời bỏ,0.7165804486706253
92,56,Nữ,TP. Hồ Chí Minh,Miền Nam,Vòng tay,Bạc,5,16.08,1,Cưới hỏi,5911000.0,9291000.0,3.4,Không,Không,Có,Thẻ tín dụng,Giao hàng nhanh,Tại cửa hàng,19,Hàng tháng,26.0,22462000.0,21210867.0,8009560.0,0,3,Khách hàng trung thành,0.4433274728778904
93,58,Nữ,Hải Dương,Miền Bắc,Nhẫn,Vàng đính đá quý,18,2.73,1,Cưới hỏi,8673000.0,15858000.0,2.7,Không,Có,Không,Chuyển khoản ngân hàng,Giao hàng nhanh,Online,14,Hàng tháng,26.0,24284000.0,21962450.0,8742689.0,0,0,Khách hàng phổ thông / mới,0.5801968877538357
94,36,Nam,Lào Cai,Miền Bắc,Nhẫn,Vàng 18K,18,3.58,0,Tự mua sắm,5868000.0,6741000.0,3.9,Có,Có,Có,Ví điện tử (Momo/ZaloPay),Nhận tại cửa hàng,Tại cửa hàng,11,Hàng năm,371.0,12910000.0,15202816.0,446516.0,1,2,Khách hàng có nguy cơ rời bỏ,0.3654072923893304
95,61,Nữ,Long An,Miền Nam,Nhẫn,Bạc,5,3.69,0,Sinh nhật,447000.0,34266000.0,4.3,Không,Có,Không,Tiền mặt,Giao hàng nhanh,Tại cửa hàng,23,Hai tuần một lần,13.0,2056000.0,2046954.0,958733.0,0,3,Khách hàng trung thành,0.33701743202505025
96,31,Nam,Hải Dương,Miền Bắc,Vòng tay,Bạch kim,20,17.6,0,Sinh nhật,29427000.0,19774000.0,2.6,Không,Có,Có,Chuyển khoản ngân hàng,Giao hàng tiêu chuẩn,Online,18,Hai tuần một lần,14.0,105937000.0,95205582.0,46446356.0,0,1,Khách hàng VIP (giá trị cao nhất),0.25858758371483376
97,29,Nữ,Kiên Giang,Miền Nam,Vòng tay,Bạc,5,7.76,0,Quà tặng người yêu,951000.0,35326000.0,4.8,Không,Không,Không,Thẻ tín dụng,Nhận tại cửa hàng,Online,14,Hàng tháng,30.0,2663000.0,2727178.0,1001690.0,0,0,Khách hàng phổ thông / mới,0.47138195292963264
98,50,Nam,Vĩnh Phúc,Miền Bắc,Dây chuyền,Bạch kim,20,3.41,0,Quà tặng gia đình,6756000.0,34915000.0,3.4,Không,Không,Không,Chuyển khoản ngân hàng,Giao hàng nhanh,Online,21,Hàng tháng,34.0,28375000.0,26794512.0,6241292.0,1,3,Khách hàng trung thành,0.7749929773096702
99,48,Nam,Hà Nội,Miền Bắc,Vòng tay,Bạch kim,20,14.36,0,Cưới hỏi,23376000.0,29625000.0,3.1,Không,Có,Có,Chuyển khoản ngân hàng,Giao hàng nhanh,Online,18,Hàng quý,81.0,84154000.0,78027589.0,8665747.0,0,3,Khách hàng trung thành,0.3255574938491698
100,24,Nam,Hải Dương,Miền Bắc,Trang sức bộ,Bạc,5,23.17,0,Sinh nhật,1971000.0,9628000.0,2.8,Không,Không,Có,Chuyển khoản ngân hàng,Nhận tại cửa hàng,Online,11,Nửa năm một lần,172.0,4336000.0,3946194.0,329263.0,1,0,Khách hàng phổ thông / mới,0.5968091913552012
101,57,Nữ,Quảng Ninh,Miền Bắc,Dây chuyền,Bạc,5,3.03,0,Quà tặng người yêu,467000.0,22578000.0,2.9,Có,Không,Có,Chuyển khoản ngân hàng,Giao hàng nhanh,Tại cửa hàng,11,Hàng quý,95.0,1027000.0,1138532.0,109902.0,0,0,Khách hàng phổ thông / mới,0.1852116495575878
102,27,Nam,Khánh Hòa,Miền Trung,Vòng tay,Bạc,5,16.47,0,Tự mua sắm,750000.0,29183000.0,4.6,Có,Không,Không,Chuyển khoản ngân hàng,Nhận tại cửa hàng,Tại cửa hàng,8,Hàng quý,91.0,1200000.0,1471080.0,228532.0,0,0,Khách hàng phổ thông / mới,0.307451802544861
103,56,Nữ,Hải Phòng,Miền Bắc,Vòng tay,Bạc,5,11.36,0,Sinh nhật,718000.0,24082000.0,3.7,Không,Có,Không,Tiền mặt,Nhận tại cửa hàng,Online,9,Hàng tuần,7.0,1292000.0,1242129.0,2021123.0,0,0,Khách hàng phổ thông / mới,0.3246722818457026
104,18,Nam,Quảng Ngãi,Miền Trung,Bông tai,Bạc,5,3.74,0,Sinh nhật,300000.0,16491000.0,4.5,Không,Có,Không,Ví điện tử (Momo/ZaloPay),Giao hàng nhanh,Online,15,Hàng quý,89.0,900000.0,906300.0,86520.0,0,0,Khách hàng phổ thông / mới,0.3130332820395515
105,56,Nữ,Bà Rịa - Vũng Tàu,Miền Nam,Bông tai,Vàng 18K,18,4.35,0,Lễ/Tết,6121000.0,23821000.0,3.1,Có,Có,Không,Tiền mặt,Nhận tại cửa hàng,Online,6,Hàng năm,400.0,7345000.0,8244028.0,445747.0,1,2,Khách hàng có nguy cơ rời bỏ,0.5126983664182649
106,55,Nữ,Thanh Hóa,Miền Trung,Bông tai,Bạch kim,20,1.26,0,Tự mua sắm,2811000.0,24434000.0,3.3,Không,Không,Không,Thẻ tín dụng,Giao hàng tiêu chuẩn,Tại cửa hàng,27,Nửa năm một lần,161.0,15179000.0,14247009.0,561884.0,1,3,Khách hàng trung thành,0.7350447937170941
107,55,Nữ,Quảng Ninh,Miền Bắc,Nhẫn,Vàng 18K,18,2.62,0,Sinh nhật,4034000.0,10959000.0,3.5,Không,Có,Có,Chuyển khoản ngân hàng,Nhận tại cửa hàng,Tại cửa hàng,18,Nửa năm một lần,207.0,14522000.0,13795900.0,783130.0,0,3,Khách hàng trung thành,0.27688642162348404
108,49,Nam,Huế,Miền Trung,Dây chuyền,Vàng 24K,24,8.56,0,Sinh nhật,18718000.0,16972000.0,3.6,Có,Không,Có,Ví điện tử (Momo/ZaloPay),Nhận tại cửa hàng,Online,19,Hàng tháng,27.0,71128000.0,82287983.0,21451327.0,0,3,Khách hàng trung thành,0.14319003118277712
109,40,Nữ,Đồng Nai,Miền Nam,Lắc chân,Vàng 18K,18,4.55,0,Quà tặng gia đình,7243000.0,24972000.0,2.7,Không,Không,Không,Chuyển khoản ngân hàng,Giao hàng tiêu chuẩn,Online,18,Hàng quý,82.0,26075000.0,23582230.0,2772724.0,1,3,Khách hàng trung thành,0.7571911330703015
110,51,Nữ,Gia Lai,Miền Trung,Dây chuyền,Vàng 18K,18,4.4,0,Quà tặng gia đình,6444000.0,27181000.0,2.6,Không,Có,Có,Tiền mặt,Giao hàng tiêu chuẩn,Online,27,Hàng năm,336.0,34798000.0,31272963.0,567647.0,0,2,Khách hàng có nguy cơ rời bỏ,0.36293205450343813
111,31,Nam,Hải Phòng,Miền Bắc,Trang sức bộ,Bạc,5,18.12,0,Tự mua sắm,1883000.0,21564000.0,5.0,Không,Có,Không,Thẻ tín dụng,Giao hàng tiêu chuẩn,Tại cửa hàng,25,Hàng năm,391.0,9415000.0,9749232.0,94577.0,0,2,Khách hàng có nguy cơ rời bỏ,0.34301384942529883
112,55,Nam,Bình Định,Miền Trung,Dây chuyền,Vàng 18K,18,8.12,0,Tự mua sắm,12206000.0,18445000.0,4.2,Không,Có,Có,Tiền mặt,Giao hàng tiêu chuẩn,Tại cửa hàng,15,Nửa năm một lần,187.0,36618000.0,36248158.0,1948836.0,0,3,Khách hàng trung thành,0.2217281655659211
113,44,Nữ,Đà Nẵng,Miền Trung,Vòng tay,Bạc,5,17.75,0,Lễ/Tết,1247000.0,19296000.0,2.6,Có,Không,Không,Chuyển khoản ngân hàng,Nhận tại cửa hàng,Online,11,Hàng quý,79.0,2743000.0,2984110.0,478678.0,0,0,Khách hàng phổ thông / mới,0.5250949981999938
114,40,Nữ,Lào Cai,Miền Bắc,Vòng tay,Bạc,5,13.92,0,Quà tặng gia đình,764000.0,15120000.0,4.4,Không,Không,Có,Chuyển khoản ngân hàng,Giao hàng tiêu chuẩn,Tại cửa hàng,29,Hai tuần một lần,16.0,4431000.0,4436760.0,2067647.0,0,3,Khách hàng trung thành,0.3272741973381917
115,42,Nam,Hải Phòng,Miền Bắc,Dây chuyền,Vàng 24K,24,14.15,0,Quà tặng người yêu,28698000.0,19792000.0,3.4,Không,Có,Có,Chuyển khoản ngân hàng,Giao hàng tiêu chuẩn,Online,18,Hai tuần một lần,16.0,103313000.0,97558466.0,51945623.0,0,1,Khách hàng VIP (giá trị cao nhất),0.2500802546108972
116,45,Nam,Tây Ninh,Miền Nam,Lắc chân,Vàng 18K,18,7.11,0,Quà tặng gia đình,9726000.0,26651000.0,4.5,Không,Có,Có,Ví điện tử (Momo/ZaloPay),Giao hàng nhanh,Online,24,Hàng tuần,7.0,46685000.0,47011795.0,30761739.0,0,3,Khách hàng trung thành,0.17879399102589083
117,19,Nữ,Quảng Ninh,Miền Bắc,Nhẫn,Bạc,5,4.57,0,Tự mua sắm,300000.0,36137000.0,4.9,Có,Không,Không,Chuyển khoản ngân hàng,Giao hàng nhanh,Tại cửa hàng,5,Hàng quý,77.0,300000.0,373980.0,116153.0,0,0,Khách hàng phổ thông / mới,0.2983598829990559
118,24,Nữ,Thái Nguyên,Miền Bắc,Vòng tay,Bạc,5,9.67,0,Tự mua sắm,770000.0,11010000.0,2.6,Không,Không,Có,Ví điện tử (Momo/ZaloPay),Giao hàng nhanh,Online,11,Hàng tuần,7.0,1694000.0,1522398.0,1824064.0,0,0,Khách hàng phổ thông / mới,0.6042333531291785
119,29,Nữ,Bắc Ninh,Miền Bắc,Vòng tay,Vàng 18K,18,6.22,0,Sinh nhật,8916000.0,28607000.0,4.9,Không,Có,Không,Ví điện tử (Momo/ZaloPay),Giao hàng nhanh,Online,8,Hàng quý,92.0,14266000.0,14691127.0,3505465.0,0,0,Khách hàng phổ thông / mới,0.2633747390435017
120,23,Nữ,Đắk Lắk,Miền Trung,Lắc chân,Vàng 18K,18,4.55,0,Cưới hỏi,7266000.0,22060000.0,2.9,Không,Không,Không,Thẻ tín dụng,Nhận tại cửa hàng,Online,14,Nửa năm một lần,165.0,20345000.0,18631951.0,1499898.0,1,0,Khách hàng phổ thông / mới,0.7167954039190751
121,39,Nữ,Đà Nẵng,Miền Trung,Vòng tay,Vàng 18K,18,6.02,0,Lễ/Tết,8297000.0,9131000.0,3.2,Không,Có,Có,Thẻ tín dụng,Giao hàng nhanh,Online,16,Nửa năm một lần,157.0,26550000.0,24768495.0,1811154.0,0,3,Khách hàng trung thành,0.33463781025652595
122,50,Nữ,Hải Dương,Miền Bắc,Trang sức bộ,Vàng 24K,24,27.59,0,Tự mua sắm,56722000.0,20316000.0,4.1,Không,Có,Không,Tiền mặt,Giao hàng nhanh,Online,30,Hàng quý,90.0,340332000.0,334954754.0,15812397.0,0,1,Khách hàng VIP (giá trị cao nhất),0.41397788952086273
123,49,Nữ,Đà Nẵng,Miền Trung,Lắc chân,Vàng 24K,24,6.14,0,Quà tặng người yêu,11799000.0,19666000.0,4.3,Không,Có,Không,Thẻ tín dụng,Giao hàng tiêu chuẩn,Tại cửa hàng,4,Hàng tháng,33.0,9439000.0,9397468.0,13434802.0,0,0,Khách hàng phổ thông / mới,0.31518068469045846
124,40,Nữ,TP. Hồ Chí Minh,Miền Nam,Dây chuyền,Vàng đính đá quý,18,3.38,1,Tự mua sắm,7608000.0,20389000.0,2.9,Không,Không,Không,Chuyển khoản ngân hàng,Nhận tại cửa hàng,Tại cửa hàng,29,Hàng quý,83.0,44126000.0,40410591.0,2055994.0,1,3,Khách hàng trung thành,0.7905276540127342
125,59,Nam,Hưng Yên,Miền Bắc,Lắc chân,Vàng 24K,24,9.77,0,Quà tặng người yêu,21172000.0,28874000.0,2.8,Có,Không,Không,Chuyển khoản ngân hàng,Giao hàng tiêu chuẩn,Online,25,Hàng năm,351.0,105860000.0,116625962.0,2000726.0,1,1,Khách hàng VIP (giá trị cao nhất),0.48090956526718986
126,45,Nam,An Giang,Miền Nam,Trang sức bộ,Vàng 24K,24,16.37,0,Sinh nhật,36788000.0,34524000.0,3.2,Không,Không,Không,Ví điện tử (Momo/ZaloPay),Giao hàng nhanh,Tại cửa hàng,13,Hàng quý,101.0,95649000.0,89230952.0,15235499.0,0,3,Khách hàng trung thành,0.6065311805368924
127,21,Nữ,Vĩnh Phúc,Miền Bắc,Dây chuyền,Vàng đính đá quý,18,13.72,1,Tự mua sắm,26676000.0,28326000.0,3.3,Không,Có,Không,Chuyển khoản ngân hàng,Nhận tại cửa hàng,Online,9,Hàng năm,377.0,48017000.0,45068756.0,1744278.0,1,2,Khách hàng có nguy cơ rời bỏ,0.6369841649219481
128,54,Nữ,Thái Nguyên,Miền Bắc,Vòng tay,Bạc,5,17.35,0,Tự mua sắm,1008000.0,22730000.0,3.3,Có,Có,Có,Ví điện tử (Momo/ZaloPay),Giao hàng nhanh,Online,26,Hàng quý,92.0,5242000.0,5955960.0,295191.0,0,3,Khách hàng trung thành,0.1549575974138664
129,45,Nam,Kiên Giang,Miền Nam,Dây chuyền,Vàng 18K,18,6.65,0,Quà tặng người yêu,10260000.0,22967000.0,2.9,Không,Có,Không,Chuyển khoản ngân hàng,Giao hàng nhanh,Online,5,Nửa năm một lần,173.0,10260000.0,9396108.0,1811105.0,1,0,Khách hàng phổ thông / mới,0.5898753785523912
130,48,Nữ,Cần Thơ,Miền Nam,Bông tai,Bạc,5,2.18,0,Quà tặng người yêu,300000.0,35433000.0,4.9,Có,Có,Không,Ví điện tử (Momo/ZaloPay),Giao hàng tiêu chuẩn,Online,28,Hàng quý,102.0,1680000.0,2094288.0,80239.0,0,3,Khách hàng trung thành,0.18637470929731736
131,45,Nữ,Lào Cai,Miền Bắc,Nhẫn,Vàng đính đá quý,18,7.96,1,Cưới hỏi,15757000.0,13289000.0,4.5,Không,Không,Không,Ví điện tử (Momo/ZaloPay),Nhận tại cửa hàng,Online,29,Nửa năm một lần,193.0,91391000.0,92030737.0,1765635.0,0,1,Khách hàng VIP (giá trị cao nhất),0.5385139103455528
132,44,Nữ,Long An,Miền Nam,Bông tai,Vàng 24K,24,5.1,0,Tự mua sắm,11128000.0,29335000.0,5.0,Có,Không,Không,Thẻ tín dụng,Giao hàng tiêu chuẩn,Tại cửa hàng,8,Hàng năm,321.0,17805000.0,22318568.0,1052835.0,0,2,Khách hàng có nguy cơ rời bỏ,0.26484231143495385
133,22,Nữ,Khánh Hòa,Miền Trung,Dây chuyền,Vàng 18K,18,14.12,1,Quà tặng gia đình,23862000.0,11289000.0,2.8,Không,Có,Không,Ví điện tử (Momo/ZaloPay),Nhận tại cửa hàng,Online,17,Hàng quý,78.0,81131000.0,73837323.0,7422783.0,0,3,Khách hàng trung thành,0.575274203834906
134,44,Nữ,Thanh Hóa,Miền Trung,Vòng tay,Vàng đính đá quý,18,5.26,1,Tự mua sắm,9508000.0,9962000.0,2.7,Không,Có,Không,Ví điện tử (Momo/ZaloPay),Giao hàng nhanh,Online,16,Nửa năm một lần,188.0,30426000.0,27517274.0,1646573.0,1,3,Khách hàng trung thành,0.6407390091253994
135,56,Nữ,Long An,Miền Nam,Nhẫn,Bạch kim,20,5.39,0,Tự mua sắm,9240000.0,25778000.0,3.8,Không,Có,Có,Thẻ tín dụng,Giao hàng nhanh,Online,24,Hàng năm,340.0,44352000.0,42892819.0,680366.0,0,2,Khách hàng có nguy cơ rời bỏ,0.23872333460791254
136,32,Nam,Bình Dương,Miền Nam,Bông tai,Vàng đính đá quý,18,2.33,1,Cưới hỏi,9727000.0,8317000.0,4.0,Không,Không,Không,Tiền mặt,Nhận tại cửa hàng,Tại cửa hàng,23,Nửa năm một lần,161.0,44744000.0,43782004.0,2318146.0,0,3,Khách hàng trung thành,0.5895893650929445
137,46,Nữ,Vĩnh Phúc,Miền Bắc,Vòng tay,Vàng 18K,18,10.62,0,Quà tặng người yêu,16831000.0,18010000.0,4.1,Có,Không,Không,Tiền mặt,Nhận tại cửa hàng,Tại cửa hàng,30,Hàng tuần,7.0,100986000.0,120314720.0,43374214.0,0,1,Khách hàng VIP (giá trị cao nhất),0.2794287048310412
138,19,Nữ,Gia Lai,Miền Trung,Bông tai,Vàng đính đá quý,18,1.46,1,Lễ/Tết,5811000.0,28760000.0,2.7,Có,Không,Có,Ví điện tử (Momo/ZaloPay),Giao hàng tiêu chuẩn,Tại cửa hàng,3,Hàng tuần,8.0,3487000.0,3817568.0,16422390.0,0,0,Khách hàng phổ thông / mới,0.27675426209387094
139,34,Nam,Thanh Hóa,Miền Trung,Dây chuyền,Vàng 18K,18,11.98,0,Sinh nhật,16831000.0,13643000.0,4.6,Có,Có,Không,Thẻ tín dụng,Giao hàng nhanh,Online,25,Hàng năm,359.0,84155000.0,103165614.0,1612447.0,0,1,Khách hàng VIP (giá trị cao nhất),0.2001936621364622
140,38,Nam,Hà Nội,Miền Bắc,Nhẫn,Bạc,5,4.92,0,Quà tặng người yêu,300000.0,32857000.0,3.7,Không,Có,Có,Chuyển khoản ngân hàng,Giao hàng nhanh,Online,25,Nửa năm một lần,171.0,1500000.0,1442100.0,40971.0,0,3,Khách hàng trung thành,0.26719685642858265
141,65,Nam,Kiên Giang,Miền Nam,Dây chuyền,Vàng đính đá quý,18,12.5,1,Sinh nhật,23642000.0,6097000.0,3.4,Không,Có,Có,Thẻ tín dụng,Giao hàng tiêu chuẩn,Online,23,Hàng năm,325.0,108753000.0,102695458.0,2271689.0,0,1,Khách hàng VIP (giá trị cao nhất),0.2754391398417861
142,28,Nữ,Bình Định,Miền Trung,Trang sức bộ,Vàng 24K,24,12.91,0,Tự mua sắm,26356000.0,26990000.0,3.8,Có,Có,Không,Thẻ tín dụng,Giao hàng nhanh,Online,7,Hàng tháng,32.0,36898000.0,43196489.0,30522365.0,0,0,Khách hàng phổ thông / mới,0.13007732917682208
143,31,Nữ,Gia Lai,Miền Trung,Nhẫn,Vàng 24K,24,7.98,0,Cưới hỏi,17598000.0,10171000.0,2.6,Không,Không,Có,Thẻ tín dụng,Giao hàng tiêu chuẩn,Tại cửa hàng,23,Nửa năm một lần,155.0,80951000.0,72750664.0,2420530.0,1,3,Khách hàng trung thành,0.6394001642315787
144,37,Nam,Gia Lai,Miền Trung,Bông tai,Bạc,5,2.74,1,Quà tặng người yêu,3709000.0,18860000.0,3.0,Không,Có,Không,Chuyển khoản ngân hàng,Giao hàng nhanh,Tại cửa hàng,15,Hàng năm,385.0,11127000.0,10253530.0,298618.0,1,2,Khách hàng có nguy cơ rời bỏ,0.6180022989494642
145,65,Nữ,Bình Định,Miền Trung,Nhẫn,Vàng đính đá quý,18,7.68,1,Tự mua sắm,14548000.0,23410000.0,5.0,Không,Có,Có,Tiền mặt,Giao hàng tiêu chuẩn,Online,9,Hàng năm,415.0,26186000.0,27115603.0,1100858.0,0,2,Khách hàng có nguy cơ rời bỏ,0.1834873423245517
146,58,Nữ,Vĩnh Phúc,Miền Bắc,Bông tai,Vàng 24K,24,4.38,0,Quà tặng người yêu,9105000.0,19504000.0,3.9,Không,Có,Không,Ví điện tử (Momo/ZaloPay),Giao hàng tiêu chuẩn,Tại cửa hàng,12,Nửa năm một lần,176.0,21852000.0,21257626.0,1770397.0,0,0,Khách hàng phổ thông / mới,0.33700760831608784
147,19,Nam,Kiên Giang,Miền Nam,Nhẫn,Vàng đính đá quý,18,2.21,1,Sinh nhật,8691000.0,17339000.0,2.7,Không,Có,Không,Thẻ tín dụng,Nhận tại cửa hàng,Online,13,Hàng tháng,32.0,22597000.0,20436727.0,6333693.0,0,0,Khách hàng phổ thông / mới,0.45125079787073397
148,29,Nữ,Quảng Ngãi,Miền Trung,Dây chuyền,Vàng 18K,18,12.38,0,Lễ/Tết,19797000.0,9584000.0,3.2,Không,Không,Không,Tiền mặt,Giao hàng tiêu chuẩn,Tại cửa hàng,23,Nửa năm một lần,158.0,91066000.0,84955471.0,2865495.0,1,3,Khách hàng trung thành,0.7525264580886951
149,57,Nam,TP. Hồ Chí Minh,Miền Nam,Dây chuyền,Vàng 18K,18,9.73,0,Quà tặng gia đình,15613000.0,31325000.0,3.0,Không,Không,Có,Tiền mặt,Giao hàng tiêu chuẩn,Tại cửa hàng,7,Nửa năm một lần,173.0,21858000.0,20142147.0,2961821.0,1,0,Khách hàng phổ thông / mới,0.6332015771718378
150,20,Nữ,Đà Nẵng,Miền Trung,Nhẫn,Vàng 18K,18,2.73,0,Cưới hỏi,5076000.0,10591000.0,4.8,Không,Không,Không,Tiền mặt,Giao hàng tiêu chuẩn,Online,7,Hàng quý,89.0,7106000.0,7277255.0,1802477.0,0,0,Khách hàng phổ thông / mới,0.4628503879919818
151,59,Nữ,Hưng Yên,Miền Bắc,Dây chuyền,Vàng đính đá quý,18,5.25,1,Quà tặng người yêu,13274000.0,12925000.0,4.5,Không,Có,Không,Thẻ tín dụng,Giao hàng tiêu chuẩn,Online,12,Hàng tháng,31.0,31858000.0,32081006.0,13425007.0,0,0,Khách hàng phổ thông / mới,0.34851848323618106
152,31,Nam,Hà Nội,Miền Bắc,Dây chuyền,Vàng 24K,24,14.44,0,Sinh nhật,31430000.0,19179000.0,3.9,Không,Không,Không,Chuyển khoản ngân hàng,Nhận tại cửa hàng,Online,14,Hàng năm,343.0,88004000.0,85610291.0,2920408.0,0,2,Khách hàng có nguy cơ rời bỏ,0.5206012848509909
153,62,Nữ,Thanh Hóa,Miền Trung,Vòng tay,Bạc,5,19.98,0,Cưới hỏi,1394000.0,16842000.0,4.9,Không,Không,Không,Ví điện tử (Momo/ZaloPay),Nhận tại cửa hàng,Online,29,Hàng tháng,31.0,8085000.0,8325933.0,1183905.0,0,3,Khách hàng trung thành,0.46562210329698484
154,32,Nữ,Quảng Ninh,Miền Bắc,Trang sức bộ,Vàng 24K,24,24.4,0,Lễ/Tết,53788000.0,25790000.0,3.4,Có,Không,Không,Ví điện tử (Momo/ZaloPay),Nhận tại cửa hàng,Online,8,Hàng quý,96.0,86061000.0,98376329.0,17511451.0,0,3,Khách hàng trung thành,0.4030692530090549
155,38,Nữ,TP. Hồ Chí Minh,Miền Nam,Vòng tay,Vàng đính đá quý,18,7.81,1,Tự mua sắm,14299000.0,16545000.0,4.7,Không,Có,Không,Thẻ tín dụng,Nhận tại cửa hàng,Tại cửa hàng,28,Nửa năm một lần,163.0,80074000.0,81547362.0,2770549.0,0,3,Khách hàng trung thành,0.43422466759635353
156,49,Nữ,Bà Rịa - Vũng Tàu,Miền Nam,Trang sức bộ,Bạch kim,20,18.51,0,Sinh nhật,30695000.0,20932000.0,3.7,Không,Có,Có,Chuyển khoản ngân hàng,Giao hàng tiêu chuẩn,Online,2,Hàng năm,403.0,12278000.0,11804069.0,1991176.0,1,2,Khách hàng có nguy cơ rời bỏ,0.43184271871363333
157,24,Nữ,Vĩnh Phúc,Miền Bắc,Vòng tay,Vàng 18K,18,8.18,0,Tự mua sắm,11468000.0,20241000.0,4.6,Không,Có,Có,Thẻ tín dụng,Giao hàng nhanh,Tại cửa hàng,16,Nửa năm một lần,192.0,36698000.0,37164065.0,2393657.0,0,3,Khách hàng trung thành,0.2117906253416478
158,44,Nam,Lào Cai,Miền Bắc,Nhẫn,Vàng 18K,18,5.45,1,Cưới hỏi,10229000.0,27457000.0,4.8,Có,Có,Không,Tiền mặt,Giao hàng tiêu chuẩn,Online,26,Hàng tháng,34.0,53191000.0,65940883.0,9795380.0,0,3,Khách hàng trung thành,0.1451195129756185
159,42,Nữ,TP. Hồ Chí Minh,Miền Nam,Nhẫn,Vàng 18K,18,4.1,1,Sinh nhật,9000000.0,16826000.0,3.7,Không,Không,Không,Chuyển khoản ngân hàng,Giao hàng tiêu chuẩn,Online,10,Hai tuần một lần,15.0,18000000.0,17305200.0,14140177.0,0,0,Khách hàng phổ thông / mới,0.5767967176201472
160,55,Nữ,Bắc Ninh,Miền Bắc,Dây chuyền,Vàng 18K,18,7.54,0,Quà tặng gia đình,12228000.0,9597000.0,2.9,Không,Không,Có,Chuyển khoản ngân hàng,Giao hàng nhanh,Online,7,Hàng tháng,32.0,17119000.0,15677580.0,12818532.0,0,0,Khách hàng phổ thông / mới,0.5458260865124972
161,65,Nữ,Tiền Giang,Miền Nam,Dây chuyền,Bạch kim,20,12.62,0,Quà tặng người yêu,20225000.0,16233000.0,3.0,Có,Có,Không,Ví điện tử (Momo/ZaloPay),Nhận tại cửa hàng,Online,19,Hàng tháng,26.0,76855000.0,85731752.0,19242313.0,0,3,Khách hàng trung thành,0.24666324063596742
162,49,Nữ,Thanh Hóa,Miền Trung,Lắc chân,Bạc,5,11.67,0,Cưới hỏi,300000.0,28901000.0,3.2,Có,Không,Có,Tiền mặt,Giao hàng tiêu chuẩn,Online,7,Hàng năm,357.0,420000.0,474306.0,28782.0,0,2,Khách hàng có nguy cơ rời bỏ,0.24472384281559825
163,37,Nữ,Hải Phòng,Miền Bắc,Bông tai,Vàng 18K,18,1.99,0,Lễ/Tết,19391723.526264235,22656000.0,3.1,Có,Có,Không,Chuyển khoản ngân hàng,Giao hàng tiêu chuẩn,Online,1,Hàng quý,85.0,3878000.0,4352667.0,8271464.0,0,0,Khách hàng phổ thông / mới,0.3162338164726074
164,37,Nam,Quảng Ninh,Miền Bắc,Vòng tay,Bạc,5,11.22,0,Sinh nhật,1053000.0,17627000.0,3.5,Không,Có,Không,Thẻ tín dụng,Nhận tại cửa hàng,Tại cửa hàng,2,Hai tuần một lần,15.0,421000.0,399950.0,1794896.0,0,0,Khách hàng phổ thông / mới,0.29992043755799785
165,38,Nữ,Tiền Giang,Miền Nam,Vòng tay,Vàng 18K,18,13.05,0,Cưới hỏi,20905000.0,20708000.0,3.8,Có,Không,Không,Thẻ tín dụng,Giao hàng tiêu chuẩn,Tại cửa hàng,15,Hàng năm,382.0,62715000.0,73420450.0,1926447.0,1,2,Khách hàng có nguy cơ rời bỏ,0.44114605208802016
166,57,Nam,Hải Dương,Miền Bắc,Dây chuyền,Vàng 24K,24,5.95,0,Quà tặng người yêu,11992000.0,19561000.0,2.7,Có,Có,Không,Tiền mặt,Giao hàng nhanh,Online,16,Hàng tuần,7.0,38374000.0,42011855.0,38649037.0,0,3,Khách hàng trung thành,0.31635333856234443
167,33,Nữ,TP. Hồ Chí Minh,Miền Nam,Vòng tay,Vàng 24K,24,11.03,0,Sinh nhật,23979000.0,25494000.0,4.8,Không,Không,Không,Tiền mặt,Giao hàng tiêu chuẩn,Online,1,Hàng tuần,7.0,4796000.0,4911584.0,82581578.0,0,0,Khách hàng phổ thông / mới,0.41914756999748043
168,26,Nữ,Quảng Ninh,Miền Bắc,Nhẫn,Vàng 18K,18,1.86,0,Sinh nhật,3448000.0,21922000.0,2.5,Không,Không,Có,Thẻ tín dụng,Nhận tại cửa hàng,Tại cửa hàng,9,Hàng quý,79.0,6206000.0,5541958.0,1756415.0,0,0,Khách hàng phổ thông / mới,0.5021369756072878
169,34,Nữ,Thái Nguyên,Miền Bắc,Nhẫn,Bạc,5,1.77,0,Sinh nhật,300000.0,18088000.0,2.8,Không,Có,Không,Tiền mặt,Giao hàng nhanh,Tại cửa hàng,23,Hai tuần một lần,13.0,1380000.0,1255938.0,661729.0,0,3,Khách hàng trung thành,0.6048558944207989
170,19,Nữ,Bà Rịa - Vũng Tàu,Miền Nam,Dây chuyền,Vàng 24K,24,12.44,0,Cưới hỏi,24971000.0,25564000.0,2.5,Không,Có,Không,Thẻ tín dụng,Giao hàng tiêu chuẩn,Tại cửa hàng,17,Hàng tháng,31.0,84901000.0,75816593.0,20886892.0,0,3,Khách hàng trung thành,0.40403954363199407
171,23,Nữ,Bắc Ninh,Miền Bắc,Nhẫn,Bạc,5,3.7,0,Cưới hỏi,300000.0,27618000.0,5.0,Không,Có,Không,Chuyển khoản ngân hàng,Giao hàng tiêu chuẩn,Tại cửa hàng,19,Hàng năm,342.0,1140000.0,1180470.0,22102.0,1,2,Khách hàng có nguy cơ rời bỏ,0.4785961930278777
172,22,Nữ,Hà Nội,Miền Bắc,Bông tai,Vàng 18K,18,4.54,0,Tự mua sắm,7747000.0,12885000.0,3.5,Có,Không,Có,Tiền mặt,Nhận tại cửa hàng,Online,22,Hàng năm,323.0,34087000.0,39200050.0,613875.0,0,2,Khách hàng có nguy cơ rời bỏ,0.22611077579123853
173,55,Nữ,Quảng Nam,Miền Trung,Nhẫn,Bạc,5,2.04,0,Lễ/Tết,501000.0,14993000.0,3.0,Không,Có,Có,Ví điện tử (Momo/ZaloPay),Nhận tại cửa hàng,Tại cửa hàng,28,Nửa năm một lần,156.0,2806000.0,2585729.0,95009.0,0,3,Khách hàng trung thành,0.3183469959135966
174,52,Nữ,Bà Rịa - Vũng Tàu,Miền Nam,Nhẫn,Vàng 24K,24,5.86,0,Tự mua sắm,12488000.0,37927000.0,2.8,Có,Không,Không,Thẻ tín dụng,Nhận tại cửa hàng,Tại cửa hàng,2,Nửa năm một lần,204.0,4995000.0,5502992.0,1949243.0,0,0,Khách hàng phổ thông / mới,0.45158336742707916
175,51,Nam,Lào Cai,Miền Bắc,Trang sức bộ,Vàng 18K,18,26.33,0,Tự mua sắm,37686000.0,25443000.0,3.4,Có,Có,Không,Ví điện tử (Momo/ZaloPay),Giao hàng tiêu chuẩn,Tại cửa hàng,15,Hai tuần một lần,13.0,113058000.0,129236600.0,91299061.0,0,1,Khách hàng VIP (giá trị cao nhất),0.1899259152207896
176,40,Nam,Bắc Ninh,Miền Bắc,Trang sức bộ,Vàng 24K,24,30.54,1,Lễ/Tết,69593000.0,32085000.0,4.9,Không,Không,Không,Chuyển khoản ngân hàng,Nhận tại cửa hàng,Tại cửa hàng,7,Hàng năm,412.0,97430000.0,100333414.0,5821959.0,1,2,Khách hàng có nguy cơ rời bỏ,0.4470905945252083
177,52,Nữ,Tây Ninh,Miền Nam,Vòng tay,Vàng 18K,18,8.07,0,Quà tặng người yêu,11050000.0,27367000.0,3.9,Có,Có,Không,Ví điện tử (Momo/ZaloPay),Giao hàng nhanh,Online,21,Hàng quý,77.0,46410000.0,54652416.0,4315270.0,0,3,Khách hàng trung thành,0.1594168101621166
178,25,Nữ,TP. Hồ Chí Minh,Miền Nam,Vòng tay,Vàng 24K,24,13.27,0,Cưới hỏi,28970000.0,22716000.0,3.4,Có,Không,Có,Thẻ tín dụng,Nhận tại cửa hàng,Online,12,Hai tuần một lần,14.0,69528000.0,79477457.0,78320569.0,0,3,Khách hàng trung thành,0.24211053234932067
179,61,Nữ,Long An,Miền Nam,Bông tai,Vàng 18K,18,5.51,0,Quà tặng người yêu,8961000.0,6703000.0,3.4,Không,Không,Có,Tiền mặt,Giao hàng nhanh,Online,5,Hàng tháng,30.0,8961000.0,8461872.0,8534114.0,0,0,Khách hàng phổ thông / mới,0.34581223111510817
180,42,Nam,Bình Dương,Miền Nam,Nhẫn,Bạch kim,20,2.93,0,Cưới hỏi,4874000.0,11972000.0,2.8,Không,Có,Có,Tiền mặt,Giao hàng nhanh,Tại cửa hàng,27,Hàng quý,87.0,26320000.0,23953832.0,2503606.0,0,3,Khách hàng trung thành,0.377719952488229
181,63,Nữ,TP. Hồ Chí Minh,Miền Nam,Dây chuyền,Vàng 24K,24,4.5,0,Quà tặng gia đình,9831000.0,26332000.0,3.8,Có,Có,Có,Tiền mặt,Giao hàng nhanh,Online,16,Hàng tuần,6.0,31459000.0,36829051.0,32814505.0,0,3,Khách hàng trung thành,0.08393648655046769
182,25,Nữ,Nghệ An,Miền Trung,Nhẫn,Bạc,5,3.74,1,Cưới hỏi,5194000.0,13165000.0,3.6,Không,Không,Không,Chuyển khoản ngân hàng,Giao hàng tiêu chuẩn,Online,4,Hàng tháng,33.0,4155000.0,3970934.0,3993297.0,0,0,Khách hàng phổ thông / mới,0.5431097956458447
183,41,Nữ,Lào Cai,Miền Bắc,Dây chuyền,Bạc,5,14.58,0,Lễ/Tết,1137000.0,19422000.0,4.3,Không,Không,Có,Chuyển khoản ngân hàng,Nhận tại cửa hàng,Online,7,Hàng quý,101.0,1592000.0,1584995.0,272623.0,0,0,Khách hàng phổ thông / mới,0.34666021982289275
184,51,Nam,TP. Hồ Chí Minh,Miền Nam,Trang sức bộ,Bạc,5,13.93,0,Quà tặng người yêu,1531000.0,27432000.0,3.0,Không,Không,Có,Ví điện tử (Momo/ZaloPay),Giao hàng nhanh,Tại cửa hàng,23,Hàng quý,97.0,7043000.0,6490124.0,514627.0,0,3,Khách hàng trung thành,0.44758555582480275
185,41,Nữ,TP. Hồ Chí Minh,Miền Nam,Bông tai,Bạc,5,1.6,0,Sinh nhật,300000.0,21409000.0,2.8,Có,Có,Không,Ví điện tử (Momo/ZaloPay),Giao hàng tiêu chuẩn,Tại cửa hàng,15,Hàng tuần,6.0,900000.0,991530.0,863799.0,0,0,Khách hàng phổ thông / mới,0.21176032325522476
186,39,Nữ,Kiên Giang,Miền Nam,Trang sức bộ,Vàng 18K,18,34.94,0,Cưới hỏi,55068000.0,23131000.0,4.0,Không,Không,Không,Ví điện tử (Momo/ZaloPay),Nhận tại cửa hàng,Online,29,Nửa năm một lần,168.0,319394000.0,312527029.0,11097383.0,0,1,Khách hàng VIP (giá trị cao nhất),0.4331719671509749
187,25,Nam,Đắk Lắk,Miền Trung,Bông tai,Bạc,5,2.97,0,Quà tặng người yêu,300000.0,29216000.0,4.4,Không,Có,Có,Thẻ tín dụng,Giao hàng tiêu chuẩn,Tại cửa hàng,2,Hàng tháng,28.0,120000.0,120156.0,348809.0,0,0,Khách hàng phổ thông / mới,0.21762120040907618
188,36,Nữ,Vĩnh Phúc,Miền Bắc,Vòng tay,Bạch kim,20,7.24,0,Cưới hỏi,13797000.0,30569000.0,3.7,Không,Không,Có,Thẻ tín dụng,Nhận tại cửa hàng,Online,3,Nửa năm một lần,206.0,8278000.0,7958469.0,1982932.0,0,0,Khách hàng phổ thông / mới,0.3688031661577847
189,29,Nữ,Quảng Nam,Miền Trung,Bông tai,Bạch kim,20,3.79,0,Tự mua sắm,7578000.0,19346000.0,4.5,Có,Không,Không,Ví điện tử (Momo/ZaloPay),Giao hàng tiêu chuẩn,Online,21,Hàng tháng,33.0,31828000.0,38798332.0,5839036.0,0,3,Khách hàng trung thành,0.2948808425834271
190,32,Nam,Gia Lai,Miền Trung,Bông tai,Vàng 18K,18,1.07,0,Sinh nhật,1889000.0,28838000.0,4.6,Không,Không,Không,Chuyển khoản ngân hàng,Giao hàng nhanh,Online,10,Hàng quý,88.0,3778000.0,3825981.0,468382.0,0,0,Khách hàng phổ thông / mới,0.5315101825157446
191,50,Nam,Huế,Miền Trung,Vòng tay,Bạc,5,11.38,0,Lễ/Tết,379000.0,14274000.0,4.8,Có,Không,Không,Thẻ tín dụng,Giao hàng nhanh,Tại cửa hàng,27,Nửa năm một lần,182.0,2047000.0,2537666.0,57451.0,0,3,Khách hàng trung thành,0.2518368654640626
192,48,Nữ,Đồng Nai,Miền Nam,Dây chuyền,Vàng 24K,24,3.43,0,Quà tặng gia đình,7362000.0,22468000.0,3.4,Không,Có,Có,Ví điện tử (Momo/ZaloPay),Nhận tại cửa hàng,Tại cửa hàng,24,Nửa năm một lần,198.0,35338000.0,33369673.0,1287404.0,1,3,Khách hàng trung thành,0.34154633118536615
193,47,Nữ,Đắk Lắk,Miền Trung,Vòng tay,Vàng 18K,18,12.235,0,Sinh nhật,20963000.0,24782000.0,4.8,Không,Không,Không,Tiền mặt,Giao hàng tiêu chuẩn,Tại cửa hàng,1,Hàng tuần,6.0,4193000.0,4294051.0,65312545.0,0,0,Khách hàng phổ thông / mới,0.39326875174541304
194,35,Nam,Hà Nội,Miền Bắc,Dây chuyền,Vàng 24K,24,10.5,1,Quà tặng gia đình,22566000.0,19362000.0,4.3,Có,Có,Không,Chuyển khoản ngân hàng,Giao hàng tiêu chuẩn,Online,29,Hàng quý,87.0,130883000.0,157740192.0,6036537.0,0,1,Khách hàng VIP (giá trị cao nhất),0.1289243330264981
195,64,Nữ,Đắk Lắk,Miền Trung,Vòng tay,Vàng 24K,24,5.05,1,Quà tặng người yêu,12640000.0,20286000.0,4.1,Có,Có,Không,Ví điện tử (Momo/ZaloPay),Giao hàng tiêu chuẩn,Online,29,Hàng năm,316.0,73312000.0,87343917.0,1237407.0,0,3,Khách hàng trung thành,0.10964727243508837
196,22,Nữ,Quảng Ngãi,Miền Trung,Nhẫn,Bạc,5,4.83,0,Cưới hỏi,673000.0,11484000.0,3.9,Không,Không,Không,Chuyển khoản ngân hàng,Giao hàng tiêu chuẩn,Tại cửa hàng,8,Hàng tháng,34.0,1077000.0,1047706.0,635009.0,0,0,Khách hàng phổ thông / mới,0.541148562378515
197,34,Nữ,An Giang,Miền Nam,Vòng tay,Vàng đính đá quý,18,19.17,1,Sinh nhật,35418000.0,19791000.0,2.5,Không,Không,Không,Chuyển khoản ngân hàng,Giao hàng nhanh,Tại cửa hàng,19,Hàng quý,88.0,134588000.0,120187084.0,10153363.0,1,1,Khách hàng VIP (giá trị cao nhất),0.7691064430855297
198,23,Nữ,Huế,Miền Trung,Dây chuyền,Vàng 24K,24,7.78,0,Tự mua sắm,17052000.0,8121000.0,3.9,Không,Không,Có,Tiền mặt,Giao hàng nhanh,Tại cửa hàng,20,Hàng quý,81.0,68208000.0,66352742.0,6490310.0,0,3,Khách hàng trung thành,0.4324096523313801
199,34,Nữ,Đắk Lắk,Miền Trung,Dây chuyền,Bạc,5,14.45,0,Sinh nhật,777000.0,19108000.0,4.4,Không,Không,Không,Chuyển khoản ngân hàng,Nhận tại cửa hàng,Tại cửa hàng,2,Hàng năm,417.0,311000.0,311404.0,56485.0,1,2,Khách hàng có nguy cơ rời bỏ,0.6269941141472745
200,64,Nữ,Đà Nẵng,Miền Trung,Vòng tay,Bạc,5,19.45,0,Tự mua sắm,972000.0,22262000.0,5.0,Có,Không,Không,Thẻ tín dụng,Giao hàng nhanh,Tại cửa hàng,22,Hàng quý,100.0,4277000.0,5361220.0,231608.0,0,3,Khách hàng trung thành,0.28071354702804147
201,35,Nữ,Khánh Hòa,Miền Trung,Nhẫn,Vàng đính đá quý,18,3.06,1,Lễ/Tết,10683000.0,25317000.0,3.6,Không,Không,Có,Ví điện tử (Momo/ZaloPay),Giao hàng nhanh,Online,30,Hàng năm,366.0,64098000.0,61258459.0,932049.0,0,2,Khách hàng có nguy cơ rời bỏ,0.31527908145381534
202,61,Nữ,Hà Nội,Miền Bắc,Trang sức bộ,Bạc,5,24.43,0,Cưới hỏi,2286000.0,13426000.0,5.0,Không,Không,Có,Thẻ tín dụng,Giao hàng tiêu chuẩn,Online,13,Nửa năm một lần,205.0,5944000.0,6155012.0,368305.0,0,0,Khách hàng phổ thông / mới,0.24416266194708683
203,41,Nữ,An Giang,Miền Nam,Dây chuyền,Vàng 24K,24,12.96,0,Lễ/Tết,25242000.0,22839000.0,2.9,Không,Có,Có,Thẻ tín dụng,Giao hàng tiêu chuẩn,Tại cửa hàng,30,Nửa năm một lần,165.0,151452000.0,138699742.0,5484165.0,0,1,Khách hàng VIP (giá trị cao nhất),0.21934669015617098
204,51,Nữ,An Giang,Miền Nam,Dây chuyền,Vàng 24K,24,11.51,0,Sinh nhật,25221000.0,25048000.0,4.9,Có,Không,Không,Thẻ tín dụng,Nhận tại cửa hàng,Online,21,Hàng tháng,32.0,105928000.0,132049845.0,28129715.0,0,1,Khách hàng VIP (giá trị cao nhất),0.2257220279991476
205,39,Nam,Bình Định,Miền Trung,Nhẫn,Bạc,5,6.44,0,Sinh nhật,342000.0,20186000.0,4.0,Không,Không,Không,Chuyển khoản ngân hàng,Giao hàng nhanh,Online,23,Nửa năm một lần,197.0,1573000.0,1539180.0,39166.0,1,3,Khách hàng trung thành,0.6377869056318484
206,30,Nữ,Bình Định,Miền Trung,Lắc chân,Vàng 24K,24,5.35,0,Cưới hỏi,11720000.0,22932000.0,4.2,Có,Không,Không,Ví điện tử (Momo/ZaloPay),Giao hàng nhanh,Online,17,Hàng tháng,31.0,39848000.0,47749858.0,9427320.0,0,3,Khách hàng trung thành,0.279168196801771
207,54,Nữ,Hà Nội,Miền Bắc,Bông tai,Vàng đính đá quý,18,5.59,1,Cưới hỏi,12296000.0,23129000.0,3.9,Có,Không,Không,Thẻ tín dụng,Giao hàng nhanh,Online,21,Hàng quý,87.0,51643000.0,60814797.0,4633075.0,0,3,Khách hàng trung thành,0.30441604640493375
208,64,Nam,Gia Lai,Miền Trung,Dây chuyền,Vàng đính đá quý,18,5.83,1,Sinh nhật,11941000.0,6000000.0,5.0,Không,Không,Không,Tiền mặt,Giao hàng nhanh,Online,29,Hàng tháng,28.0,69258000.0,71716659.0,13977130.0,0,3,Khách hàng trung thành,0.47184374665833884
209,30,Nam,Đà Nẵng,Miền Trung,Dây chuyền,Vàng đính đá quý,18,10.74,1,Tự mua sắm,22524000.0,13345000.0,2.6,Không,Không,Không,Ví điện tử (Momo/ZaloPay),Nhận tại cửa hàng,Online,18,Nửa năm một lần,190.0,81086000.0,72871988.0,3886132.0,1,3,Khách hàng trung thành,0.81156112377919
210,55,Nữ,TP. Hồ Chí Minh,Miền Nam,Bông tai,Vàng 18K,18,5.42,0,Sinh nhật,8837000.0,36299000.0,3.5,Không,Không,Có,Chuyển khoản ngân hàng,Giao hàng tiêu chuẩn,Tại cửa hàng,17,Nửa năm một lần,172.0,30046000.0,28543700.0,2610242.0,0,3,Khách hàng trung thành,0.3851716674417508
211,30,Nam,Hà Nội,Miền Bắc,Trang sức bộ,Bạc,5,18.99,0,Quà tặng người yêu,1647000.0,24392000.0,4.7,Có,Không,Có,Thẻ tín dụng,Giao hàng nhanh,Tại cửa hàng,6,Hàng năm,324.0,1976000.0,2436013.0,168171.0,0,2,Khách hàng có nguy cơ rời bỏ,0.12669686113826362
212,52,Nữ,TP. Hồ Chí Minh,Miền Nam,Dây chuyền,Bạc,5,9.63,0,Tự mua sắm,605000.0,16909000.0,2.9,Không,Không,Không,Ví điện tử (Momo/ZaloPay),Giao hàng tiêu chuẩn,Tại cửa hàng,16,Hàng tháng,33.0,1936000.0,1772989.0,662421.0,0,0,Khách hàng phổ thông / mới,0.7135393554290871
213,55,Nam,Hưng Yên,Miền Bắc,Nhẫn,Vàng 24K,24,5.99,0,Tự mua sắm,13537000.0,23866000.0,3.9,Không,Không,Không,Thẻ tín dụng,Giao hàng tiêu chuẩn,Online,26,Hàng năm,398.0,70392000.0,68477338.0,1195596.0,1,2,Khách hàng có nguy cơ rời bỏ,0.6139073630752032
214,39,Nữ,TP. Hồ Chí Minh,Miền Nam,Nhẫn,Vàng 18K,18,7.54,0,Quà tặng gia đình,11828000.0,25317000.0,3.8,Không,Không,Không,Chuyển khoản ngân hàng,Nhận tại cửa hàng,Tại cửa hàng,21,Hàng năm,343.0,49678000.0,48043594.0,1155817.0,1,2,Khách hàng có nguy cơ rời bỏ,0.6734979785338294
215,53,Nữ,Quảng Ngãi,Miền Trung,Nhẫn,Vàng 24K,24,4.41,0,Sinh nhật,9406000.0,31968000.0,4.5,Không,Không,Không,Ví điện tử (Momo/ZaloPay),Nhận tại cửa hàng,Online,22,Hàng năm,311.0,41386000.0,41675702.0,855842.0,0,2,Khách hàng có nguy cơ rời bỏ,0.6013553061726851
216,31,Nữ,Nam Định,Miền Bắc,Bông tai,Vàng 18K,18,4.02,0,Tự mua sắm,6650000.0,17135000.0,4.8,Không,Không,Không,Tiền mặt,Nhận tại cửa hàng,Online,5,Nửa năm một lần,168.0,6650000.0,6810265.0,1349730.0,1,0,Khách hàng phổ thông / mới,0.5687679347773374
217,21,Nam,Đà Nẵng,Miền Trung,Trang sức bộ,Vàng đính đá quý,18,13.54,1,Sinh nhật,27243000.0,15088000.0,3.1,Không,Không,Có,Ví điện tử (Momo/ZaloPay),Giao hàng tiêu chuẩn,Online,26,Hàng tháng,31.0,141664000.0,131350861.0,22696709.0,0,1,Khách hàng VIP (giá trị cao nhất),0.4276148994814891
218,22,Nam,Long An,Miền Nam,Trang sức bộ,Vàng đính đá quý,18,11.63,1,Tự mua sắm,19546000.0,15836000.0,4.2,Không,Có,Có,Ví điện tử (Momo/ZaloPay),Giao hàng tiêu chuẩn,Online,16,Hàng năm,386.0,62547000.0,61915275.0,1454363.0,0,2,Khách hàng có nguy cơ rời bỏ,0.23272636382828626
219,39,Nữ,Gia Lai,Miền Trung,Bông tai,Vàng 18K,18,1.11,0,Sinh nhật,1747000.0,16340000.0,3.8,Không,Không,Không,Thẻ tín dụng,Giao hàng nhanh,Online,14,Nửa năm một lần,177.0,4892000.0,4731053.0,270233.0,1,0,Khách hàng phổ thông / mới,0.5900357793003125
220,61,Nữ,Hà Nội,Miền Bắc,Nhẫn,Bạc,5,4.6,0,Quà tặng người yêu,583000.0,17425000.0,4.2,Không,Không,Không,Thẻ tín dụng,Nhận tại cửa hàng,Online,2,Nửa năm một lần,202.0,233000.0,230647.0,87860.0,1,0,Khách hàng phổ thông / mới,0.6390360942826449
221,24,Nữ,Đà Nẵng,Miền Trung,Trang sức bộ,Vàng 24K,24,23.64,0,Quà tặng gia đình,52000000.0,20752000.0,3.0,Có,Không,Không,Tiền mặt,Nhận tại cửa hàng,Online,27,Hàng tháng,28.0,280800000.0,313232400.0,78927004.0,0,1,Khách hàng VIP (giá trị cao nhất),0.24550394516364368
222,39,Nam,Vĩnh Phúc,Miền Bắc,Dây chuyền,Vàng 18K,18,4.04,0,Tự mua sắm,6516000.0,17393000.0,3.2,Không,Không,Có,Tiền mặt,Nhận tại cửa hàng,Online,19,Hàng tháng,34.0,24761000.0,23099537.0,3816990.0,0,3,Khách hàng trung thành,0.5135031444676744
223,51,Nam,Quảng Ngãi,Miền Trung,Dây chuyền,Vàng 24K,24,5.17,0,Tự mua sắm,11733000.0,20625000.0,3.9,Không,Không,Không,Ví điện tử (Momo/ZaloPay),Nhận tại cửa hàng,Tại cửa hàng,10,Hàng tháng,31.0,23466000.0,22827725.0,12757104.0,0,0,Khách hàng phổ thông / mới,0.5683502972811271
224,27,Nam,Quảng Ngãi,Miền Trung,Bông tai,Bạc,5,2.33,0,Sinh nhật,300000.0,32727000.0,2.5,Không,Không,Không,Thẻ tín dụng,Nhận tại cửa hàng,Online,17,Hàng quý,97.0,1020000.0,910860.0,65849.0,0,0,Khách hàng phổ thông / mới,0.6370666147487858
225,52,Nữ,Hà Nội,Miền Bắc,Nhẫn,Bạc,5,7.29,0,Tự mua sắm,300000.0,14415000.0,4.3,Có,Có,Có,Chuyển khoản ngân hàng,Giao hàng tiêu chuẩn,Tại cửa hàng,28,Hàng quý,91.0,1680000.0,2024736.0,90500.0,0,3,Khách hàng trung thành,0.09272019646943966
226,32,Nữ,Gia Lai,Miền Trung,Lắc chân,Bạch kim,20,3.89,0,Quà tặng người yêu,7270000.0,22278000.0,2.9,Có,Không,Không,Tiền mặt,Giao hàng nhanh,Online,26,Hàng năm,420.0,37804000.0,41909514.0,621071.0,1,2,Khách hàng có nguy cơ rời bỏ,0.6616674122267396
227,56,Nữ,TP. Hồ Chí Minh,Miền Nam,Trang sức bộ,Vàng đính đá quý,18,22.24,1,Cưới hỏi,38565000.0,13411000.0,4.8,Có,Có,Có,Thẻ tín dụng,Giao hàng nhanh,Online,9,Hàng tuần,6.0,69417000.0,86056255.0,117033638.0,0,3,Khách hàng trung thành,0.09515999040565878
228,45,Nữ,Bình Dương,Miền Nam,Bông tai,Vàng 24K,24,4.95,0,Quà tặng người yêu,10747000.0,27189000.0,4.7,Có,Không,Không,Ví điện tử (Momo/ZaloPay),Giao hàng nhanh,Online,24,Hai tuần một lần,14.0,51586000.0,63595221.0,18561741.0,0,3,Khách hàng trung thành,0.2330857934165478
229,44,Nữ,Hà Nội,Miền Bắc,Bông tai,Bạch kim,20,5.35,1,Quà tặng người yêu,11682000.0,28473000.0,4.1,Có,Có,Không,Chuyển khoản ngân hàng,Nhận tại cửa hàng,Tại cửa hàng,1,Hàng quý,84.0,2336000.0,2783110.0,3634960.0,0,0,Khách hàng phổ thông / mới,0.1736707234917482
230,26,Nữ,Vĩnh Phúc,Miền Bắc,Dây chuyền,Vàng 24K,24,11.32,0,Quà tặng người yêu,25116000.0,13486000.0,4.7,Có,Không,Có,Tiền mặt,Nhận tại cửa hàng,Tại cửa hàng,13,Hàng tháng,28.0,65302000.0,80504306.0,30201836.0,0,3,Khách hàng trung thành,0.12454196230207086
231,40,Nam,Huế,Miền Trung,Nhẫn,Vàng 18K,18,3.23,0,Tự mua sắm,5199000.0,15529000.0,5.0,Có,Không,Không,Tiền mặt,Giao hàng nhanh,Tại cửa hàng,17,Hàng quý,98.0,17677000.0,22158120.0,1382298.0,0,3,Khách hàng trung thành,0.28735696451199755
232,59,Nữ,Thái Nguyên,Miền Bắc,Bông tai,Bạc,5,1.61,1,Cưới hỏi,4934000.0,26207000.0,4.4,Có,Có,Không,Ví điện tử (Momo/ZaloPay),Giao hàng nhanh,Online,20,Nửa năm một lần,186.0,19736000.0,23922006.0,826813.0,0,3,Khách hàng trung thành,0.16582584462805694
233,18,Nữ,Huế,Miền Trung,Vòng tay,Vàng 24K,24,7.37,0,Lễ/Tết,16365000.0,17159000.0,4.1,Không,Không,Có,Tiền mặt,Nhận tại cửa hàng,Online,1,Hàng năm,322.0,3273000.0,3221287.0,1537196.0,1,2,Khách hàng có nguy cơ rời bỏ,0.5163045482670884
234,54,Nữ,Hà Nội,Miền Bắc,Trang sức bộ,Vàng 24K,24,29.26,0,Quà tặng gia đình,64065000.0,31160000.0,3.6,Không,Không,Không,Tiền mặt,Giao hàng tiêu chuẩn,Tại cửa hàng,10,Hàng tháng,34.0,128130000.0,122453841.0,49897888.0,0,1,Khách hàng VIP (giá trị cao nhất),0.5064974320360129
235,41,Nam,Hải Phòng,Miền Bắc,Nhẫn,Vàng 18K,18,3.43,1,Quà tặng người yêu,6984000.0,12047000.0,4.5,Không,Không,Không,Thẻ tín dụng,Giao hàng tiêu chuẩn,Online,8,Hàng tháng,27.0,11174000.0,11252218.0,10754661.0,0,0,Khách hàng phổ thông / mới,0.5429259722490603
236,52,Nữ,TP. Hồ Chí Minh,Miền Nam,Dây chuyền,Vàng 24K,24,7.05,0,Tự mua sắm,15570000.0,28659000.0,4.3,Không,Không,Không,Ví điện tử (Momo/ZaloPay),Giao hàng nhanh,Online,12,Nửa năm một lần,194.0,37368000.0,37203581.0,2682467.0,1,0,Khách hàng phổ thông / mới,0.5800559460935867
237,49,Nữ,Hưng Yên,Miền Bắc,Dây chuyền,Vàng đính đá quý,18,5.11,1,Sinh nhật,11039000.0,36603000.0,3.7,Không,Không,Có,Chuyển khoản ngân hàng,Giao hàng tiêu chuẩn,Online,21,Hàng tháng,32.0,46364000.0,44574350.0,6576564.0,0,3,Khách hàng trung thành,0.4173803007477422
238,38,Nam,TP. Hồ Chí Minh,Miền Nam,Bông tai,Vàng 18K,18,3.17,0,Quà tặng gia đình,4620000.0,23025000.0,3.8,Có,Có,Không,Tiền mặt,Giao hàng nhanh,Tại cửa hàng,3,Nửa năm một lần,200.0,2772000.0,3245180.0,716258.0,0,0,Khách hàng phổ thông / mới,0.20907869111243818
239,32,Nữ,Hà Nội,Miền Bắc,Bông tai,Bạc,5,2.67,0,Sinh nhật,300000.0,15462000.0,3.1,Không,Không,Có,Ví điện tử (Momo/ZaloPay),Giao hàng nhanh,Online,23,Nửa năm một lần,190.0,1380000.0,1279536.0,41726.0,1,3,Khách hàng trung thành,0.5299889977858502
240,48,Nữ,Đắk Lắk,Miền Trung,Trang sức bộ,Vàng đính đá quý,18,18.93,1,Cưới hỏi,35806000.0,15440000.0,4.5,Có,Không,Có,Ví điện tử (Momo/ZaloPay),Giao hàng nhanh,Online,4,Hàng năm,352.0,28645000.0,34918255.0,3519886.0,0,2,Khách hàng có nguy cơ rời bỏ,0.11410921985423102
241,24,Nữ,Nghệ An,Miền Trung,Dây chuyền,Bạc,5,3.41,0,Cưới hỏi,606000.0,18306000.0,4.7,Không,Không,Không,Chuyển khoản ngân hàng,Giao hàng nhanh,Online,16,Hàng tuần,6.0,1939000.0,1974678.0,1558656.0,0,0,Khách hàng phổ thông / mới,0.5082687181726934
242,46,Nữ,Đồng Nai,Miền Nam,Vòng tay,Vàng 18K,18,11.94,0,Quà tặng gia đình,18173000.0,25492000.0,2.5,Có,Có,Không,Tiền mặt,Nhận tại cửa hàng,Online,25,Hàng năm,369.0,90865000.0,98225065.0,1446966.0,0,1,Khách hàng VIP (giá trị cao nhất),0.24544547017353346
243,22,Nữ,Đồng Nai,Miền Nam,Nhẫn,Vàng đính đá quý,18,2.23,1,Cưới hỏi,9764000.0,8865000.0,2.8,Không,Không,Có,Tiền mặt,Giao hàng tiêu chuẩn,Online,27,Hàng năm,314.0,52726000.0,47985933.0,1017662.0,1,2,Khách hàng có nguy cơ rời bỏ,0.5747167234245609
244,49,Nữ,Nghệ An,Miền Trung,Dây chuyền,Vàng 18K,18,9.43,0,Lễ/Tết,14382000.0,18772000.0,5.0,Có,Có,Không,Ví điện tử (Momo/ZaloPay),Giao hàng nhanh,Online,30,Hàng tuần,7.0,86292000.0,108167022.0,49869697.0,0,1,Khách hàng VIP (giá trị cao nhất),0.14495475136401548
245,48,Nữ,Quảng Ngãi,Miền Trung,Dây chuyền,Vàng 24K,24,11.03,0,Quà tặng người yêu,24406000.0,21801000.0,2.9,Có,Không,Không,Ví điện tử (Momo/ZaloPay),Nhận tại cửa hàng,Tại cửa hàng,13,Hàng quý,81.0,63456000.0,70347322.0,7086297.0,0,3,Khách hàng trung thành,0.4303348506901344
246,22,Nam,Nam Định,Miền Bắc,Vòng tay,Bạc,5,13.19,1,Tự mua sắm,1631000.0,30199000.0,4.3,Không,Có,Không,Ví điện tử (Momo/ZaloPay),Giao hàng tiêu chuẩn,Online,15,Hàng quý,94.0,4893000.0,4871471.0,489191.0,0,0,Khách hàng phổ thông / mới,0.28520467121674625
247,54,Nữ,Đắk Lắk,Miền Trung,Vòng tay,Vàng 18K,18,7.2,0,Sinh nhật,10738000.0,34272000.0,3.7,Có,Có,Không,Thẻ tín dụng,Giao hàng nhanh,Tại cửa hàng,28,Hàng tháng,29.0,60133000.0,69982785.0,10158628.0,0,3,Khách hàng trung thành,0.18509500251665015
248,37,Nữ,Hà Nội,Miền Bắc,Dây chuyền,Bạch kim,20,10.4,0,Quà tặng người yêu,17368000.0,19299000.0,3.8,Không,Có,Không,Chuyển khoản ngân hàng,Nhận tại cửa hàng,Online,4,Hàng năm,393.0,13894000.0,13436887.0,1169888.0,0,2,Khách hàng có nguy cơ rời bỏ,0.34328865201485803
249,55,Nam,Đà Nẵng,Miền Trung,Bông tai,Vàng 24K,24,3.06,0,Quà tặng người yêu,6981000.0,13541000.0,2.8,Có,Không,Không,Tiền mặt,Giao hàng nhanh,Online,28,Hàng tháng,31.0,39094000.0,43069860.0,8902679.0,0,3,Khách hàng trung thành,0.4243868238453486
250,19,Nữ,Thái Nguyên,Miền Bắc,Lắc chân,Bạc,5,6.23,0,Cưới hỏi,977000.0,20121000.0,2.8,Không,Không,Có,Tiền mặt,Giao hàng tiêu chuẩn,Tại cửa hàng,3,Hàng tháng,30.0,586000.0,533319.0,1048220.0,0,0,Khách hàng phổ thông / mới,0.5182424720456361
251,26,Nữ,Bà Rịa - Vũng Tàu,Miền Nam,Dây chuyền,Bạc,5,4.79,1,Tự mua sắm,6433000.0,20792000.0,3.9,Không,Không,Có,Tiền mặt,Giao hàng tiêu chuẩn,Tại cửa hàng,3,Hàng tuần,7.0,3860000.0,3755008.0,14918916.0,0,0,Khách hàng phổ thông / mới,0.3467839054993519
252,41,Nam,Đà Nẵng,Miền Trung,Dây chuyền,Vàng đính đá quý,18,14.93,1,Tự mua sắm,26020000.0,28763000.0,3.4,Không,Có,Không,Chuyển khoản ngân hàng,Giao hàng tiêu chuẩn,Tại cửa hàng,2,Nửa năm một lần,167.0,10408000.0,9828274.0,5446509.0,1,0,Khách hàng phổ thông / mới,0.6034501008092741
253,27,Nữ,Gia Lai,Miền Trung,Bông tai,Vàng 24K,24,2.96,0,Quà tặng người yêu,6495000.0,16514000.0,4.5,Không,Không,Có,Thẻ tín dụng,Giao hàng tiêu chuẩn,Online,7,Hàng năm,411.0,9093000.0,9156651.0,655183.0,1,2,Khách hàng có nguy cơ rời bỏ,0.42451191270577243
254,33,Nữ,Thanh Hóa,Miền Trung,Bông tai,Vàng 18K,18,3.28,0,Sinh nhật,5759000.0,13057000.0,4.9,Không,Không,Có,Chuyển khoản ngân hàng,Nhận tại cửa hàng,Tại cửa hàng,27,Nửa năm một lần,159.0,31099000.0,32025750.0,1288542.0,1,3,Khách hàng trung thành,0.4330137370778391
255,49,Nữ,Hưng Yên,Miền Bắc,Lắc chân,Vàng đính đá quý,18,3.85,1,Quà tặng người yêu,9284000.0,20858000.0,4.5,Có,Có,Có,Thẻ tín dụng,Giao hàng tiêu chuẩn,Online,7,Nửa năm một lần,173.0,12998000.0,15844562.0,1169645.0,0,0,Khách hàng phổ thông / mới,0.07455036912271441
256,24,Nữ,Thái Nguyên,Miền Bắc,Nhẫn,Bạc,5,5.89,0,Tự mua sắm,429000.0,17059000.0,3.5,Không,Không,Có,Chuyển khoản ngân hàng,Nhận tại cửa hàng,Online,14,Hai tuần một lần,12.0,1201000.0,1140950.0,979019.0,0,0,Khách hàng phổ thông / mới,0.41125169619596846
257,50,Nữ,An Giang,Miền Nam,Vòng tay,Vàng 24K,24,9.24,0,Tự mua sắm,20298000.0,18434000.0,3.7,Không,Không,Không,Ví điện tử (Momo/ZaloPay),Nhận tại cửa hàng,Online,25,Nửa năm một lần,187.0,101490000.0,97572486.0,3998958.0,0,1,Khách hàng VIP (giá trị cao nhất),0.5328081949942065
258,22,Nữ,Đồng Nai,Miền Nam,Trang sức bộ,Vàng 24K,24,28.5,0,Lễ/Tết,62420000.0,13242000.0,2.9,Không,Không,Có,Chuyển khoản ngân hàng,Nhận tại cửa hàng,Online,27,Hàng quý,87.0,337068000.0,308686874.0,18782382.0,0,1,Khách hàng VIP (giá trị cao nhất),0.36542390157272847
259,26,Nam,Bắc Ninh,Miền Bắc,Dây chuyền,Bạch kim,20,3.81,0,Lễ/Tết,6856000.0,10772000.0,4.2,Không,Có,Có,Ví điện tử (Momo/ZaloPay),Nhận tại cửa hàng,Tại cửa hàng,14,Hàng quý,78.0,19197000.0,19003110.0,2847580.0,0,0,Khách hàng phổ thông / mới,0.16127146306575255
260,46,Nam,TP. Hồ Chí Minh,Miền Nam,Dây chuyền,Bạc,5,6.56,0,Cưới hỏi,736000.0,25033000.0,3.6,Không,Không,Không,Ví điện tử (Momo/ZaloPay),Giao hàng nhanh,Online,11,Nửa năm một lần,191.0,1619000.0,1547278.0,131721.0,1,0,Khách hàng phổ thông / mới,0.6312441706741069
261,56,Nữ,Huế,Miền Trung,Trang sức bộ,Bạc,5,28.64,0,Cưới hỏi,1816000.0,23208000.0,4.6,Không,Có,Không,Chuyển khoản ngân hàng,Nhận tại cửa hàng,Online,14,Hàng năm,415.0,5085000.0,5149580.0,109374.0,0,2,Khách hàng có nguy cơ rời bỏ,0.3276156842479897
262,26,Nam,Hà Nội,Miền Bắc,Nhẫn,Vàng đính đá quý,18,4.07,1,Lễ/Tết,11453000.0,13935000.0,4.1,Không,Không,Không,Ví điện tử (Momo/ZaloPay),Giao hàng nhanh,Tại cửa hàng,18,Nửa năm một lần,161.0,41231000.0,40579550.0,2111233.0,1,3,Khách hàng trung thành,0.5852523832695902
263,32,Nữ,Khánh Hòa,Miền Trung,Bông tai,Vàng 18K,18,1.17,0,Quà tặng người yêu,2557000.0,25660000.0,2.9,Không,Không,Không,Tiền mặt,Giao hàng tiêu chuẩn,Online,10,Nửa năm một lần,167.0,5114000.0,4683401.0,191349.0,1,0,Khách hàng phổ thông / mới,0.7086445462560946
264,62,Nam,Bắc Ninh,Miền Bắc,Lắc chân,Vàng 24K,24,10.11,0,Quà tặng người yêu,22203000.0,8822000.0,3.5,Có,Không,Không,Chuyển khoản ngân hàng,Nhận tại cửa hàng,Online,21,Hàng quý,84.0,93253000.0,107240950.0,6467498.0,0,1,Khách hàng VIP (giá trị cao nhất),0.2698483368676251
265,65,Nữ,Nam Định,Miền Bắc,Nhẫn,Bạc,5,4.81,0,Cưới hỏi,556000.0,19044000.0,4.2,Không,Có,Không,Tiền mặt,Nhận tại cửa hàng,Tại cửa hàng,25,Hàng tuần,7.0,2780000.0,2751922.0,1592169.0,0,3,Khách hàng trung thành,0.3401281140787006
266,45,Nữ,TP. Hồ Chí Minh,Miền Nam,Bông tai,Vàng đính đá quý,18,2.88,1,Tự mua sắm,9506000.0,22207000.0,4.6,Không,Có,Có,Tiền mặt,Nhận tại cửa hàng,Online,2,Hàng quý,87.0,3802000.0,3850285.0,2541705.0,0,0,Khách hàng phổ thông / mới,0.174975917868457
267,39,Nữ,Hải Dương,Miền Bắc,Vòng tay,Vàng 18K,18,14.32,1,Tự mua sắm,25641000.0,28095000.0,3.4,Có,Có,Có,Tiền mặt,Giao hàng nhanh,Online,25,Nửa năm một lần,196.0,128205000.0,146551136.0,5077837.0,0,1,Khách hàng VIP (giá trị cao nhất),0.17383090440675011
268,34,Nữ,An Giang,Miền Nam,Lắc chân,Bạc,5,6.35,0,Quà tặng gia đình,590000.0,16151000.0,4.2,Có,Không,Không,Tiền mặt,Giao hàng tiêu chuẩn,Online,21,Nửa năm một lần,180.0,2478000.0,2969387.0,73020.0,0,3,Khách hàng trung thành,0.31088314828761593
269,47,Nam,TP. Hồ Chí Minh,Miền Nam,Trang sức bộ,Vàng 24K,24,23.87,0,Cưới hỏi,47485000.0,28688000.0,2.9,Không,Có,Không,Thẻ tín dụng,Giao hàng nhanh,Online,2,Nửa năm một lần,156.0,18994000.0,17394705.0,8408425.0,1,0,Khách hàng phổ thông / mới,0.5704244301385482
270,46,Nữ,Cần Thơ,Miền Nam,Lắc chân,Vàng 24K,24,9.65,0,Cưới hỏi,21086000.0,16198000.0,4.8,Có,Không,Không,Chuyển khoản ngân hàng,Nhận tại cửa hàng,Online,24,Hàng tháng,27.0,101213000.0,125473756.0,23980248.0,0,1,Khách hàng VIP (giá trị cao nhất),0.28055423141603353
271,32,Nữ,Quảng Ngãi,Miền Trung,Nhẫn,Vàng đính đá quý,18,5.61,1,Cưới hỏi,14476000.0,25670000.0,3.9,Không,Có,Không,Ví điện tử (Momo/ZaloPay),Nhận tại cửa hàng,Online,15,Hàng tháng,28.0,43428000.0,42246758.0,19533747.0,0,3,Khách hàng trung thành,0.329487026126582
272,19,Nữ,Bà Rịa - Vũng Tàu,Miền Nam,Bông tai,Vàng 24K,24,2.57,0,Tự mua sắm,5876000.0,30915000.0,4.4,Có,Không,Có,Ví điện tử (Momo/ZaloPay),Giao hàng nhanh,Tại cửa hàng,1,Hai tuần một lần,15.0,1175000.0,1424218.0,8714635.0,0,0,Khách hàng phổ thông / mới,0.1741154887710576
273,25,Nam,Thanh Hóa,Miền Trung,Trang sức bộ,Vàng 24K,24,14.88,0,Quà tặng người yêu,33183000.0,12500000.0,3.5,Không,Không,Có,Tiền mặt,Nhận tại cửa hàng,Online,3,Nửa năm một lần,192.0,19910000.0,18914500.0,6270392.0,0,0,Khách hàng phổ thông / mới,0.28515954640464564
274,64,Nữ,Bình Định,Miền Trung,Bông tai,Bạch kim,20,3.72,0,Quà tặng gia đình,6710000.0,22900000.0,4.9,Có,Có,Không,Thẻ tín dụng,Giao hàng tiêu chuẩn,Tại cửa hàng,2,Hàng năm,380.0,2684000.0,3345874.0,530713.0,0,2,Khách hàng có nguy cơ rời bỏ,0.1408144679399259
275,38,Nữ,Khánh Hòa,Miền Trung,Vòng tay,Vàng 18K,18,14.89,0,Sinh nhật,23449000.0,24064000.0,4.3,Không,Không,Có,Thẻ tín dụng,Giao hàng nhanh,Tại cửa hàng,13,Hàng quý,78.0,60967000.0,60698745.0,7425473.0,0,3,Khách hàng trung thành,0.32462664287654375
276,41,Nữ,An Giang,Miền Nam,Nhẫn,Vàng 18K,18,5.23,1,Tự mua sắm,12222000.0,11750000.0,2.9,Có,Không,Không,Tiền mặt,Giao hàng tiêu chuẩn,Tại cửa hàng,16,Nửa năm một lần,175.0,39110000.0,43357346.0,2269476.0,1,3,Khách hàng trung thành,0.41242891518972036
277,40,Nữ,Quảng Ninh,Miền Bắc,Lắc chân,Bạch kim,20,4.15,0,Lễ/Tết,7848000.0,23427000.0,3.9,Có,Không,Không,Tiền mặt,Nhận tại cửa hàng,Online,8,Nửa năm một lần,189.0,12557000.0,14787123.0,1290349.0,1,0,Khách hàng phổ thông / mới,0.5108106104670835
278,55,Nam,Đắk Lắk,Miền Trung,Nhẫn,Vàng 24K,24,3.81,0,Sinh nhật,8709000.0,17335000.0,3.2,Có,Không,Không,Thẻ tín dụng,Giao hàng tiêu chuẩn,Online,30,Hàng tháng,31.0,52254000.0,59010442.0,7517505.0,0,3,Khách hàng trung thành,0.31066034418377547
279,21,Nữ,Bình Dương,Miền Nam,Dây chuyền,Bạc,5,11.94,0,Tự mua sắm,876000.0,13360000.0,4.6,Có,Có,Không,Ví điện tử (Momo/ZaloPay),Giao hàng nhanh,Tại cửa hàng,1,Hàng tháng,31.0,175000.0,214532.0,858393.0,0,0,Khách hàng phổ thông / mới,0.15719738000420685
280,21,Nam,Thanh Hóa,Miền Trung,Trang sức bộ,Vàng 18K,18,13.67,0,Cưới hỏi,20320000.0,16297000.0,4.5,Không,Có,Có,Thẻ tín dụng,Nhận tại cửa hàng,Tại cửa hàng,30,Hàng tháng,29.0,121920000.0,122773440.0,19562769.0,0,1,Khách hàng VIP (giá trị cao nhất),0.18520527900134168
281,31,Nữ,Bà Rịa - Vũng Tàu,Miền Nam,Trang sức bộ,Vàng 24K,24,32.08,0,Lễ/Tết,70125000.0,16387000.0,3.7,Có,Không,Không,Thẻ tín dụng,Giao hàng tiêu chuẩn,Tại cửa hàng,5,Hàng năm,311.0,70125000.0,81611475.0,6902689.0,0,2,Khách hàng có nguy cơ rời bỏ,0.235677260825183
282,41,Nam,Nghệ An,Miền Trung,Trang sức bộ,Bạc,5,21.66,0,Lễ/Tết,1436000.0,26065000.0,3.3,Không,Không,Không,Ví điện tử (Momo/ZaloPay),Giao hàng nhanh,Online,4,Hàng tuần,7.0,1149000.0,1078451.0,4821443.0,0,0,Khách hàng phổ thông / mới,0.5761329757936555
283,50,Nữ,Quảng Ninh,Miền Bắc,Vòng tay,Vàng 18K,18,16.87,1,Tự mua sắm,26628000.0,20994000.0,4.6,Không,Có,Không,Thẻ tín dụng,Giao hàng tiêu chuẩn,Tại cửa hàng,15,Hàng quý,84.0,79884000.0,80898527.0,12224944.0,0,3,Khách hàng trung thành,0.3078169992613766
284,41,Nam,Đắk Lắk,Miền Trung,Nhẫn,Vàng đính đá quý,18,3.72,1,Quà tặng người yêu,8740000.0,36635000.0,4.6,Có,Có,Không,Chuyển khoản ngân hàng,Nhận tại cửa hàng,Online,23,Hàng quý,86.0,40204000.0,49286084.0,2369536.0,0,3,Khách hàng trung thành,0.18612685796034392
285,39,Nữ,Huế,Miền Trung,Vòng tay,Vàng đính đá quý,18,10.39,1,Quà tặng gia đình,20209000.0,16587000.0,3.8,Có,Không,Có,Ví điện tử (Momo/ZaloPay),Nhận tại cửa hàng,Online,20,Nửa năm một lần,187.0,80836000.0,94634705.0,4486871.0,0,3,Khách hàng trung thành,0.11850015619697947
286,63,Nam,Hà Nội,Miền Bắc,Nhẫn,Vàng đính đá quý,18,7.79,1,Quà tặng gia đình,16156000.0,25097000.0,4.3,Không,Không,Có,Tiền mặt,Giao hàng tiêu chuẩn,Tại cửa hàng,24,Hàng tháng,30.0,77549000.0,77207784.0,10479173.0,0,3,Khách hàng trung thành,0.280084029650506
287,25,Nữ,Hà Nội,Miền Bắc,Lắc chân,Vàng 18K,18,8.11,0,Tự mua sắm,13163000.0,18445000.0,3.2,Không,Không,Không,Chuyển khoản ngân hàng,Giao hàng nhanh,Online,14,Hàng năm,358.0,36856000.0,34382962.0,1072908.0,1,2,Khách hàng có nguy cơ rời bỏ,0.6755261747841813
288,45,Nữ,Thái Nguyên,Miền Bắc,Vòng tay,Vàng 18K,18,6.53,0,Quà tặng gia đình,9623000.0,11767000.0,3.4,Không,Có,Không,Thẻ tín dụng,Nhận tại cửa hàng,Online,27,Hàng quý,87.0,51964000.0,49069605.0,3669672.0,0,3,Khách hàng trung thành,0.524869203924351
289,44,Nữ,Bình Dương,Miền Nam,Dây chuyền,Vàng đính đá quý,18,14.49,1,Sinh nhật,31114000.0,31773000.0,4.9,Không,Không,Không,Tiền mặt,Giao hàng tiêu chuẩn,Tại cửa hàng,23,Hàng năm,394.0,143124000.0,147389095.0,2488911.0,1,1,Khách hàng VIP (giá trị cao nhất),0.6413910378717462
290,40,Nữ,An Giang,Miền Nam,Nhẫn,Vàng 18K,18,3.94,0,Cưới hỏi,6591000.0,21237000.0,4.3,Có,Không,Có,Tiền mặt,Giao hàng nhanh,Tại cửa hàng,2,Nửa năm một lần,182.0,2636000.0,3176907.0,964655.0,0,0,Khách hàng phổ thông / mới,0.17986435813816434
291,56,Nữ,Bình Định,Miền Trung,Dây chuyền,Bạc,5,11.52,0,Sinh nhật,780000.0,15893000.0,2.7,Không,Không,Có,Chuyển khoản ngân hàng,Giao hàng tiêu chuẩn,Tại cửa hàng,16,Hàng quý,93.0,2496000.0,2257382.0,242187.0,0,0,Khách hàng phổ thông / mới,0.5105042346700635
292,30,Nữ,Hải Phòng,Miền Bắc,Lắc chân,Bạch kim,20,4.16,0,Quà tặng người yêu,6728000.0,22599000.0,3.6,Không,Có,Không,Chuyển khoản ngân hàng,Nhận tại cửa hàng,Online,30,Nửa năm một lần,160.0,40368000.0,38579698.0,1149554.0,0,3,Khách hàng trung thành,0.39744698836670034
293,63,Nữ,Bình Định,Miền Trung,Bông tai,Vàng 18K,18,5.28,1,Sinh nhật,11465000.0,29014000.0,3.5,Có,Có,Không,Chuyển khoản ngân hàng,Giao hàng nhanh,Online,22,Hàng quý,93.0,50446000.0,58012900.0,3306041.0,0,3,Khách hàng trung thành,0.19568415595306157
294,33,Nam,Long An,Miền Nam,Nhẫn,Vàng 24K,24,7.73,0,Tự mua sắm,15733000.0,14038000.0,3.1,Không,Có,Có,Chuyển khoản ngân hàng,Giao hàng nhanh,Tại cửa hàng,25,Hàng tháng,26.0,78665000.0,72938188.0,20929641.0,0,3,Khách hàng trung thành,0.3609420686779467
295,44,Nữ,TP. Hồ Chí Minh,Miền Nam,Nhẫn,Bạc,5,3.99,0,Quà tặng người yêu,599000.0,20992000.0,5.0,Không,Không,Không,Chuyển khoản ngân hàng,Nhận tại cửa hàng,Tại cửa hàng,22,Nửa năm một lần,197.0,2636000.0,2729578.0,97080.0,1,3,Khách hàng trung thành,0.5189707892206835
296,42,Nữ,Vĩnh Phúc,Miền Bắc,Dây chuyền,Bạc,5,4.74,0,Cưới hỏi,303000.0,27802000.0,2.8,Không,Có,Không,Tiền mặt,Nhận tại cửa hàng,Tại cửa hàng,19,Nửa năm một lần,155.0,1151000.0,1047525.0,51331.0,1,3,Khách hàng trung thành,0.678003031300275
297,58,Nam,Hải Phòng,Miền Bắc,Nhẫn,Vàng 18K,18,5.12,0,Tự mua sắm,7619000.0,22636000.0,3.3,Không,Có,Có,Tiền mặt,Giao hàng tiêu chuẩn,Online,11,Nửa năm một lần,195.0,16762000.0,15732813.0,1361958.0,1,0,Khách hàng phổ thông / mới,0.542113765260014
298,39,Nữ,An Giang,Miền Nam,Trang sức bộ,Bạc,5,14.04,0,Tự mua sắm,1671000.0,24219000.0,4.6,Có,Có,Có,Thẻ tín dụng,Giao hàng nhanh,Online,3,Nửa năm một lần,184.0,1003000.0,1229578.0,287516.0,0,0,Khách hàng phổ thông / mới,0.07848963561788806
299,31,Nam,Long An,Miền Nam,Bông tai,Bạch kim,20,3.21,0,Quà tặng gia đình,5807000.0,18012000.0,2.8,Không,Không,Có,Chuyển khoản ngân hàng,Giao hàng tiêu chuẩn,Online,10,Nửa năm một lần,193.0,11614000.0,10569901.0,1034713.0,1,0,Khách hàng phổ thông / mới,0.7169574216545892
300,19,Nam,Hà Nội,Miền Bắc,Nhẫn,Vàng 18K,18,5.55,0,Cưới hỏi,8307000.0,8130000.0,3.4,Không,Có,Có,Ví điện tử (Momo/ZaloPay),Giao hàng nhanh,Online,8,Hàng quý,83.0,13291000.0,12550691.0,3342816.0,0,0,Khách hàng phổ thông / mới,0.3305261611950984
301,35,Nữ,Cần Thơ,Miền Nam,Bông tai,Vàng 18K,18,1.7,0,Lễ/Tết,3260000.0,18337000.0,4.1,Không,Không,Không,Ví điện tử (Momo/ZaloPay),Nhận tại cửa hàng,Tại cửa hàng,22,Hàng tháng,30.0,14344000.0,14117365.0,2773546.0,0,3,Khách hàng trung thành,0.49187738484160626
302,57,Nam,Hải Phòng,Miền Bắc,Dây chuyền,Bạc,5,14.38,0,Quà tặng người yêu,522000.0,17496000.0,3.3,Không,Không,Không,Ví điện tử (Momo/ZaloPay),Nhận tại cửa hàng,Online,11,Hàng tháng,33.0,1148000.0,1077513.0,426696.0,0,0,Khách hàng phổ thông / mới,0.608954997677549
303,18,Nữ,Hà Nội,Miền Bắc,Dây chuyền,Bạch kim,20,11.47,0,Quà tặng người yêu,21650000.0,18317000.0,3.5,Không,Không,Có,Thẻ tín dụng,Nhận tại cửa hàng,Online,11,Nửa năm một lần,166.0,47630000.0,45248500.0,4438952.0,1,0,Khách hàng phổ thông / mới,0.3672391907463844
304,61,Nữ,Bình Dương,Miền Nam,Vòng tay,Vàng đính đá quý,18,10.42,1,Tự mua sắm,21208000.0,17812000.0,3.9,Không,Không,Có,Chuyển khoản ngân hàng,Giao hàng nhanh,Tại cửa hàng,26,Hàng tháng,26.0,110282000.0,107282330.0,27159291.0,0,1,Khách hàng VIP (giá trị cao nhất),0.30907535649184414
305,44,Nữ,Bình Định,Miền Trung,Nhẫn,Vàng 24K,24,4.2,0,Sinh nhật,9276000.0,21832000.0,4.9,Có,Không,Không,Tiền mặt,Nhận tại cửa hàng,Online,6,Hàng tháng,32.0,11131000.0,13875905.0,8663532.0,0,0,Khách hàng phổ thông / mới,0.27084919989472817
306,24,Nữ,Huế,Miền Trung,Vòng tay,Vàng đính đá quý,18,17.72,1,Tự mua sắm,32935000.0,17013000.0,4.7,Không,Có,Không,Thẻ tín dụng,Nhận tại cửa hàng,Tại cửa hàng,23,Nửa năm một lần,193.0,151501000.0,154288618.0,5227547.0,1,1,Khách hàng VIP (giá trị cao nhất),0.5340451998061359
307,32,Nữ,An Giang,Miền Nam,Lắc chân,Bạch kim,20,7.28,0,Cưới hỏi,13050000.0,25582000.0,2.8,Không,Có,Không,Tiền mặt,Giao hàng nhanh,Online,11,Hàng tháng,27.0,28710000.0,26128971.0,17834705.0,0,0,Khách hàng phổ thông / mới,0.5550680386478346
308,44,Nữ,Long An,Miền Nam,Trang sức bộ,Bạc,5,34.68,1,Quà tặng người yêu,7030000.0,24950000.0,3.9,Có,Có,Không,Ví điện tử (Momo/ZaloPay),Giao hàng tiêu chuẩn,Online,29,Hàng tháng,29.0,40774000.0,48015462.0,6498026.0,0,3,Khách hàng trung thành,0.14063213286972046
309,33,Nữ,Hà Nội,Miền Bắc,Dây chuyền,Vàng 18K,18,3.75,0,Sinh nhật,5178000.0,13509000.0,4.1,Có,Có,Có,Thẻ tín dụng,Giao hàng tiêu chuẩn,Online,29,Hàng năm,356.0,30032000.0,35780125.0,479319.0,0,2,Khách hàng có nguy cơ rời bỏ,0.07001068061709928
310,23,Nam,Quảng Ngãi,Miền Trung,Bông tai,Vàng 24K,24,2.36,0,Quà tặng người yêu,4948000.0,28176000.0,3.3,Có,Có,Có,Chuyển khoản ngân hàng,Giao hàng nhanh,Online,13,Nửa năm một lần,157.0,12865000.0,14617213.0,911067.0,1,0,Khách hàng phổ thông / mới,0.4415070654039305
311,49,Nữ,Bình Dương,Miền Nam,Nhẫn,Bạc,5,4.87,0,Cưới hỏi,680000.0,15877000.0,3.2,Không,Không,Không,Tiền mặt,Nhận tại cửa hàng,Tại cửa hàng,24,Nửa năm một lần,176.0,3264000.0,3044986.0,111367.0,1,3,Khách hàng trung thành,0.754730710504316
312,50,Nữ,Bình Định,Miền Trung,Vòng tay,Vàng 18K,18,7.04,0,Quà tặng người yêu,10650000.0,13130000.0,4.0,Có,Có,Không,Ví điện tử (Momo/ZaloPay),Nhận tại cửa hàng,Tại cửa hàng,28,Hàng quý,79.0,59640000.0,70643580.0,4844186.0,0,3,Khách hàng trung thành,0.16206946392318572
313,23,Nam,Tây Ninh,Miền Nam,Dây chuyền,Vàng 18K,18,7.27,0,Cưới hỏi,11932000.0,26767000.0,3.5,Không,Không,Có,Chuyển khoản ngân hàng,Giao hàng tiêu chuẩn,Online,19,Nửa năm một lần,209.0,45342000.0,43074900.0,1967196.0,0,3,Khách hàng trung thành,0.4197015275426621
314,31,Nữ,TP. Hồ Chí Minh,Miền Nam,Vòng tay,Vàng đính đá quý,18,12.8,1,Tự mua sắm,22681000.0,15714000.0,4.8,Không,Có,Không,Tiền mặt,Nhận tại cửa hàng,Online,27,Hàng năm,418.0,122477000.0,125428696.0,1866188.0,1,1,Khách hàng VIP (giá trị cao nhất),0.5505301271862691
315,29,Nam,Hải Phòng,Miền Bắc,Nhẫn,Vàng 24K,24,3.2,0,Quà tặng người yêu,7011000.0,20425000.0,2.9,Không,Không,Không,Thẻ tín dụng,Nhận tại cửa hàng,Online,21,Hàng tháng,31.0,29446000.0,26966647.0,8379182.0,0,3,Khách hàng trung thành,0.5959988753466197
316,49,Nữ,Thái Nguyên,Miền Bắc,Trang sức bộ,Vàng đính đá quý,18,14.12,1,Tự mua sắm,29605000.0,11925000.0,2.6,Có,Không,Có,Tiền mặt,Giao hàng nhanh,Online,1,Hai tuần một lần,14.0,5921000.0,6441456.0,63679130.0,0,0,Khách hàng phổ thông / mới,0.26628275892077835
317,53,Nam,Cần Thơ,Miền Nam,Lắc chân,Bạc,5,5.42,0,Tự mua sắm,517000.0,18618000.0,4.7,Không,Có,Không,Tiền mặt,Giao hàng nhanh,Online,19,Hàng tháng,34.0,1965000.0,2001156.0,512173.0,0,3,Khách hàng trung thành,0.3421764221785219
318,52,Nam,Tây Ninh,Miền Nam,Dây chuyền,Bạch kim,20,3.99,0,Sinh nhật,6833000.0,20312000.0,4.7,Không,Có,Không,Tiền mặt,Giao hàng nhanh,Online,8,Hàng năm,383.0,10933000.0,11134167.0,505331.0,0,2,Khách hàng có nguy cơ rời bỏ,0.33636097752306787
319,63,Nam,Hải Phòng,Miền Bắc,Bông tai,Vàng 18K,18,1.98,0,Sinh nhật,3283000.0,19032000.0,3.5,Không,Không,Không,Chuyển khoản ngân hàng,Nhận tại cửa hàng,Tại cửa hàng,18,Hàng tháng,27.0,11819000.0,11228050.0,3860625.0,0,3,Khách hàng trung thành,0.4973221874618958
320,54,Nam,Hải Phòng,Miền Bắc,Nhẫn,Bạc,5,1.9,0,Tự mua sắm,300000.0,17643000.0,4.4,Có,Không,Có,Ví điện tử (Momo/ZaloPay),Nhận tại cửa hàng,Tại cửa hàng,24,Hàng quý,82.0,1440000.0,1745424.0,107185.0,0,3,Khách hàng trung thành,0.1957994464618684
321,33,Nam,Bình Dương,Miền Nam,Bông tai,Bạc,5,5.76,0,Lễ/Tết,430000.0,20267000.0,4.6,Không,Có,Có,Chuyển khoản ngân hàng,Giao hàng tiêu chuẩn,Tại cửa hàng,6,Hàng quý,94.0,516000.0,522553.0,139630.0,0,0,Khách hàng phổ thông / mới,0.16794283886243022
322,23,Nam,Hà Nội,Miền Bắc,Dây chuyền,Vàng đính đá quý,18,4.93,1,Quà tặng người yêu,9433000.0,26310000.0,3.1,Không,Có,Không,Chuyển khoản ngân hàng,Giao hàng nhanh,Online,20,Hàng năm,414.0,37732000.0,34985110.0,756778.0,0,2,Khách hàng có nguy cơ rời bỏ,0.5654815012383724
323,47,Nam,Hà Nội,Miền Bắc,Nhẫn,Vàng 24K,24,1.51,0,Lễ/Tết,3704000.0,14229000.0,4.1,Không,Không,Có,Tiền mặt,Giao hàng tiêu chuẩn,Online,17,Hàng tháng,28.0,12594000.0,12395015.0,3384081.0,0,3,Khách hàng trung thành,0.3716984372738535
324,61,Nam,Bà Rịa - Vũng Tàu,Miền Nam,Bông tai,Vàng 24K,24,5.79,1,Quà tặng người yêu,17922000.0,6000000.0,4.3,Không,Không,Không,Tiền mặt,Nhận tại cửa hàng,Online,7,Hàng quý,80.0,25091000.0,24980600.0,9251984.0,0,0,Khách hàng phổ thông / mới,0.5541869077766732
325,64,Nữ,Đồng Nai,Miền Nam,Vòng tay,Vàng đính đá quý,18,16.38,1,Sinh nhật,32679000.0,30517000.0,3.4,Không,Không,Không,Tiền mặt,Giao hàng nhanh,Tại cửa hàng,23,Hàng năm,393.0,150323000.0,141950009.0,2042854.0,1,1,Khách hàng VIP (giá trị cao nhất),0.59092118404966
326,29,Nữ,Bà Rịa - Vũng Tàu,Miền Nam,Vòng tay,Vàng 24K,24,9.01,0,Sinh nhật,18364000.0,15132000.0,4.9,Không,Có,Không,Ví điện tử (Momo/ZaloPay),Giao hàng tiêu chuẩn,Online,24,Hàng tháng,27.0,88147000.0,90773781.0,15944973.0,0,3,Khách hàng trung thành,0.2644440228168175
327,29,Nữ,TP. Hồ Chí Minh,Miền Nam,Vòng tay,Bạc,5,18.18,0,Quà tặng người yêu,1107000.0,15728000.0,4.9,Có,Không,Không,Chuyển khoản ngân hàng,Giao hàng tiêu chuẩn,Online,1,Nửa năm một lần,160.0,221000.0,275499.0,250831.0,0,0,Khách hàng phổ thông / mới,0.29942589244055
328,19,Nữ,Lào Cai,Miền Bắc,Nhẫn,Vàng 24K,24,7.17,1,Quà tặng người yêu,16628000.0,15322000.0,3.7,Không,Không,Không,Ví điện tử (Momo/ZaloPay),Giao hàng tiêu chuẩn,Tại cửa hàng,10,Hai tuần một lần,15.0,33256000.0,31972318.0,37994956.0,0,0,Khách hàng phổ thông / mới,0.5109630062590033
329,24,Nam,An Giang,Miền Nam,Nhẫn,Vàng 24K,24,6.32,0,Quà tặng người yêu,13947000.0,10142000.0,2.7,Không,Không,Không,Ví điện tử (Momo/ZaloPay),Giao hàng nhanh,Online,3,Hàng tháng,30.0,8368000.0,7568019.0,15513828.0,1,0,Khách hàng phổ thông / mới,0.7035306713543527
330,44,Nam,Vĩnh Phúc,Miền Bắc,Vòng tay,Bạc,5,13.88,0,Quà tặng người yêu,669000.0,17876000.0,4.8,Không,Không,Không,Tiền mặt,Nhận tại cửa hàng,Online,19,Hai tuần một lần,14.0,2542000.0,2603262.0,1595711.0,0,3,Khách hàng trung thành,0.4550928853662564
331,44,Nam,Hưng Yên,Miền Bắc,Bông tai,Bạc,5,3.92,0,Tự mua sắm,300000.0,18681000.0,3.8,Không,Có,Không,Chuyển khoản ngân hàng,Giao hàng tiêu chuẩn,Tại cửa hàng,27,Hàng quý,78.0,1620000.0,1566702.0,115130.0,0,3,Khách hàng trung thành,0.38998209313187965
332,35,Nữ,Bà Rịa - Vũng Tàu,Miền Nam,Nhẫn,Bạc,5,7.8,0,Quà tặng người yêu,964000.0,23147000.0,2.8,Không,Không,Có,Chuyển khoản ngân hàng,Giao hàng nhanh,Tại cửa hàng,29,Hàng tháng,26.0,5591000.0,5088369.0,932664.0,0,3,Khách hàng trung thành,0.47267794877652347
333,32,Nữ,TP. Hồ Chí Minh,Miền Nam,Dây chuyền,Vàng 18K,18,8.58,0,Lễ/Tết,13748000.0,16086000.0,4.3,Không,Không,Có,Chuyển khoản ngân hàng,Giao hàng nhanh,Online,12,Nửa năm một lần,177.0,32995000.0,32849822.0,2361964.0,0,0,Khách hàng phổ thông / mới,0.32788325961765563
334,57,Nữ,An Giang,Miền Nam,Vòng tay,Bạch kim,20,17.13,0,Lễ/Tết,32138000.0,6000000.0,4.2,Không,Không,Không,Chuyển khoản ngân hàng,Giao hàng nhanh,Tại cửa hàng,8,Hàng quý,93.0,51421000.0,50901648.0,9103461.0,0,0,Khách hàng phổ thông / mới,0.44416910280857264
335,40,Nữ,Quảng Ninh,Miền Bắc,Bông tai,Vàng đính đá quý,18,1.56,1,Cưới hỏi,8404000.0,11039000.0,2.8,Không,Không,Không,Thẻ tín dụng,Nhận tại cửa hàng,Online,10,Hàng quý,100.0,16808000.0,15296961.0,2963725.0,1,0,Khách hàng phổ thông / mới,0.7559312628394913
336,56,Nữ,Kiên Giang,Miền Nam,Lắc chân,Vàng 18K,18,9.31,0,Quà tặng người yêu,14923000.0,29168000.0,3.2,Không,Không,Có,Tiền mặt,Giao hàng tiêu chuẩn,Online,2,Nửa năm một lần,187.0,5969000.0,5568480.0,2330693.0,0,0,Khách hàng phổ thông / mới,0.35378159756998306
337,64,Nữ,Gia Lai,Miền Trung,Dây chuyền,Vàng 18K,18,14.87,0,Sinh nhật,22003000.0,15959000.0,4.7,Không,Có,Không,Ví điện tử (Momo/ZaloPay),Giao hàng nhanh,Tại cửa hàng,11,Hàng năm,364.0,48407000.0,49297689.0,1543977.0,0,2,Khách hàng có nguy cơ rời bỏ,0.2878024078653375
338,33,Nữ,TP. Hồ Chí Minh,Miền Nam,Vòng tay,Vàng 18K,18,5.15,1,Lễ/Tết,9404000.0,23801000.0,4.9,Không,Có,Không,Chuyển khoản ngân hàng,Nhận tại cửa hàng,Online,20,Hàng tháng,27.0,37616000.0,38736957.0,9844426.0,0,3,Khách hàng trung thành,0.24998798446066847
339,27,Nữ,An Giang,Miền Nam,Vòng tay,Bạch kim,20,8.87,0,Sinh nhật,17094000.0,14626000.0,3.5,Không,Không,Không,Ví điện tử (Momo/ZaloPay),Nhận tại cửa hàng,Online,1,Hai tuần một lần,13.0,3419000.0,3248050.0,42379747.0,0,0,Khách hàng phổ thông / mới,0.42672204969732697
340,63,Nữ,Nghệ An,Miền Trung,Dây chuyền,Vàng 18K,18,12.42,0,Quà tặng người yêu,18034000.0,27470000.0,2.8,Có,Có,Có,Tiền mặt,Giao hàng nhanh,Tại cửa hàng,22,Hai tuần một lần,14.0,79350000.0,87419895.0,34723034.0,0,3,Khách hàng trung thành,0.12242713940173439
341,48,Nữ,TP. Hồ Chí Minh,Miền Nam,Nhẫn,Bạc,5,6.27,0,Quà tặng gia đình,572000.0,21574000.0,3.4,Không,Không,Có,Tiền mặt,Giao hàng nhanh,Online,26,Hàng năm,349.0,2974000.0,2808348.0,41892.0,1,2,Khách hàng có nguy cơ rời bỏ,0.5720368520982011
342,31,Nữ,Quảng Ngãi,Miền Trung,Nhẫn,Vàng 18K,18,6.27,0,Sinh nhật,9315000.0,9701000.0,3.8,Không,Có,Không,Ví điện tử (Momo/ZaloPay),Nhận tại cửa hàng,Online,10,Hàng năm,327.0,18630000.0,18017073.0,892073.0,0,2,Khách hàng có nguy cơ rời bỏ,0.3434269995429734
343,47,Nữ,Đồng Nai,Miền Nam,Lắc chân,Bạc,5,11.84,0,Cưới hỏi,300000.0,12623000.0,3.3,Không,Có,Không,Ví điện tử (Momo/ZaloPay),Giao hàng nhanh,Online,24,Hàng quý,87.0,1440000.0,1351584.0,108010.0,0,3,Khách hàng trung thành,0.49084079699633243
344,42,Nữ,An Giang,Miền Nam,Nhẫn,Bạch kim,20,2.12,0,Lễ/Tết,3713000.0,10092000.0,4.0,Không,Có,Có,Ví điện tử (Momo/ZaloPay),Giao hàng nhanh,Tại cửa hàng,15,Hàng tháng,32.0,11139000.0,10899512.0,3163303.0,0,0,Khách hàng phổ thông / mới,0.14828912441984266
345,61,Nữ,TP. Hồ Chí Minh,Miền Nam,Bông tai,Bạc,5,4.38,0,Quà tặng gia đình,300000.0,28047000.0,2.5,Không,Không,Không,Thẻ tín dụng,Giao hàng nhanh,Tại cửa hàng,30,Hàng quý,79.0,1800000.0,1607400.0,104265.0,0,3,Khách hàng trung thành,0.6567209848615818
346,30,Nữ,Hà Nội,Miền Bắc,Vòng tay,Vàng 18K,18,14.62,0,Sinh nhật,20509000.0,10989000.0,4.5,Không,Có,Không,Ví điện tử (Momo/ZaloPay),Giao hàng nhanh,Tại cửa hàng,16,Nửa năm một lần,162.0,65629000.0,66088403.0,3956600.0,0,3,Khách hàng trung thành,0.2998964022692203
347,65,Nam,Thái Nguyên,Miền Bắc,Dây chuyền,Vàng 18K,18,5.47,0,Cưới hỏi,9627000.0,19315000.0,4.6,Không,Không,Không,Tiền mặt,Nhận tại cửa hàng,Online,18,Hàng quý,92.0,34657000.0,35097144.0,2320980.0,0,3,Khách hàng trung thành,0.53080760364058
348,62,Nữ,Kiên Giang,Miền Nam,Lắc chân,Bạc,5,4.92,0,Sinh nhật,601000.0,21158000.0,4.5,Không,Có,Không,Ví điện tử (Momo/ZaloPay),Giao hàng tiêu chuẩn,Online,25,Hai tuần một lần,14.0,3005000.0,3026035.0,961587.0,0,3,Khách hàng trung thành,0.2726165825307016
349,26,Nữ,Kiên Giang,Miền Nam,Bông tai,Vàng 18K,18,4.25,0,Quà tặng người yêu,7029000.0,21114000.0,3.3,Không,Không,Không,Thẻ tín dụng,Giao hàng tiêu chuẩn,Tại cửa hàng,9,Hàng quý,81.0,12652000.0,11875167.0,2266670.0,1,0,Khách hàng phổ thông / mới,0.6877002746433246
350,25,Nam,Kiên Giang,Miền Nam,Nhẫn,Vàng đính đá quý,18,5.75,1,Sinh nhật,13302000.0,16273000.0,4.1,Không,Không,Không,Tiền mặt,Giao hàng nhanh,Online,21,Nửa năm một lần,188.0,55868000.0,54985286.0,2041106.0,1,3,Khách hàng trung thành,0.6299435076630073
351,43,Nữ,Hà Nội,Miền Bắc,Bông tai,Vàng 18K,18,4.0,1,Cưới hỏi,10326000.0,9551000.0,3.4,Không,Không,Không,Chuyển khoản ngân hàng,Nhận tại cửa hàng,Tại cửa hàng,26,Hàng năm,379.0,53695000.0,50704188.0,863104.0,0,2,Khách hàng có nguy cơ rời bỏ,0.6729791392673288
352,20,Nam,Nghệ An,Miền Trung,Vòng tay,Vàng 24K,24,11.93,0,Tự mua sắm,26058000.0,10752000.0,3.5,Có,Không,Không,Thẻ tín dụng,Giao hàng tiêu chuẩn,Online,9,Hàng tháng,26.0,46904000.0,53939600.0,38051619.0,0,0,Khách hàng phổ thông / mới,0.26489083791891666
353,32,Nữ,Bình Dương,Miền Nam,Dây chuyền,Vàng 18K,18,11.25,0,Tự mua sắm,17849000.0,12556000.0,4.3,Có,Không,Không,Tiền mặt,Nhận tại cửa hàng,Online,25,Hàng năm,390.0,89245000.0,107558074.0,1584962.0,1,1,Khách hàng VIP (giá trị cao nhất),0.3882303652886124
354,38,Nữ,Bình Dương,Miền Nam,Bông tai,Bạc,5,2.61,0,Quà tặng gia đình,300000.0,6000000.0,4.6,Không,Không,Có,Chuyển khoản ngân hàng,Giao hàng tiêu chuẩn,Online,9,Hàng quý,80.0,540000.0,546858.0,109261.0,0,0,Khách hàng phổ thông / mới,0.5447361051082984
355,64,Nữ,Hà Nội,Miền Bắc,Bông tai,Vàng đính đá quý,18,2.18,1,Lễ/Tết,6559000.0,24861000.0,4.6,Không,Có,Không,Ví điện tử (Momo/ZaloPay),Giao hàng nhanh,Online,19,Nửa năm một lần,196.0,24924000.0,25240535.0,1000492.0,1,3,Khách hàng trung thành,0.26856209917791796
356,65,Nữ,Gia Lai,Miền Trung,Dây chuyền,Vàng 18K,18,10.15,0,Quà tặng người yêu,13968000.0,25438000.0,3.1,Không,Có,Có,Thẻ tín dụng,Giao hàng nhanh,Tại cửa hàng,10,Hàng năm,337.0,27936000.0,25902259.0,1019056.0,0,2,Khách hàng có nguy cơ rời bỏ,0.21150179041432055
357,25,Nam,Bắc Ninh,Miền Bắc,Trang sức bộ,Vàng 18K,18,25.43,0,Quà tặng người yêu,40408000.0,11997000.0,4.1,Không,Không,Không,Ví điện tử (Momo/ZaloPay),Giao hàng tiêu chuẩn,Tại cửa hàng,19,Hàng quý,83.0,153550000.0,151123910.0,14556631.0,0,1,Khách hàng VIP (giá trị cao nhất),0.4432920177657952
358,60,Nam,Quảng Nam,Miền Trung,Bông tai,Vàng 18K,18,5.06,0,Sinh nhật,8174000.0,30732000.0,3.2,Không,Không,Có,Chuyển khoản ngân hàng,Nhận tại cửa hàng,Online,5,Hai tuần một lần,15.0,8174000.0,7625525.0,15498582.0,0,0,Khách hàng phổ thông / mới,0.4115718037338501
359,22,Nữ,Hải Dương,Miền Bắc,Vòng tay,Vàng đính đá quý,18,11.24,1,Cưới hỏi,22021000.0,18575000.0,4.1,Có,Không,Có,Tiền mặt,Giao hàng tiêu chuẩn,Tại cửa hàng,25,Hàng tháng,31.0,110105000.0,131179097.0,22548566.0,0,1,Khách hàng VIP (giá trị cao nhất),0.14924341428295504
360,53,Nam,Hà Nội,Miền Bắc,Nhẫn,Vàng đính đá quý,18,6.47,1,Quà tặng người yêu,14902000.0,27112000.0,3.4,Có,Không,Không,Thẻ tín dụng,Giao hàng nhanh,Tại cửa hàng,5,Hàng năm,340.0,14902000.0,17034476.0,1119094.0,1,2,Khách hàng có nguy cơ rời bỏ,0.5416426056705085
361,58,Nữ,Hà Nội,Miền Bắc,Dây chuyền,Vàng 24K,24,14.01,0,Tự mua sắm,27929000.0,26911000.0,4.5,Không,Có,Không,Ví điện tử (Momo/ZaloPay),Giao hàng nhanh,Tại cửa hàng,11,Hàng quý,103.0,61444000.0,61874108.0,8895108.0,0,3,Khách hàng trung thành,0.2930146677039249
362,60,Nam,An Giang,Miền Nam,Dây chuyền,Bạc,5,8.11,0,Cưới hỏi,545000.0,20661000.0,4.8,Không,Có,Không,Tiền mặt,Giao hàng nhanh,Online,25,Hàng quý,87.0,2725000.0,2790672.0,239780.0,0,3,Khách hàng trung thành,0.31847973115459816
363,28,Nữ,TP. Hồ Chí Minh,Miền Nam,Bông tai,Bạch kim,20,3.71,1,Quà tặng người yêu,10388000.0,6000000.0,3.2,Không,Không,Không,Ví điện tử (Momo/ZaloPay),Giao hàng tiêu chuẩn,Tại cửa hàng,3,Nửa năm một lần,177.0,6233000.0,5814766.0,1726209.0,1,0,Khách hàng phổ thông / mới,0.7539336746790624
364,60,Nữ,Tiền Giang,Miền Nam,Vòng tay,Bạch kim,20,18.65,1,Sinh nhật,38524000.0,22993000.0,4.7,Không,Không,Có,Chuyển khoản ngân hàng,Giao hàng nhanh,Online,25,Hàng tháng,27.0,192620000.0,196164208.0,45899553.0,0,1,Khách hàng VIP (giá trị cao nhất),0.28289792265525376
365,23,Nữ,Đà Nẵng,Miền Trung,Bông tai,Vàng 18K,18,2.5,0,Quà tặng gia đình,4131000.0,23065000.0,4.4,Không,Không,Có,Chuyển khoản ngân hàng,Giao hàng nhanh,Online,13,Hàng tháng,26.0,10741000.0,10754963.0,5358666.0,0,0,Khách hàng phổ thông / mới,0.4371716852421639
366,42,Nam,Huế,Miền Trung,Dây chuyền,Bạc,5,11.67,0,Tự mua sắm,692000.0,15952000.0,3.9,Không,Không,Không,Chuyển khoản ngân hàng,Giao hàng nhanh,Online,8,Hàng năm,400.0,1107000.0,1076890.0,48152.0,1,2,Khách hàng có nguy cơ rời bỏ,0.6101824552280771
367,40,Nữ,Thanh Hóa,Miền Trung,Bông tai,Bạc,5,3.89,0,Quà tặng người yêu,916000.0,21526000.0,3.8,Không,Có,Không,Chuyển khoản ngân hàng,Nhận tại cửa hàng,Online,25,Hàng quý,86.0,4580000.0,4429318.0,332424.0,0,3,Khách hàng trung thành,0.41053439062475483
368,33,Nữ,Quảng Ngãi,Miền Trung,Lắc chân,Vàng 24K,24,6.73,0,Sinh nhật,12650000.0,19779000.0,3.3,Không,Có,Không,Chuyển khoản ngân hàng,Nhận tại cửa hàng,Tại cửa hàng,26,Hàng tháng,30.0,65780000.0,61741108.0,12678673.0,0,3,Khách hàng trung thành,0.5189541702107882
369,19,Nữ,Thanh Hóa,Miền Trung,Bông tai,Vàng 24K,24,5.32,0,Quà tặng gia đình,10685000.0,12467000.0,3.0,Không,Có,Có,Chuyển khoản ngân hàng,Giao hàng tiêu chuẩn,Online,26,Hàng quý,98.0,55562000.0,51200383.0,3328427.0,0,3,Khách hàng trung thành,0.325995110465811
370,55,Nữ,TP. Hồ Chí Minh,Miền Nam,Bông tai,Vàng 18K,18,1.78,1,Quà tặng người yêu,7881000.0,20601000.0,2.7,Không,Có,Có,Chuyển khoản ngân hàng,Nhận tại cửa hàng,Tại cửa hàng,18,Hàng năm,322.0,28372000.0,25659637.0,632089.0,0,2,Khách hàng có nguy cơ rời bỏ,0.2861319827909187
371,34,Nữ,Đồng Nai,Miền Nam,Lắc chân,Vàng 24K,24,3.32,0,Tự mua sắm,7217000.0,16476000.0,4.3,Không,Không,Không,Chuyển khoản ngân hàng,Nhận tại cửa hàng,Tại cửa hàng,6,Hàng tháng,31.0,8660000.0,8621896.0,7015007.0,0,0,Khách hàng phổ thông / mới,0.5670264604247492
372,49,Nam,Bà Rịa - Vũng Tàu,Miền Nam,Nhẫn,Vàng 18K,18,2.85,0,Tự mua sắm,5023000.0,23565000.0,3.1,Có,Không,Có,Thẻ tín dụng,Nhận tại cửa hàng,Tại cửa hàng,22,Hàng tháng,29.0,22101000.0,24806162.0,5661993.0,0,3,Khách hàng trung thành,0.2826005619086993
373,37,Nữ,Hải Dương,Miền Bắc,Bông tai,Bạch kim,20,5.38,0,Tự mua sắm,10203000.0,16090000.0,3.7,Không,Không,Có,Thẻ tín dụng,Nhận tại cửa hàng,Online,22,Hàng quý,99.0,44893000.0,43160130.0,3899419.0,0,3,Khách hàng trung thành,0.4600342652177296
374,35,Nam,Khánh Hòa,Miền Trung,Trang sức bộ,Vàng đính đá quý,18,18.59,1,Quà tặng người yêu,37521000.0,15118000.0,4.7,Không,Không,Không,Ví điện tử (Momo/ZaloPay),Giao hàng tiêu chuẩn,Online,27,Hai tuần một lần,14.0,202613000.0,206341079.0,94285080.0,0,1,Khách hàng VIP (giá trị cao nhất),0.4538089167752351
375,60,Nữ,Nam Định,Miền Bắc,Vòng tay,Vàng 24K,24,15.26,0,Quà tặng gia đình,29096000.0,10136000.0,4.2,Không,Có,Không,Ví điện tử (Momo/ZaloPay),Giao hàng nhanh,Tại cửa hàng,23,Hai tuần một lần,16.0,133842000.0,132490196.0,75699036.0,0,1,Khách hàng VIP (giá trị cao nhất),0.2373831845917189
376,22,Nữ,Hà Nội,Miền Bắc,Nhẫn,Vàng 24K,24,3.0,0,Cưới hỏi,6715000.0,34765000.0,2.9,Có,Không,Không,Chuyển khoản ngân hàng,Giao hàng nhanh,Online,10,Hàng tuần,7.0,13430000.0,14888498.0,17362521.0,0,0,Khách hàng phổ thông / mới,0.48553342910403513
377,53,Nữ,TP. Hồ Chí Minh,Miền Nam,Trang sức bộ,Bạc,5,22.27,0,Quà tặng người yêu,1887000.0,18012000.0,4.3,Không,Có,Không,Thẻ tín dụng,Nhận tại cửa hàng,Online,14,Hàng tháng,26.0,5284000.0,5260750.0,2519184.0,0,0,Khách hàng phổ thông / mới,0.3267593202217365
378,53,Nữ,Bình Định,Miền Trung,Nhẫn,Vàng 18K,18,4.9,0,Quà tặng người yêu,7308000.0,13266000.0,3.0,Không,Có,Có,Chuyển khoản ngân hàng,Nhận tại cửa hàng,Online,20,Nửa năm một lần,185.0,29232000.0,26937288.0,1224191.0,0,3,Khách hàng trung thành,0.33029870422735075
379,36,Nam,TP. Hồ Chí Minh,Miền Nam,Dây chuyền,Vàng 24K,24,5.94,0,Sinh nhật,13400000.0,24385000.0,4.4,Không,Không,Có,Chuyển khoản ngân hàng,Giao hàng tiêu chuẩn,Online,24,Hàng tháng,27.0,64320000.0,64403616.0,20757561.0,0,3,Khách hàng trung thành,0.3858917465511408
380,30,Nữ,Hà Nội,Miền Bắc,Nhẫn,Bạch kim,20,4.02,0,Quà tặng người yêu,6583000.0,20389500.0,2.7,Không,Có,Không,Thẻ tín dụng,Nhận tại cửa hàng,Tại cửa hàng,10,Hàng quý,80.0,13166000.0,11907330.0,2109456.0,0,0,Khách hàng phổ thông / mới,0.5127006117019093
381,18,Nữ,Tây Ninh,Miền Nam,Vòng tay,Vàng 24K,24,8.93,0,Tự mua sắm,17618000.0,22917000.0,2.9,Có,Có,Có,Tiền mặt,Nhận tại cửa hàng,Tại cửa hàng,8,Nửa năm một lần,181.0,28189000.0,31250325.0,2478736.0,0,0,Khách hàng phổ thông / mới,0.2113179913780853
382,62,Nữ,Tây Ninh,Miền Nam,Dây chuyền,Vàng 24K,24,4.21,0,Lễ/Tết,9524000.0,26299000.0,4.8,Không,Không,Không,Chuyển khoản ngân hàng,Giao hàng nhanh,Online,28,Hàng tuần,7.0,53334000.0,54619349.0,25489348.0,0,3,Khách hàng trung thành,0.47799761520443657
383,63,Nữ,Đà Nẵng,Miền Trung,Vòng tay,Bạch kim,20,11.47,0,Quà tặng người yêu,22104000.0,29459000.0,3.2,Không,Không,Có,Thẻ tín dụng,Giao hàng nhanh,Tại cửa hàng,30,Hàng tháng,30.0,132624000.0,123724930.0,13653614.0,0,1,Khách hàng VIP (giá trị cao nhất),0.3973445903229515
384,29,Nam,Bà Rịa - Vũng Tàu,Miền Nam,Trang sức bộ,Bạc,5,24.09,0,Lễ/Tết,1396000.0,12287000.0,2.9,Không,Có,Không,Tiền mặt,Giao hàng nhanh,Tại cửa hàng,9,Hàng năm,382.0,2513000.0,2301405.0,99258.0,1,2,Khách hàng có nguy cơ rời bỏ,0.6437697243508218
385,19,Nữ,Hải Dương,Miền Bắc,Vòng tay,Vàng 18K,18,6.35,0,Quà tặng gia đình,10133000.0,20166000.0,3.0,Không,Không,Có,Ví điện tử (Momo/ZaloPay),Nhận tại cửa hàng,Tại cửa hàng,2,Nửa năm một lần,204.0,4053000.0,3734840.0,1286528.0,1,0,Khách hàng phổ thông / mới,0.7190939178586717
386,23,Nam,TP. Hồ Chí Minh,Miền Nam,Vòng tay,Bạc,5,10.37,0,Quà tặng người yêu,929000.0,8327000.0,3.4,Có,Có,Không,Chuyển khoản ngân hàng,Nhận tại cửa hàng,Online,19,Nửa năm một lần,170.0,3530000.0,4035143.0,168379.0,1,3,Khách hàng trung thành,0.4871612184469262
387,21,Nữ,Bà Rịa - Vũng Tàu,Miền Nam,Lắc chân,Vàng đính đá quý,18,7.16,1,Tự mua sắm,13652000.0,17113000.0,4.6,Không,Không,Không,Tiền mặt,Giao hàng nhanh,Tại cửa hàng,1,Hàng quý,90.0,2730000.0,2764671.0,4830606.0,0,0,Khách hàng phổ thông / mới,0.4623461107212944
388,57,Nữ,Cần Thơ,Miền Nam,Lắc chân,Vàng 24K,24,11.39,0,Quà tặng gia đình,24724000.0,26115000.0,2.9,Không,Không,Có,Tiền mặt,Nhận tại cửa hàng,Tại cửa hàng,6,Hàng năm,394.0,29669000.0,27170870.0,2518291.0,1,2,Khách hàng có nguy cơ rời bỏ,0.7027736252773837
389,60,Nam,Cần Thơ,Miền Nam,Nhẫn,Bạc,5,5.47,0,Tự mua sắm,922000.0,15334000.0,2.5,Không,Không,Không,Chuyển khoản ngân hàng,Giao hàng tiêu chuẩn,Online,16,Hàng tháng,31.0,2950000.0,2634350.0,1044902.0,1,0,Khách hàng phổ thông / mới,0.7284031513913274
390,25,Nữ,Đà Nẵng,Miền Trung,Nhẫn,Vàng 24K,24,7.62,0,Sinh nhật,16824000.0,35116000.0,4.7,Có,Không,Có,Ví điện tử (Momo/ZaloPay),Giao hàng nhanh,Tại cửa hàng,12,Hai tuần một lần,13.0,40378000.0,49777998.0,34792964.0,0,0,Khách hàng phổ thông / mới,0.12472273180925499
391,53,Nam,Cần Thơ,Miền Nam,Bông tai,Vàng 18K,18,3.62,0,Lễ/Tết,5682000.0,21306000.0,3.2,Không,Có,Không,Thẻ tín dụng,Giao hàng nhanh,Online,2,Hàng năm,320.0,2273000.0,2120482.0,446544.0,0,2,Khách hàng có nguy cơ rời bỏ,0.4607876985225896
392,26,Nữ,TP. Hồ Chí Minh,Miền Nam,Lắc chân,Vàng 18K,18,10.23,0,Tự mua sắm,14886000.0,6888000.0,2.7,Có,Có,Không,Ví điện tử (Momo/ZaloPay),Giao hàng tiêu chuẩn,Tại cửa hàng,11,Hàng tuần,6.0,32749000.0,35853605.0,48612263.0,0,0,Khách hàng phổ thông / mới,0.24541766545161045
393,35,Nữ,Bắc Ninh,Miền Bắc,Vòng tay,Vàng 18K,18,6.44,0,Cưới hỏi,10461000.0,25037000.0,2.6,Có,Không,Không,Tiền mặt,Giao hàng nhanh,Tại cửa hàng,21,Nửa năm một lần,157.0,43936000.0,47797974.0,1523891.0,0,3,Khách hàng trung thành,0.47818165134336377
394,46,Nam,Hải Phòng,Miền Bắc,Nhẫn,Vàng 24K,24,5.17,0,Cưới hỏi,10642000.0,36301000.0,4.7,Không,Có,Không,Chuyển khoản ngân hàng,Nhận tại cửa hàng,Tại cửa hàng,23,Hàng tuần,7.0,48953000.0,49853735.0,42450807.0,0,3,Khách hàng trung thành,0.35829159652674686
395,52,Nữ,Bình Dương,Miền Nam,Bông tai,Bạch kim,20,2.76,0,Sinh nhật,5160000.0,6000000.0,3.8,Có,Có,Có,Ví điện tử (Momo/ZaloPay),Nhận tại cửa hàng,Online,23,Hàng quý,90.0,23736000.0,27787735.0,2085155.0,0,3,Khách hàng trung thành,0.13278700987101374
396,59,Nữ,Quảng Ngãi,Miền Trung,Bông tai,Vàng 18K,18,4.64,0,Cưới hỏi,7280000.0,26541000.0,4.0,Có,Không,Không,Ví điện tử (Momo/ZaloPay),Nhận tại cửa hàng,Tại cửa hàng,9,Nửa năm một lần,171.0,13104000.0,15521688.0,1169332.0,1,0,Khách hàng phổ thông / mới,0.38939900473923544
397,20,Nam,Khánh Hòa,Miền Trung,Vòng tay,Vàng đính đá quý,18,18.16,1,Cưới hỏi,31232000.0,12275000.0,4.0,Không,Có,Không,Tiền mặt,Giao hàng tiêu chuẩn,Online,20,Hàng quý,102.0,124928000.0,122242048.0,6353285.0,0,1,Khách hàng VIP (giá trị cao nhất),0.4735250888760359
398,27,Nữ,An Giang,Miền Nam,Lắc chân,Vàng 18K,18,9.41,0,Quà tặng người yêu,14852000.0,19242000.0,3.8,Không,Không,Có,Chuyển khoản ngân hàng,Giao hàng tiêu chuẩn,Online,10,Hàng quý,90.0,29704000.0,28726738.0,6157129.0,0,0,Khách hàng phổ thông / mới,0.32417025820194173
399,31,Nam,TP. Hồ Chí Minh,Miền Nam,Bông tai,Bạch kim,20,1.44,0,Lễ/Tết,3220000.0,10696000.0,4.4,Không,Không,Có,Tiền mặt,Giao hàng nhanh,Online,20,Hàng tháng,34.0,12880000.0,12896744.0,2782599.0,0,3,Khách hàng trung thành,0.3287525236467384
400,32,Nữ,Nghệ An,Miền Trung,Bông tai,Bạc,5,4.11,1,Tự mua sắm,4075000.0,25894000.0,4.8,Không,Không,Có,Tiền mặt,Giao hàng tiêu chuẩn,Online,1,Hàng tháng,29.0,815000.0,834642.0,5154764.0,0,0,Khách hàng phổ thông / mới,0.34279319228741945
401,65,Nam,Huế,Miền Trung,Bông tai,Vàng 18K,18,4.72,0,Cưới hỏi,7479000.0,19671000.0,4.1,Không,Không,Có,Ví điện tử (Momo/ZaloPay),Giao hàng tiêu chuẩn,Tại cửa hàng,13,Nửa năm một lần,189.0,19445000.0,19137769.0,846436.0,1,0,Khách hàng phổ thông / mới,0.45964882105598065
402,55,Nữ,Gia Lai,Miền Trung,Bông tai,Bạc,5,1.15,0,Cưới hỏi,453000.0,29423000.0,4.6,Có,Không,Không,Chuyển khoản ngân hàng,Giao hàng nhanh,Online,10,Hàng tuần,7.0,906000.0,1110665.0,1212381.0,0,0,Khách hàng phổ thông / mới,0.29433724068520895
403,33,Nữ,Bình Dương,Miền Nam,Vòng tay,Bạch kim,20,7.55,0,Quà tặng người yêu,14449000.0,12773000.0,2.5,Không,Không,Có,Tiền mặt,Nhận tại cửa hàng,Online,21,Nửa năm một lần,206.0,60686000.0,54192598.0,2106209.0,1,3,Khách hàng trung thành,0.558977830395945
404,64,Nam,Đắk Lắk,Miền Trung,Vòng tay,Vàng 18K,18,15.2,0,Quà tặng người yêu,23569000.0,20394000.0,3.7,Không,Không,Có,Ví điện tử (Momo/ZaloPay),Nhận tại cửa hàng,Tại cửa hàng,9,Hàng quý,83.0,42424000.0,40786434.0,8590956.0,0,0,Khách hàng phổ thông / mới,0.24521700649867054
405,41,Nữ,Khánh Hòa,Miền Trung,Bông tai,Vàng 18K,18,2.57,0,Tự mua sắm,4262000.0,6000000.0,4.0,Có,Không,Có,Ví điện tử (Momo/ZaloPay),Giao hàng tiêu chuẩn,Online,9,Hàng quý,82.0,7672000.0,9087484.0,1432949.0,0,0,Khách hàng phổ thông / mới,0.20371971711921766
406,42,Nữ,TP. Hồ Chí Minh,Miền Nam,Vòng tay,Bạc,5,5.93,1,Quà tặng người yêu,1148000.0,38704000.0,3.0,Không,Không,Có,Tiền mặt,Nhận tại cửa hàng,Online,17,Hàng quý,94.0,3903000.0,3596614.0,407459.0,1,0,Khách hàng phổ thông / mới,0.5886897547797528
407,38,Nữ,TP. Hồ Chí Minh,Miền Nam,Vòng tay,Bạc,5,18.34,1,Quà tặng gia đình,4662000.0,33718000.0,2.9,Không,Không,Không,Tiền mặt,Giao hàng nhanh,Tại cửa hàng,20,Nửa năm một lần,172.0,18648000.0,17077838.0,656877.0,1,3,Khách hàng trung thành,0.7791197299939179
408,24,Nữ,Cần Thơ,Miền Nam,Nhẫn,Vàng 18K,18,7.69,0,Cưới hỏi,12234000.0,34695000.0,2.8,Có,Không,Có,Tiền mặt,Giao hàng tiêu chuẩn,Online,13,Hàng quý,100.0,31808000.0,35042874.0,3576139.0,0,0,Khách hàng phổ thông / mới,0.29735594207883653
409,62,Nam,Hà Nội,Miền Bắc,Bông tai,Bạch kim,20,2.87,0,Quà tặng người yêu,5829000.0,32452000.0,3.2,Không,Không,Có,Ví điện tử (Momo/ZaloPay),Giao hàng nhanh,Online,27,Hai tuần một lần,12.0,31477000.0,29364893.0,14888041.0,0,3,Khách hàng trung thành,0.33054634139467526
410,18,Nam,Bình Dương,Miền Nam,Bông tai,Vàng 18K,18,5.96,0,Lễ/Tết,9364000.0,14944000.0,4.6,Không,Không,Có,Chuyển khoản ngân hàng,Giao hàng tiêu chuẩn,Online,30,Hàng năm,317.0,56184000.0,56897537.0,968243.0,0,2,Khách hàng có nguy cơ rời bỏ,0.3320678174026741
411,26,Nữ,Khánh Hòa,Miền Trung,Dây chuyền,Vàng 18K,18,13.28,0,Cưới hỏi,20760000.0,19251000.0,2.6,Có,Không,Không,Chuyển khoản ngân hàng,Nhận tại cửa hàng,Tại cửa hàng,19,Hàng tháng,26.0,78888000.0,85822255.0,27022111.0,0,3,Khách hàng trung thành,0.4397006100001026
412,29,Nữ,Hà Nội,Miền Bắc,Dây chuyền,Bạc,5,9.67,0,Cưới hỏi,440000.0,21780000.0,4.0,Có,Có,Không,Thẻ tín dụng,Nhận tại cửa hàng,Tại cửa hàng,17,Nửa năm một lần,171.0,1496000.0,1772012.0,61566.0,0,0,Khách hàng phổ thông / mới,0.1508803145222939
413,31,Nữ,TP. Hồ Chí Minh,Miền Nam,Dây chuyền,Vàng đính đá quý,18,11.97,1,Quà tặng người yêu,20866000.0,22481000.0,2.7,Không,Có,Không,Thẻ tín dụng,Nhận tại cửa hàng,Online,16,Hàng tuần,8.0,66771000.0,60387692.0,45312154.0,0,3,Khách hàng trung thành,0.513503547689253
414,24,Nữ,TP. Hồ Chí Minh,Miền Nam,Trang sức bộ,Vàng 18K,18,33.41,0,Tự mua sắm,49885000.0,11771000.0,4.0,Không,Có,Có,Chuyển khoản ngân hàng,Giao hàng tiêu chuẩn,Online,3,Hàng quý,101.0,29931000.0,29287484.0,18225043.0,0,0,Khách hàng phổ thông / mới,0.19524949594198637
415,18,Nữ,Khánh Hòa,Miền Trung,Lắc chân,Vàng 18K,18,9.55,0,Cưới hỏi,15703000.0,11059000.0,3.1,Không,Không,Có,Tiền mặt,Giao hàng nhanh,Online,13,Hàng quý,101.0,40828000.0,37855722.0,4943257.0,0,0,Khách hàng phổ thông / mới,0.48438982225313265
416,50,Nam,Đồng Nai,Miền Nam,Vòng tay,Vàng 24K,24,12.235,0,Lễ/Tết,19230000.0,11640000.0,2.9,Không,Có,Không,Chuyển khoản ngân hàng,Giao hàng nhanh,Online,25,Hàng tuần,8.0,96150000.0,88054170.0,49917566.0,0,3,Khách hàng trung thành,0.4397367732890947
417,64,Nam,Vĩnh Phúc,Miền Bắc,Dây chuyền,Bạc,5,5.32,0,Tự mua sắm,300000.0,18854000.0,3.7,Không,Có,Có,Tiền mặt,Nhận tại cửa hàng,Tại cửa hàng,21,Nửa năm một lần,171.0,1260000.0,1211364.0,67327.0,0,3,Khách hàng trung thành,0.261619325941624
418,23,Nữ,Thái Nguyên,Miền Bắc,Bông tai,Vàng 18K,18,3.16,0,Lễ/Tết,4236000.0,17140000.0,3.1,Không,Có,Không,Ví điện tử (Momo/ZaloPay),Giao hàng nhanh,Tại cửa hàng,2,Hàng tháng,30.0,1694000.0,1570677.0,4324200.0,0,0,Khách hàng phổ thông / mới,0.4563935149117219
419,32,Nữ,Thanh Hóa,Miền Trung,Vòng tay,Vàng 18K,18,7.8,1,Tự mua sắm,17743000.0,16751000.0,3.4,Có,Không,Có,Tiền mặt,Giao hàng nhanh,Tại cửa hàng,5,Hàng quý,86.0,17743000.0,20282023.0,7503268.0,0,0,Khách hàng phổ thông / mới,0.23974771320794205
420,42,Nữ,Huế,Miền Trung,Trang sức bộ,Vàng 24K,24,10.54,0,Tự mua sắm,21425000.0,22279000.0,4.1,Có,Có,Có,Tiền mặt,Giao hàng nhanh,Tại cửa hàng,26,Nửa năm một lần,193.0,111410000.0,132733874.0,3370785.0,0,1,Khách hàng VIP (giá trị cao nhất),0.08688021883741237
421,62,Nữ,TP. Hồ Chí Minh,Miền Nam,Nhẫn,Vàng đính đá quý,18,4.46,1,Tự mua sắm,13020000.0,12040000.0,4.8,Có,Không,Không,Thẻ tín dụng,Giao hàng tiêu chuẩn,Tại cửa hàng,23,Nửa năm một lần,204.0,59892000.0,74248112.0,2624937.0,0,3,Khách hàng trung thành,0.2129563058172899
422,51,Nữ,Long An,Miền Nam,Nhẫn,Vàng 18K,18,3.64,0,Sinh nhật,6039000.0,15079000.0,4.0,Không,Không,Không,Thẻ tín dụng,Nhận tại cửa hàng,Online,13,Hàng quý,81.0,15701000.0,15363428.0,2943367.0,0,0,Khách hàng phổ thông / mới,0.5725656825331071
423,54,Nữ,TP. Hồ Chí Minh,Miền Nam,Vòng tay,Bạc,5,6.43,0,Tự mua sắm,399000.0,15918000.0,3.8,Không,Không,Có,Chuyển khoản ngân hàng,Nhận tại cửa hàng,Online,29,Hàng quý,90.0,2314000.0,2237869.0,127040.0,0,3,Khách hàng trung thành,0.32982007102861066
424,45,Nam,Quảng Ninh,Miền Bắc,Nhẫn,Vàng 24K,24,7.16,0,Tự mua sắm,15673000.0,26433000.0,3.9,Không,Không,Không,Ví điện tử (Momo/ZaloPay),Giao hàng tiêu chuẩn,Tại cửa hàng,2,Hai tuần một lần,14.0,6269000.0,6098483.0,39458438.0,0,0,Khách hàng phổ thông / mới,0.55420936677936
425,38,Nữ,Thanh Hóa,Miền Trung,Vòng tay,Vàng 24K,24,6.84,1,Quà tặng người yêu,18189000.0,21662000.0,3.7,Có,Có,Không,Chuyển khoản ngân hàng,Giao hàng nhanh,Tại cửa hàng,23,Hàng năm,410.0,83669000.0,97373982.0,1485510.0,0,2,Khách hàng có nguy cơ rời bỏ,0.14561437615740572
426,27,Nam,Quảng Ninh,Miền Bắc,Bông tai,Vàng 24K,24,4.15,0,Tự mua sắm,9443000.0,21987000.0,3.9,Không,Không,Không,Thẻ tín dụng,Nhận tại cửa hàng,Tại cửa hàng,30,Nửa năm một lần,203.0,56658000.0,55116902.0,1739308.0,1,3,Khách hàng trung thành,0.6119866154541806
427,59,Nữ,TP. Hồ Chí Minh,Miền Nam,Nhẫn,Vàng 18K,18,5.2,0,Cưới hỏi,8285000.0,15002000.0,3.9,Có,Không,Không,Chuyển khoản ngân hàng,Giao hàng tiêu chuẩn,Online,14,Nửa năm một lần,202.0,23198000.0,27317965.0,1016734.0,0,0,Khách hàng phổ thông / mới,0.32671902507746337
428,56,Nam,Hải Dương,Miền Bắc,Dây chuyền,Vàng 18K,18,14.75,0,Sinh nhật,21720000.0,21643000.0,3.7,Có,Có,Không,Chuyển khoản ngân hàng,Giao hàng nhanh,Online,15,Hàng quý,97.0,65160000.0,75833208.0,7547068.0,0,3,Khách hàng trung thành,0.16812328813032032
429,19,Nam,Khánh Hòa,Miền Trung,Bông tai,Vàng 18K,18,2.27,0,Quà tặng người yêu,3448000.0,20389500.0,4.5,Không,Có,Có,Tiền mặt,Giao hàng nhanh,Tại cửa hàng,7,Hàng quý,101.0,4827000.0,4860789.0,1219277.0,0,0,Khách hàng phổ thông / mới,0.19799805473105886
430,52,Nữ,Đồng Nai,Miền Nam,Lắc chân,Vàng 18K,18,5.12,1,Quà tặng người yêu,9693000.0,15939000.0,3.5,Không,Không,Có,Tiền mặt,Giao hàng nhanh,Online,26,Hai tuần một lần,16.0,50404000.0,47883800.0,12420857.0,0,3,Khách hàng trung thành,0.32439269384830105
431,22,Nữ,TP. Hồ Chí Minh,Miền Nam,Vòng tay,Vàng 24K,24,14.41,0,Quà tặng người yêu,31333000.0,21907000.0,2.8,Không,Không,Không,Tiền mặt,Giao hàng nhanh,Online,22,Hàng tháng,27.0,137865000.0,125470936.0,27399437.0,1,1,Khách hàng VIP (giá trị cao nhất),0.6558715354414206
432,53,Nữ,Vĩnh Phúc,Miền Bắc,Nhẫn,Vàng 18K,18,5.13,0,Quà tặng người yêu,8332000.0,16652000.0,4.1,Không,Không,Có,Tiền mặt,Nhận tại cửa hàng,Online,13,Hàng quý,101.0,21663000.0,21320725.0,1566428.0,0,0,Khách hàng phổ thông / mới,0.39164798711258386
433,57,Nam,Lào Cai,Miền Bắc,Vòng tay,Vàng 24K,24,17.18,1,Quà tặng người yêu,40697000.0,20681000.0,4.5,Không,Không,Không,Ví điện tử (Momo/ZaloPay),Giao hàng tiêu chuẩn,Online,8,Hàng tháng,30.0,65115000.0,65570805.0,38723471.0,0,0,Khách hàng phổ thông / mới,0.37127704855218074
434,24,Nữ,TP. Hồ Chí Minh,Miền Nam,Dây chuyền,Vàng 24K,24,5.08,0,Quà tặng người yêu,11227000.0,17551000.0,4.5,Không,Không,Không,Thẻ tín dụng,Giao hàng tiêu chuẩn,Tại cửa hàng,14,Hai tuần một lần,13.0,31436000.0,31656052.0,29254736.0,0,0,Khách hàng phổ thông / mới,0.4822915623334174
435,38,Nữ,Bình Định,Miền Trung,Bông tai,Vàng 24K,24,2.5,0,Sinh nhật,5896000.0,12060000.0,3.1,Không,Không,Có,Thẻ tín dụng,Giao hàng nhanh,Online,14,Hàng quý,92.0,16509000.0,15307145.0,2442529.0,0,0,Khách hàng phổ thông / mới,0.5351284127872046
436,23,Nữ,Hà Nội,Miền Bắc,Vòng tay,Bạc,5,5.08,1,Sinh nhật,3340000.0,15337000.0,4.1,Không,Có,Không,Thẻ tín dụng,Nhận tại cửa hàng,Tại cửa hàng,11,Hàng quý,90.0,7348000.0,7231902.0,1128182.0,0,0,Khách hàng phổ thông / mới,0.3079879383754236
437,45,Nam,Bà Rịa - Vũng Tàu,Miền Nam,Dây chuyền,Vàng đính đá quý,18,11.66,1,Quà tặng gia đình,20054000.0,16770000.0,5.0,Có,Có,Có,Thẻ tín dụng,Giao hàng nhanh,Tại cửa hàng,26,Hàng quý,91.0,104281000.0,130716234.0,8549290.0,0,1,Khách hàng VIP (giá trị cao nhất),0.10455770055342505
438,62,Nữ,Khánh Hòa,Miền Trung,Bông tai,Bạc,5,2.63,0,Lễ/Tết,326000.0,19048000.0,2.8,Không,Có,Có,Chuyển khoản ngân hàng,Giao hàng tiêu chuẩn,Online,12,Nửa năm một lần,175.0,782000.0,711698.0,42003.0,1,0,Khách hàng phổ thông / mới,0.4991164546321166
439,21,Nữ,Đà Nẵng,Miền Trung,Vòng tay,Vàng 24K,24,8.54,0,Quà tặng người yêu,17542000.0,6640000.0,3.8,Không,Có,Không,Tiền mặt,Giao hàng tiêu chuẩn,Tại cửa hàng,4,Nửa năm một lần,190.0,14034000.0,13572281.0,1920548.0,0,0,Khách hàng phổ thông / mới,0.2707083908010073
440,37,Nữ,Thái Nguyên,Miền Bắc,Nhẫn,Vàng đính đá quý,18,5.43,1,Sinh nhật,12536000.0,15115000.0,3.3,Có,Có,Không,Chuyển khoản ngân hàng,Nhận tại cửa hàng,Online,24,Hàng tuần,7.0,60173000.0,68368563.0,37231973.0,0,3,Khách hàng trung thành,0.29988012780223583
442,32,Nam,Lào Cai,Miền Bắc,Trang sức bộ,Vàng 18K,18,11.42,0,Cưới hỏi,18928000.0,22982000.0,3.3,Không,Không,Không,Ví điện tử (Momo/ZaloPay),Giao hàng tiêu chuẩn,Online,1,Hàng quý,97.0,3786000.0,3553540.0,6258719.0,0,0,Khách hàng phổ thông / mới,0.5375195209562365
443,24,Nữ,Hưng Yên,Miền Bắc,Bông tai,Vàng 24K,24,2.18,0,Sinh nhật,4836000.0,16644000.0,4.3,Có,Có,Có,Thẻ tín dụng,Giao hàng nhanh,Online,21,Hàng quý,91.0,20311000.0,24478817.0,1584903.0,0,3,Khách hàng trung thành,0.07324492819475545
444,41,Nam,Đắk Lắk,Miền Trung,Dây chuyền,Bạc,5,13.2,0,Tự mua sắm,1303000.0,12202000.0,2.9,Không,Không,Không,Ví điện tử (Momo/ZaloPay),Giao hàng nhanh,Online,15,Hàng năm,406.0,3909000.0,3579862.0,60451.0,1,2,Khách hàng có nguy cơ rời bỏ,0.7676276631047122
445,42,Nữ,Đà Nẵng,Miền Trung,Bông tai,Vàng đính đá quý,18,3.98,1,Tự mua sắm,11155000.0,21223000.0,2.7,Có,Không,Không,Tiền mặt,Giao hàng tiêu chuẩn,Tại cửa hàng,21,Hai tuần một lần,15.0,46851000.0,51292475.0,21952112.0,0,3,Khách hàng trung thành,0.47854975618938805
446,49,Nam,Bà Rịa - Vũng Tàu,Miền Nam,Dây chuyền,Bạch kim,20,8.65,0,Cưới hỏi,14473000.0,27714000.0,2.8,Không,Có,Không,Tiền mặt,Giao hàng tiêu chuẩn,Online,8,Nửa năm một lần,209.0,23157000.0,21075186.0,1589666.0,1,0,Khách hàng phổ thông / mới,0.6841455613587832
447,33,Nam,Tiền Giang,Miền Nam,Vòng tay,Bạc,5,12.37,0,Tự mua sắm,984000.0,30599000.0,3.2,Không,Có,Không,Thẻ tín dụng,Giao hàng tiêu chuẩn,Online,6,Hàng tháng,32.0,1181000.0,1101755.0,1033699.0,0,0,Khách hàng phổ thông / mới,0.40335280257402956
448,63,Nữ,Nam Định,Miền Bắc,Vòng tay,Bạc,5,19.95,0,Cưới hỏi,742000.0,18112000.0,4.6,Có,Không,Không,Tiền mặt,Giao hàng nhanh,Tại cửa hàng,17,Hàng tuần,7.0,2523000.0,3092946.0,2372889.0,0,0,Khách hàng phổ thông / mới,0.24488517990897715
449,43,Nữ,Hải Phòng,Miền Bắc,Dây chuyền,Vàng đính đá quý,18,3.38,1,Lễ/Tết,11923000.0,13159000.0,2.9,Có,Không,Không,Thẻ tín dụng,Nhận tại cửa hàng,Tại cửa hàng,2,Hàng quý,83.0,4769000.0,5286913.0,3580441.0,0,0,Khách hàng phổ thông / mới,0.4635878364228081
450,31,Nữ,Đồng Nai,Miền Nam,Dây chuyền,Vàng 24K,24,4.93,0,Quà tặng gia đình,11308000.0,23232000.0,2.6,Không,Không,Có,Ví điện tử (Momo/ZaloPay),Giao hàng tiêu chuẩn,Online,7,Hàng tháng,31.0,15831000.0,14227320.0,9931021.0,0,0,Khách hàng phổ thông / mới,0.5474649269726997
451,64,Nữ,Tây Ninh,Miền Nam,Trang sức bộ,Vàng 24K,24,31.64,0,Cưới hỏi,63122000.0,24354000.0,4.6,Không,Có,Không,Ví điện tử (Momo/ZaloPay),Giao hàng nhanh,Tại cửa hàng,2,Hàng tuần,7.0,25249000.0,25569662.0,153261775.0,0,0,Khách hàng phổ thông / mới,0.23626375285463833
452,62,Nữ,Bà Rịa - Vũng Tàu,Miền Nam,Dây chuyền,Bạch kim,20,9.42,0,Tự mua sắm,17739000.0,21793000.0,3.4,Không,Không,Có,Thẻ tín dụng,Giao hàng tiêu chuẩn,Tại cửa hàng,11,Hàng quý,88.0,39026000.0,36852252.0,5979158.0,0,0,Khách hàng phổ thông / mới,0.3651963158118459
453,41,Nữ,Hà Nội,Miền Bắc,Lắc chân,Vàng 24K,24,11.96,0,Lễ/Tết,26107000.0,16014000.0,4.0,Không,Không,Có,Thẻ tín dụng,Nhận tại cửa hàng,Online,28,Hàng tháng,33.0,146199000.0,143055722.0,27814056.0,0,1,Khách hàng VIP (giá trị cao nhất),0.3069207210022256
454,19,Nữ,Hải Dương,Miền Bắc,Bông tai,Vàng 18K,18,4.42,0,Sinh nhật,6714000.0,9978000.0,2.7,Có,Có,Có,Thẻ tín dụng,Giao hàng tiêu chuẩn,Online,16,Hàng quý,101.0,21485000.0,23521778.0,1640415.0,0,3,Khách hàng trung thành,0.14361975081752282
455,46,Nữ,Hà Nội,Miền Bắc,Vòng tay,Vàng 18K,18,15.85,0,Quà tặng người yêu,24994000.0,25482000.0,4.8,Không,Không,Không,Tiền mặt,Giao hàng tiêu chuẩn,Online,23,Hàng tuần,7.0,114972000.0,117742825.0,81784995.0,0,1,Khách hàng VIP (giá trị cao nhất),0.449851537900222
456,44,Nữ,Cần Thơ,Miền Nam,Nhẫn,Vàng 18K,18,5.27,0,Tự mua sắm,8214000.0,26916000.0,3.8,Không,Không,Có,Tiền mặt,Giao hàng tiêu chuẩn,Online,23,Hàng quý,77.0,37784000.0,36540906.0,2894807.0,1,3,Khách hàng trung thành,0.540806804800934
457,25,Nữ,Đắk Lắk,Miền Trung,Nhẫn,Vàng 24K,24,1.61,0,Sinh nhật,3555000.0,16980000.0,2.7,Không,Có,Không,Ví điện tử (Momo/ZaloPay),Giao hàng nhanh,Online,4,Hàng quý,100.0,2844000.0,2572114.0,914292.0,0,0,Khách hàng phổ thông / mới,0.47168132700285315
458,48,Nữ,Khánh Hòa,Miền Trung,Nhẫn,Bạc,5,7.4,0,Quà tặng người yêu,300000.0,32854000.0,4.1,Không,Không,Không,Chuyển khoản ngân hàng,Nhận tại cửa hàng,Online,29,Hàng quý,78.0,1740000.0,1712508.0,113162.0,0,3,Khách hàng trung thành,0.4838862378040029
459,58,Nam,Bình Định,Miền Trung,Vòng tay,Vàng 18K,18,12.85,0,Tự mua sắm,18211000.0,23134000.0,3.4,Không,Có,Có,Chuyển khoản ngân hàng,Giao hàng tiêu chuẩn,Online,5,Nửa năm một lần,179.0,18211000.0,17196647.0,2483379.0,0,0,Khách hàng phổ thông / mới,0.3012409583603233
460,23,Nữ,Hải Dương,Miền Bắc,Trang sức bộ,Bạc,5,10.23,0,Sinh nhật,1824000.0,20389500.0,3.4,Không,Không,Không,Thẻ tín dụng,Giao hàng nhanh,Online,8,Hàng năm,347.0,2918000.0,2755467.0,141979.0,1,2,Khách hàng có nguy cơ rời bỏ,0.7177414967621977
461,52,Nữ,Gia Lai,Miền Trung,Lắc chân,Vàng 18K,18,4.89,1,Quà tặng người yêu,9666000.0,12840000.0,3.5,Không,Không,Không,Ví điện tử (Momo/ZaloPay),Giao hàng tiêu chuẩn,Online,20,Hàng tuần,7.0,38664000.0,36730800.0,22745509.0,0,3,Khách hàng trung thành,0.5146317141863852
462,24,Nữ,Hà Nội,Miền Bắc,Nhẫn,Vàng đính đá quý,18,3.78,1,Quà tặng gia đình,11188000.0,7537000.0,3.8,Có,Có,Không,Tiền mặt,Giao hàng tiêu chuẩn,Tại cửa hàng,15,Hàng quý,94.0,33564000.0,39293375.0,4833396.0,0,3,Khách hàng trung thành,0.16497915662815985
463,53,Nữ,TP. Hồ Chí Minh,Miền Nam,Dây chuyền,Bạc,5,6.43,0,Cưới hỏi,672000.0,17596000.0,4.0,Có,Không,Không,Ví điện tử (Momo/ZaloPay),Giao hàng tiêu chuẩn,Tại cửa hàng,7,Hàng năm,404.0,941000.0,1114614.0,50218.0,0,2,Khách hàng có nguy cơ rời bỏ,0.3365623875453024
464,38,Nam,TP. Hồ Chí Minh,Miền Nam,Nhẫn,Vàng đính đá quý,18,1.68,1,Sinh nhật,7470000.0,22861000.0,2.9,Không,Có,Không,Chuyển khoản ngân hàng,Nhận tại cửa hàng,Tại cửa hàng,11,Nửa năm một lần,194.0,16434000.0,15050257.0,1009662.0,1,0,Khách hàng phổ thông / mới,0.6339789850322916
465,18,Nữ,TP. Hồ Chí Minh,Miền Nam,Trang sức bộ,Vàng 18K,18,17.01,0,Tự mua sắm,24078000.0,35415000.0,4.4,Không,Có,Không,Thẻ tín dụng,Giao hàng nhanh,Online,13,Hàng năm,358.0,62603000.0,62684384.0,2095424.0,1,2,Khách hàng có nguy cơ rời bỏ,0.4897361301606789
466,64,Nam,Lào Cai,Miền Bắc,Nhẫn,Vàng 24K,24,7.33,0,Quà tặng người yêu,14650000.0,22313000.0,2.6,Không,Có,Không,Ví điện tử (Momo/ZaloPay),Giao hàng nhanh,Online,19,Nửa năm một lần,197.0,55670000.0,50030629.0,2185856.0,1,3,Khách hàng trung thành,0.6182220737169649
467,25,Nữ,Cần Thơ,Miền Nam,Nhẫn,Bạch kim,20,5.33,0,Tự mua sắm,9978000.0,23646000.0,4.2,Có,Không,Có,Thẻ tín dụng,Giao hàng tiêu chuẩn,Online,24,Nửa năm một lần,190.0,47894000.0,57391380.0,1512810.0,0,3,Khách hàng trung thành,0.189243036284994
468,46,Nữ,TP. Hồ Chí Minh,Miền Nam,Bông tai,Bạch kim,20,2.63,0,Tự mua sắm,5580000.0,14969000.0,3.0,Có,Không,Không,Thẻ tín dụng,Giao hàng tiêu chuẩn,Online,11,Hai tuần một lần,14.0,12276000.0,13693878.0,13279005.0,0,0,Khách hàng phổ thông / mới,0.5115252982087548
469,26,Nữ,Bắc Ninh,Miền Bắc,Vòng tay,Vàng 24K,24,6.32,0,Sinh nhật,13026000.0,21021000.0,3.6,Không,Có,Có,Chuyển khoản ngân hàng,Nhận tại cửa hàng,Online,12,Hàng tháng,29.0,31262000.0,29877093.0,15312531.0,0,0,Khách hàng phổ thông / mới,0.21151381335963643
470,62,Nữ,Thái Nguyên,Miền Bắc,Nhẫn,Bạc,5,6.38,0,Sinh nhật,762000.0,22266000.0,3.9,Không,Không,Không,Chuyển khoản ngân hàng,Giao hàng nhanh,Online,3,Nửa năm một lần,181.0,457000.0,444570.0,114238.0,1,0,Khách hàng phổ thông / mới,0.6462407773231689
471,53,Nữ,Quảng Ngãi,Miền Trung,Bông tai,Bạc,5,4.59,1,Quà tặng gia đình,5499000.0,14562000.0,4.1,Có,Không,Không,Chuyển khoản ngân hàng,Giao hàng tiêu chuẩn,Online,29,Hàng quý,98.0,31894000.0,37998512.0,1508891.0,0,3,Khách hàng trung thành,0.2438309914900372
472,56,Nữ,Vĩnh Phúc,Miền Bắc,Nhẫn,Vàng 24K,24,1.52,0,Quà tặng gia đình,3633000.0,30727000.0,4.5,Có,Không,Không,Thẻ tín dụng,Giao hàng nhanh,Online,19,Nửa năm một lần,192.0,13805000.0,16828295.0,539552.0,1,3,Khách hàng trung thành,0.4616068223621399
473,38,Nữ,Hải Phòng,Miền Bắc,Nhẫn,Bạc,5,7.96,0,Quà tặng người yêu,651000.0,19342000.0,3.8,Không,Có,Không,Thẻ tín dụng,Giao hàng nhanh,Online,8,Hàng năm,399.0,1042000.0,1007718.0,28666.0,0,2,Khách hàng có nguy cơ rời bỏ,0.3658185548654677
474,40,Nữ,Quảng Ninh,Miền Bắc,Nhẫn,Vàng 18K,18,3.23,0,Cưới hỏi,4647000.0,28138000.0,4.7,Có,Có,Không,Thẻ tín dụng,Giao hàng nhanh,Online,2,Hàng tháng,34.0,1859000.0,2291775.0,2982003.0,0,0,Khách hàng phổ thông / mới,0.14798834931952898
475,48,Nữ,Quảng Ninh,Miền Bắc,Dây chuyền,Vàng 24K,24,6.15,0,Sinh nhật,13659000.0,20948000.0,4.9,Không,Không,Có,Ví điện tử (Momo/ZaloPay),Giao hàng nhanh,Online,29,Hàng quý,103.0,79222000.0,81582816.0,4957172.0,0,3,Khách hàng trung thành,0.32388229448804223
476,55,Nam,Quảng Nam,Miền Trung,Trang sức bộ,Vàng đính đá quý,18,17.53,1,Quà tặng gia đình,32605000.0,18980000.0,4.9,Không,Có,Không,Thẻ tín dụng,Nhận tại cửa hàng,Tại cửa hàng,2,Hàng năm,411.0,13042000.0,13430652.0,3084610.0,1,2,Khách hàng có nguy cơ rời bỏ,0.29883834497655803
477,58,Nữ,Gia Lai,Miền Trung,Vòng tay,Vàng 18K,18,19.43,1,Lễ/Tết,32415000.0,16011000.0,3.3,Có,Không,Không,Ví điện tử (Momo/ZaloPay),Giao hàng tiêu chuẩn,Tại cửa hàng,6,Hàng năm,393.0,38898000.0,44195908.0,2363508.0,0,2,Khách hàng có nguy cơ rời bỏ,0.3607058787768429
478,18,Nam,Quảng Ninh,Miền Bắc,Bông tai,Bạch kim,20,5.21,0,Sinh nhật,9770000.0,16627000.0,2.6,Không,Không,Không,Tiền mặt,Giao hàng nhanh,Online,27,Hàng năm,419.0,52758000.0,47413615.0,772119.0,1,2,Khách hàng có nguy cơ rời bỏ,0.7460775211403956
479,49,Nữ,TP. Hồ Chí Minh,Miền Nam,Dây chuyền,Bạc,5,10.65,0,Lễ/Tết,881000.0,31193000.0,4.3,Có,Không,Có,Tiền mặt,Nhận tại cửa hàng,Online,11,Nửa năm một lần,181.0,1938000.0,2335678.0,154203.0,0,0,Khách hàng phổ thông / mới,0.15891222256381368
480,23,Nữ,Hưng Yên,Miền Bắc,Bông tai,Vàng đính đá quý,18,3.47,1,Cưới hỏi,8079000.0,13089000.0,3.1,Không,Có,Không,Thẻ tín dụng,Nhận tại cửa hàng,Online,27,Hàng năm,326.0,43627000.0,40450954.0,1155494.0,1,2,Khách hàng có nguy cơ rời bỏ,0.6344778399156012
481,31,Nữ,Vĩnh Phúc,Miền Bắc,Trang sức bộ,Vàng 18K,18,18.18,0,Cưới hỏi,29469000.0,24524000.0,4.4,Không,Không,Có,Tiền mặt,Nhận tại cửa hàng,Online,17,Hàng quý,98.0,100195000.0,100325254.0,10839090.0,0,1,Khách hàng VIP (giá trị cao nhất),0.2699666331983642
482,57,Nam,Nam Định,Miền Bắc,Dây chuyền,Vàng 18K,18,7.02,1,Tự mua sắm,16611000.0,19242000.0,2.5,Không,Không,Không,Ví điện tử (Momo/ZaloPay),Nhận tại cửa hàng,Online,17,Hai tuần một lần,13.0,56477000.0,50433961.0,37450451.0,0,3,Khách hàng trung thành,0.6808497123242199
483,30,Nữ,Đồng Nai,Miền Nam,Trang sức bộ,Vàng 18K,18,18.14,0,Cưới hỏi,29588000.0,23926000.0,4.4,Có,Không,Có,Thẻ tín dụng,Giao hàng tiêu chuẩn,Tại cửa hàng,28,Hàng tháng,30.0,165693000.0,200836485.0,24498944.0,0,1,Khách hàng VIP (giá trị cao nhất),0.11058337944599311
484,56,Nữ,Kiên Giang,Miền Nam,Bông tai,Bạc,5,5.31,0,Tự mua sắm,311000.0,22808000.0,2.7,Có,Có,Không,Tiền mặt,Nhận tại cửa hàng,Online,1,Hàng quý,101.0,62000.0,67878.0,65665.0,0,0,Khách hàng phổ thông / mới,0.29559298650780674
485,40,Nam,Quảng Nam,Miền Trung,Bông tai,Vàng 18K,18,4.41,0,Sinh nhật,6347000.0,11067000.0,4.7,Có,Có,Không,Chuyển khoản ngân hàng,Giao hàng tiêu chuẩn,Online,11,Hàng năm,396.0,13963000.0,17213586.0,498443.0,0,2,Khách hàng có nguy cơ rời bỏ,0.18591783694619846
486,29,Nam,Hà Nội,Miền Bắc,Dây chuyền,Bạc,5,7.88,0,Tự mua sắm,631000.0,20900000.0,4.1,Không,Có,Có,Ví điện tử (Momo/ZaloPay),Giao hàng nhanh,Online,11,Hàng quý,85.0,1388000.0,1366070.0,192386.0,0,0,Khách hàng phổ thông / mới,0.16566707365001615
487,34,Nữ,Hải Dương,Miền Bắc,Bông tai,Vàng 18K,18,5.97,1,Quà tặng gia đình,13072000.0,35200000.0,2.9,Không,Có,Không,Ví điện tử (Momo/ZaloPay),Giao hàng nhanh,Online,22,Nửa năm một lần,167.0,57517000.0,52674069.0,1747095.0,1,3,Khách hàng trung thành,0.6575092803013736
488,43,Nữ,Quảng Ninh,Miền Bắc,Vòng tay,Vàng 24K,24,7.66,0,Cưới hỏi,17422000.0,22732000.0,3.8,Không,Không,Có,Tiền mặt,Nhận tại cửa hàng,Online,11,Hàng quý,93.0,38328000.0,37067009.0,4965927.0,0,0,Khách hàng phổ thông / mới,0.38701578986998797
489,54,Nam,Long An,Miền Nam,Trang sức bộ,Vàng đính đá quý,18,11.92,1,Sinh nhật,26478000.0,27729000.0,3.8,Có,Không,Có,Ví điện tử (Momo/ZaloPay),Nhận tại cửa hàng,Online,27,Nửa năm một lần,196.0,142981000.0,167387857.0,3263770.0,0,1,Khách hàng VIP (giá trị cao nhất),0.10038637772072577
490,47,Nữ,Hà Nội,Miền Bắc,Trang sức bộ,Bạch kim,20,19.2,1,Tự mua sắm,38973000.0,22901000.0,4.7,Không,Có,Không,Thẻ tín dụng,Nhận tại cửa hàng,Tại cửa hàng,22,Hàng tháng,32.0,171481000.0,174636250.0,47633001.0,0,1,Khách hàng VIP (giá trị cao nhất),0.3672713366927936
491,62,Nữ,Kiên Giang,Miền Nam,Dây chuyền,Vàng 18K,18,14.78,0,Quà tặng người yêu,23474000.0,27238000.0,3.8,Không,Không,Không,Ví điện tử (Momo/ZaloPay),Giao hàng tiêu chuẩn,Online,28,Hàng quý,97.0,131454000.0,127129163.0,8412127.0,1,1,Khách hàng VIP (giá trị cao nhất),0.570970586864843
492,59,Nữ,Gia Lai,Miền Trung,Trang sức bộ,Bạc,5,10.6,0,Tự mua sắm,1400000.0,16514000.0,3.9,Có,Không,Không,Chuyển khoản ngân hàng,Nhận tại cửa hàng,Tại cửa hàng,25,Hàng tháng,26.0,7000000.0,8243200.0,1613066.0,0,3,Khách hàng trung thành,0.3040393312451664
493,54,Nữ,Khánh Hòa,Miền Trung,Lắc chân,Vàng 18K,18,3.73,1,Tự mua sắm,8901000.0,20390000.0,3.3,Không,Không,Có,Chuyển khoản ngân hàng,Nhận tại cửa hàng,Online,23,Hàng quý,95.0,40945000.0,38430977.0,3559622.0,0,3,Khách hàng trung thành,0.40774533630152815
494,46,Nữ,Long An,Miền Nam,Vòng tay,Bạch kim,20,10.12,0,Quà tặng người yêu,19026000.0,26921000.0,4.3,Không,Không,Có,Ví điện tử (Momo/ZaloPay),Giao hàng tiêu chuẩn,Online,11,Hàng quý,94.0,41857000.0,41672829.0,6156690.0,0,0,Khách hàng phổ thông / mới,0.31650348705803255
495,31,Nữ,Hà Nội,Miền Bắc,Nhẫn,Vàng 18K,18,4.81,0,Lễ/Tết,12769000.0,17409000.0,2.6,Không,Không,Không,Ví điện tử (Momo/ZaloPay),Giao hàng nhanh,Tại cửa hàng,22,Nửa năm một lần,177.0,56184000.0,50492561.0,1828713.0,1,3,Khách hàng trung thành,0.7275037184922225
496,37,Nam,Bình Dương,Miền Nam,Nhẫn,Bạc,5,3.73,0,Sinh nhật,760000.0,27725000.0,4.9,Không,Không,Không,Tiền mặt,Giao hàng tiêu chuẩn,Online,13,Hàng quý,103.0,1976000.0,2034885.0,282048.0,0,0,Khách hàng phổ thông / mới,0.5504676196202278
497,23,Nữ,Hải Phòng,Miền Bắc,Nhẫn,Vàng 24K,24,5.91,0,Quà tặng người yêu,11327000.0,12355000.0,4.0,Có,Có,Không,Chuyển khoản ngân hàng,Giao hàng nhanh,Tại cửa hàng,11,Hàng năm,359.0,24919000.0,29516555.0,1038365.0,0,2,Khách hàng có nguy cơ rời bỏ,0.16980781440714737
498,35,Nam,Long An,Miền Nam,Nhẫn,Vàng 24K,24,7.12,0,Quà tặng người yêu,15786000.0,20512000.0,4.6,Không,Không,Không,Tiền mặt,Giao hàng tiêu chuẩn,Tại cửa hàng,7,Hàng năm,318.0,22100000.0,22380670.0,1211197.0,1,2,Khách hàng có nguy cơ rời bỏ,0.5724096711014693
499,62,Nam,Khánh Hòa,Miền Trung,Trang sức bộ,Bạch kim,20,26.76,0,Tự mua sắm,44917000.0,19908000.0,4.5,Không,Có,Không,Ví điện tử (Momo/ZaloPay),Giao hàng nhanh,Online,27,Hàng tháng,26.0,242552000.0,244249864.0,50051654.0,0,1,Khách hàng VIP (giá trị cao nhất),0.3762149087922584
500,38,Nữ,Hà Nội,Miền Bắc,Nhẫn,Vàng 18K,18,2.08,0,Quà tặng gia đình,3454000.0,20389500.0,3.0,Không,Không,Có,Chuyển khoản ngân hàng,Giao hàng tiêu chuẩn,Online,22,Hàng tháng,29.0,15198000.0,14004957.0,3009942.0,1,3,Khách hàng trung thành,0.6794557752894131
501,23,Nữ,Cần Thơ,Miền Nam,Bông tai,Vàng 24K,24,1.74,0,Cưới hỏi,4145000.0,16652000.0,3.2,Không,Không,Không,Tiền mặt,Nhận tại cửa hàng,Online,2,Hai tuần một lần,14.0,1658000.0,1546748.0,6671342.0,0,0,Khách hàng phổ thông / mới,0.6563600771999154
502,49,Nữ,Hà Nội,Miền Bắc,Bông tai,Vàng 24K,24,2.29,0,Quà tặng người yêu,4904000.0,23882000.0,3.2,Có,Có,Không,Thẻ tín dụng,Nhận tại cửa hàng,Online,11,Hàng tháng,34.0,10789000.0,12184018.0,5048431.0,0,0,Khách hàng phổ thông / mới,0.3345888309141236
503,64,Nữ,Bắc Ninh,Miền Bắc,Bông tai,Vàng 18K,18,4.98,0,Quà tặng người yêu,7026000.0,7900000.0,3.1,Không,Có,Có,Ví điện tử (Momo/ZaloPay),Nhận tại cửa hàng,Online,18,Hàng tháng,29.0,25294000.0,23452597.0,9766346.0,0,3,Khách hàng trung thành,0.24847839520018605
504,59,Nữ,Đồng Nai,Miền Nam,Nhẫn,Bạc,5,6.71,0,Tự mua sắm,483000.0,13365000.0,2.5,Không,Có,Có,Chuyển khoản ngân hàng,Nhận tại cửa hàng,Tại cửa hàng,22,Hàng năm,373.0,2125000.0,1897625.0,29068.0,0,2,Khách hàng có nguy cơ rời bỏ,0.3446462055087185
505,31,Nữ,Đà Nẵng,Miền Trung,Vòng tay,Vàng 18K,18,7.55,0,Cưới hỏi,11759000.0,22000000.0,4.6,Không,Không,Không,Tiền mặt,Giao hàng nhanh,Tại cửa hàng,10,Hàng năm,403.0,23518000.0,23816679.0,964064.0,1,2,Khách hàng có nguy cơ rời bỏ,0.5478651706099588
506,39,Nữ,Bà Rịa - Vũng Tàu,Miền Nam,Bông tai,Bạch kim,20,2.9,0,Sinh nhật,5775000.0,18493000.0,3.8,Không,Không,Không,Ví điện tử (Momo/ZaloPay),Giao hàng tiêu chuẩn,Tại cửa hàng,22,Hàng tháng,32.0,25410000.0,24574011.0,4779991.0,0,3,Khách hàng trung thành,0.6031469652080446
507,43,Nữ,Quảng Ngãi,Miền Trung,Vòng tay,Vàng đính đá quý,18,7.1,1,Cưới hỏi,15326000.0,18867000.0,4.0,Không,Không,Có,Chuyển khoản ngân hàng,Giao hàng nhanh,Online,9,Nửa năm một lần,204.0,27587000.0,26993880.0,2056202.0,0,0,Khách hàng phổ thông / mới,0.3511885314978497
508,29,Nữ,Quảng Ngãi,Miền Trung,Nhẫn,Vàng 18K,18,4.58,0,Sinh nhật,6864000.0,17465000.0,3.7,Không,Có,Không,Tiền mặt,Giao hàng nhanh,Online,5,Hàng năm,380.0,6864000.0,6599050.0,484112.0,0,2,Khách hàng có nguy cơ rời bỏ,0.4049083692434199
509,30,Nữ,Vĩnh Phúc,Miền Bắc,Bông tai,Bạch kim,20,2.82,0,Tự mua sắm,4967000.0,18505000.0,2.8,Không,Có,Không,Thẻ tín dụng,Giao hàng tiêu chuẩn,Online,3,Hàng quý,102.0,2980000.0,2712098.0,1233688.0,0,0,Khách hàng phổ thông / mới,0.5057022449162403
510,29,Nữ,Bắc Ninh,Miền Bắc,Nhẫn,Vàng 24K,24,7.95,0,Sinh nhật,15343000.0,7760000.0,3.6,Có,Có,Không,Ví điện tử (Momo/ZaloPay),Giao hàng tiêu chuẩn,Tại cửa hàng,27,Hàng năm,380.0,82852000.0,95851479.0,1221869.0,0,2,Khách hàng có nguy cơ rời bỏ,0.14397527670534813
511,65,Nữ,Kiên Giang,Miền Nam,Vòng tay,Vàng 18K,18,10.83,0,Quà tặng người yêu,17167000.0,21293000.0,3.2,Không,Không,Không,Thẻ tín dụng,Giao hàng tiêu chuẩn,Online,20,Hàng năm,324.0,68668000.0,64060377.0,1351788.0,1,2,Khách hàng có nguy cơ rời bỏ,0.729792510459869
512,53,Nam,Hải Phòng,Miền Bắc,Dây chuyền,Vàng 24K,24,3.6,0,Sinh nhật,7717000.0,19645000.0,4.7,Không,Có,Không,Tiền mặt,Nhận tại cửa hàng,Online,25,Hàng năm,348.0,38585000.0,39294964.0,697645.0,1,2,Khách hàng có nguy cơ rời bỏ,0.45037008919050475
513,58,Nữ,Khánh Hòa,Miền Trung,Dây chuyền,Vàng 24K,24,9.25,0,Sinh nhật,20560000.0,28945000.0,4.3,Không,Không,Không,Chuyển khoản ngân hàng,Giao hàng tiêu chuẩn,Tại cửa hàng,17,Nửa năm một lần,180.0,69904000.0,69596422.0,3395680.0,1,3,Khách hàng trung thành,0.6057967035626539
514,57,Nam,Hưng Yên,Miền Bắc,Lắc chân,Vàng 24K,24,11.16,0,Sinh nhật,24102000.0,27266000.0,2.9,Không,Không,Không,Ví điện tử (Momo/ZaloPay),Nhận tại cửa hàng,Tại cửa hàng,18,Hàng quý,98.0,86767000.0,79461219.0,7060824.0,1,3,Khách hàng trung thành,0.7615005155698094
515,64,Nữ,Hưng Yên,Miền Bắc,Nhẫn,Vàng 24K,24,3.9,0,Quà tặng người yêu,8698000.0,6000000.0,4.3,Không,Không,Có,Chuyển khoản ngân hàng,Nhận tại cửa hàng,Online,9,Hàng tháng,28.0,15656000.0,15587114.0,7796874.0,0,0,Khách hàng phổ thông / mới,0.30929415906349245
516,23,Nữ,Gia Lai,Miền Trung,Trang sức bộ,Bạch kim,20,30.46,0,Quà tặng người yêu,50220000.0,14238000.0,3.9,Có,Có,Không,Ví điện tử (Momo/ZaloPay),Giao hàng tiêu chuẩn,Tại cửa hàng,3,Hàng năm,364.0,30132000.0,35483443.0,3709304.0,1,2,Khách hàng có nguy cơ rời bỏ,0.5026981791632138
517,60,Nam,Đồng Nai,Miền Nam,Lắc chân,Bạc,5,6.75,1,Sinh nhật,2746000.0,34215000.0,2.7,Không,Không,Không,Tiền mặt,Giao hàng tiêu chuẩn,Online,22,Hàng tháng,28.0,12082000.0,10926961.0,3342187.0,0,3,Khách hàng trung thành,0.6654205446677401
518,21,Nữ,Bình Dương,Miền Nam,Dây chuyền,Vàng đính đá quý,18,9.82,1,Cưới hỏi,21553000.0,25601000.0,2.7,Không,Có,Không,Chuyển khoản ngân hàng,Giao hàng nhanh,Tại cửa hàng,6,Hàng quý,87.0,25864000.0,23391402.0,8102182.0,0,0,Khách hàng phổ thông / mới,0.5498475632404178
519,40,Nữ,Bà Rịa - Vũng Tàu,Miền Nam,Dây chuyền,Bạc,5,9.03,0,Tự mua sắm,396000.0,23836000.0,2.9,Không,Không,Không,Chuyển khoản ngân hàng,Giao hàng tiêu chuẩn,Online,27,Hàng tháng,28.0,2138000.0,1957980.0,349628.0,1,3,Khách hàng trung thành,0.7701635763546061
520,46,Nữ,Vĩnh Phúc,Miền Bắc,Nhẫn,Bạc,5,7.18,0,Cưới hỏi,790000.0,17241000.0,4.5,Không,Không,Có,Ví điện tử (Momo/ZaloPay),Nhận tại cửa hàng,Online,3,Hàng quý,102.0,474000.0,477318.0,236507.0,0,0,Khách hàng phổ thông / mới,0.5014041350762184
521,35,Nam,Đà Nẵng,Miền Trung,Trang sức bộ,Vàng 24K,24,24.2,0,Cưới hỏi,47263000.0,25281000.0,4.6,Không,Có,Có,Chuyển khoản ngân hàng,Nhận tại cửa hàng,Tại cửa hàng,30,Hai tuần một lần,16.0,283578000.0,287179441.0,100603698.0,0,1,Khách hàng VIP (giá trị cao nhất),0.1252319923970132
522,25,Nam,Hà Nội,Miền Bắc,Bông tai,Bạc,5,2.9,0,Tự mua sắm,300000.0,8893000.0,4.0,Không,Không,Không,Ví điện tử (Momo/ZaloPay),Giao hàng nhanh,Online,14,Hàng năm,390.0,840000.0,821940.0,16142.0,0,2,Khách hàng có nguy cơ rời bỏ,0.5143693712536782
523,27,Nữ,TP. Hồ Chí Minh,Miền Nam,Nhẫn,Vàng 18K,18,6.49,0,Sinh nhật,9758000.0,15658000.0,2.5,Có,Có,Có,Tiền mặt,Giao hàng tiêu chuẩn,Tại cửa hàng,9,Hàng quý,80.0,17564000.0,18986684.0,4017142.0,0,0,Khách hàng phổ thông / mới,0.1851158000077693
524,57,Nam,Vĩnh Phúc,Miền Bắc,Vòng tay,Vàng đính đá quý,18,5.76,1,Quà tặng người yêu,12259000.0,23834000.0,3.3,Không,Có,Có,Tiền mặt,Nhận tại cửa hàng,Online,8,Hàng quý,102.0,19614000.0,18409700.0,3175542.0,0,0,Khách hàng phổ thông / mới,0.32972338550505786
525,33,Nam,Đắk Lắk,Miền Trung,Nhẫn,Vàng đính đá quý,18,3.27,1,Lễ/Tết,9856000.0,24233000.0,3.5,Không,Không,Không,Chuyển khoản ngân hàng,Giao hàng nhanh,Online,21,Hàng quý,81.0,41395000.0,39325250.0,4025292.0,0,3,Khách hàng trung thành,0.574568555057907
526,32,Nữ,Quảng Ninh,Miền Bắc,Vòng tay,Vàng 24K,24,9.3,0,Sinh nhật,19587000.0,21435000.0,3.2,Không,Không,Có,Tiền mặt,Giao hàng nhanh,Online,25,Nửa năm một lần,158.0,97935000.0,91363562.0,3208103.0,0,1,Khách hàng VIP (giá trị cao nhất),0.595120194442304
527,62,Nam,Cần Thơ,Miền Nam,Vòng tay,Bạc,5,13.53,0,Quà tặng gia đình,456000.0,24475000.0,4.0,Không,Có,Không,Ví điện tử (Momo/ZaloPay),Nhận tại cửa hàng,Tại cửa hàng,15,Nửa năm một lần,157.0,1368000.0,1338588.0,58826.0,0,0,Khách hàng phổ thông / mới,0.2923046450885984
528,24,Nam,Cần Thơ,Miền Nam,Nhẫn,Bạc,5,6.92,0,Quà tặng người yêu,408000.0,20589000.0,2.7,Không,Không,Có,Tiền mặt,Giao hàng tiêu chuẩn,Online,14,Hàng năm,341.0,1142000.0,1032825.0,25379.0,0,2,Khách hàng có nguy cơ rời bỏ,0.5601267976672676
529,61,Nữ,Bà Rịa - Vũng Tàu,Miền Nam,Lắc chân,Bạc,5,7.98,0,Lễ/Tết,605000.0,19453000.0,2.5,Có,Có,Có,Chuyển khoản ngân hàng,Giao hàng nhanh,Tại cửa hàng,27,Hàng năm,328.0,3267000.0,3531627.0,55814.0,0,2,Khách hàng có nguy cơ rời bỏ,0.1269714123744317
530,62,Nữ,Hà Nội,Miền Bắc,Dây chuyền,Vàng 24K,24,8.5,0,Lễ/Tết,18924000.0,31105000.0,4.0,Không,Không,Có,Thẻ tín dụng,Nhận tại cửa hàng,Online,14,Hàng quý,81.0,52987000.0,51847780.0,7336555.0,0,3,Khách hàng trung thành,0.3103695059439854
531,46,Nữ,Tây Ninh,Miền Nam,Vòng tay,Bạc,5,5.98,0,Quà tặng người yêu,487000.0,33719000.0,3.2,Không,Có,Có,Chuyển khoản ngân hàng,Nhận tại cửa hàng,Online,10,Hàng năm,341.0,974000.0,908645.0,35870.0,1,2,Khách hàng có nguy cơ rời bỏ,0.48194077662624873
532,25,Nữ,Hải Dương,Miền Bắc,Bông tai,Bạch kim,20,5.85,0,Sinh nhật,9304000.0,19144000.0,4.2,Có,Có,Không,Chuyển khoản ngân hàng,Giao hàng tiêu chuẩn,Online,28,Hàng quý,100.0,52102000.0,62433827.0,3112039.0,0,3,Khách hàng trung thành,0.19641365628320656
533,25,Nữ,Vĩnh Phúc,Miền Bắc,Trang sức bộ,Vàng 18K,18,17.39,0,Tự mua sắm,28059000.0,11273000.0,4.4,Không,Không,Không,Thẻ tín dụng,Giao hàng tiêu chuẩn,Online,25,Nửa năm một lần,204.0,140295000.0,140477384.0,2892249.0,1,1,Khách hàng VIP (giá trị cao nhất),0.581240351576767
534,31,Nam,Hải Dương,Miền Bắc,Vòng tay,Bạc,5,6.94,0,Sinh nhật,590000.0,18216000.0,4.0,Có,Không,Không,Thẻ tín dụng,Nhận tại cửa hàng,Online,18,Nửa năm một lần,204.0,2124000.0,2515878.0,85733.0,0,3,Khách hàng trung thành,0.27436860252250095
535,45,Nữ,Hưng Yên,Miền Bắc,Trang sức bộ,Vàng 24K,24,30.82,0,Sinh nhật,67897000.0,21308000.0,5.0,Không,Không,Không,Chuyển khoản ngân hàng,Giao hàng nhanh,Tại cửa hàng,1,Hàng quý,98.0,13579000.0,14061055.0,16254065.0,0,0,Khách hàng phổ thông / mới,0.3879393972096244
536,25,Nữ,Bình Định,Miền Trung,Dây chuyền,Vàng đính đá quý,18,13.68,1,Quà tặng gia đình,25964000.0,6000000.0,4.1,Có,Có,Không,Chuyển khoản ngân hàng,Nhận tại cửa hàng,Online,12,Hàng quý,94.0,62314000.0,74240900.0,7314138.0,0,3,Khách hàng trung thành,0.13363157132412454
537,39,Nữ,Hải Dương,Miền Bắc,Lắc chân,Vàng 24K,24,5.69,0,Tự mua sắm,10863000.0,29709000.0,4.4,Có,Có,Không,Chuyển khoản ngân hàng,Nhận tại cửa hàng,Online,30,Nửa năm một lần,187.0,65178000.0,79002254.0,1757596.0,0,3,Khách hàng trung thành,0.1675437027074728
538,23,Nữ,Nghệ An,Miền Trung,Nhẫn,Vàng 24K,24,5.07,0,Quà tặng gia đình,11172000.0,14912000.0,4.1,Không,Không,Không,Thẻ tín dụng,Giao hàng tiêu chuẩn,Online,30,Hàng tháng,34.0,67032000.0,65972894.0,8330950.0,1,3,Khách hàng trung thành,0.6146581314525672
539,43,Nữ,TP. Hồ Chí Minh,Miền Nam,Bông tai,Vàng 18K,18,4.92,0,Lễ/Tết,7288000.0,14793000.0,4.5,Không,Có,Không,Thẻ tín dụng,Giao hàng tiêu chuẩn,Tại cửa hàng,21,Nửa năm một lần,172.0,30610000.0,30824270.0,1183173.0,0,3,Khách hàng trung thành,0.3171978796575767
540,19,Nam,Long An,Miền Nam,Nhẫn,Bạch kim,20,1.64,0,Lễ/Tết,3389000.0,16763000.0,3.5,Có,Không,Có,Tiền mặt,Giao hàng nhanh,Tại cửa hàng,14,Hàng quý,96.0,9489000.0,10912350.0,1250893.0,0,0,Khách hàng phổ thông / mới,0.18929311860685474
541,52,Nam,TP. Hồ Chí Minh,Miền Nam,Trang sức bộ,Bạc,5,34.67,0,Tự mua sắm,1558000.0,17811000.0,3.6,Không,Có,Không,Ví điện tử (Momo/ZaloPay),Giao hàng tiêu chuẩn,Online,26,Nửa năm một lần,158.0,8102000.0,7743081.0,265104.0,1,3,Khách hàng trung thành,0.5026704117419428
542,20,Nam,Gia Lai,Miền Trung,Trang sức bộ,Vàng 24K,24,18.1,0,Tự mua sắm,36032000.0,19597000.0,3.3,Có,Có,Không,Tiền mặt,Nhận tại cửa hàng,Online,18,Hàng năm,320.0,129715000.0,147382183.0,3886134.0,1,1,Khách hàng VIP (giá trị cao nhất),0.2611852589384573
543,27,Nữ,Bắc Ninh,Miền Bắc,Dây chuyền,Vàng 24K,24,8.76,0,Lễ/Tết,16914000.0,25148000.0,3.9,Không,Có,Không,Thẻ tín dụng,Giao hàng tiêu chuẩn,Online,2,Hàng tuần,7.0,6766000.0,6581965.0,40423755.0,0,0,Khách hàng phổ thông / mới,0.225152138582079
544,26,Nữ,Cần Thơ,Miền Nam,Vòng tay,Bạch kim,20,5.76,0,Tự mua sắm,9514000.0,28489000.0,3.4,Không,Có,Không,Ví điện tử (Momo/ZaloPay),Nhận tại cửa hàng,Online,12,Hàng tháng,33.0,22834000.0,21562146.0,9473909.0,0,0,Khách hàng phổ thông / mới,0.4634527095990843
545,57,Nữ,Hà Nội,Miền Bắc,Vòng tay,Vàng 18K,18,5.7,0,Quà tặng người yêu,9083000.0,26954000.0,5.0,Có,Không,Không,Ví điện tử (Momo/ZaloPay),Nhận tại cửa hàng,Tại cửa hàng,10,Nửa năm một lần,204.0,18166000.0,22771081.0,1682335.0,0,0,Khách hàng phổ thông / mới,0.2855423793548761
546,20,Nam,Hưng Yên,Miền Bắc,Dây chuyền,Vàng 24K,24,4.34,0,Tự mua sắm,9323000.0,12601000.0,4.0,Không,Có,Không,Thẻ tín dụng,Giao hàng nhanh,Online,21,Hai tuần một lần,12.0,39157000.0,38315124.0,12938086.0,0,3,Khách hàng trung thành,0.3454526856758909
547,38,Nữ,Hà Nội,Miền Bắc,Bông tai,Vàng đính đá quý,18,2.61,1,Quà tặng người yêu,6099000.0,19517000.0,3.3,Không,Không,Không,Thẻ tín dụng,Giao hàng tiêu chuẩn,Tại cửa hàng,7,Hàng tháng,28.0,8539000.0,8014705.0,5597306.0,1,0,Khách hàng phổ thông / mới,0.711391099087548
548,46,Nữ,TP. Hồ Chí Minh,Miền Nam,Bông tai,Vàng 24K,24,5.61,0,Quà tặng gia đình,11085000.0,21493000.0,3.8,Có,Có,Không,Thẻ tín dụng,Nhận tại cửa hàng,Online,24,Nửa năm một lần,201.0,53208000.0,62290606.0,1826333.0,0,3,Khách hàng trung thành,0.13800898982936438
549,42,Nam,Thanh Hóa,Miền Trung,Vòng tay,Bạc,5,12.73,0,Tự mua sắm,623000.0,22670000.0,4.5,Không,Không,Không,Chuyển khoản ngân hàng,Giao hàng nhanh,Online,8,Hàng tuần,7.0,997000.0,1003979.0,1800691.0,0,0,Khách hàng phổ thông / mới,0.49030182577845477
550,50,Nam,TP. Hồ Chí Minh,Miền Nam,Nhẫn,Vàng 18K,18,3.62,0,Sinh nhật,6037000.0,24425000.0,4.5,Không,Không,Có,Tiền mặt,Giao hàng tiêu chuẩn,Tại cửa hàng,19,Nửa năm một lần,164.0,22941000.0,23101587.0,1178105.0,1,3,Khách hàng trung thành,0.5146257936275476
551,56,Nam,Thanh Hóa,Miền Trung,Trang sức bộ,Bạc,5,21.28,1,Quà tặng người yêu,3203000.0,21905000.0,4.1,Có,Có,Không,Ví điện tử (Momo/ZaloPay),Giao hàng nhanh,Tại cửa hàng,10,Hàng tuần,7.0,6406000.0,7632108.0,8564335.0,0,0,Khách hàng phổ thông / mới,0.15870489263501844
552,36,Nữ,Đà Nẵng,Miền Trung,Nhẫn,Bạch kim,20,3.22,0,Sinh nhật,5413000.0,19555000.0,2.5,Có,Có,Không,Ví điện tử (Momo/ZaloPay),Nhận tại cửa hàng,Online,8,Hai tuần một lần,15.0,8661000.0,9362541.0,10994736.0,0,0,Khách hàng phổ thông / mới,0.37339813255834486
553,57,Nam,Đà Nẵng,Miền Trung,Bông tai,Vàng 18K,18,4.12,0,Cưới hỏi,5773000.0,27795000.0,4.7,Không,Có,Có,Thẻ tín dụng,Nhận tại cửa hàng,Tại cửa hàng,22,Hàng quý,97.0,25401000.0,25868378.0,1735432.0,0,3,Khách hàng trung thành,0.1863074685765856
554,33,Nữ,Hà Nội,Miền Bắc,Nhẫn,Bạc,5,4.8,0,Tự mua sắm,526000.0,19050000.0,4.8,Không,Có,Có,Tiền mặt,Nhận tại cửa hàng,Tại cửa hàng,29,Hàng năm,404.0,3051000.0,3124529.0,47270.0,0,2,Khách hàng có nguy cơ rời bỏ,0.187363405313075
555,65,Nữ,Đà Nẵng,Miền Trung,Nhẫn,Vàng đính đá quý,18,3.96,1,Tự mua sắm,7716000.0,28599000.0,4.7,Không,Có,Không,Chuyển khoản ngân hàng,Giao hàng nhanh,Online,24,Hàng quý,77.0,37037000.0,37718481.0,3143907.0,0,3,Khách hàng trung thành,0.3401253849308762
556,42,Nữ,Quảng Ngãi,Miền Trung,Nhẫn,Bạch kim,20,5.96,0,Sinh nhật,9862000.0,26214000.0,4.2,Không,Có,Có,Chuyển khoản ngân hàng,Giao hàng tiêu chuẩn,Tại cửa hàng,16,Hàng tháng,28.0,31558000.0,31239264.0,11208534.0,0,3,Khách hàng trung thành,0.2316086650145841
557,53,Nữ,Bình Định,Miền Trung,Dây chuyền,Vàng 18K,18,7.7,1,Cưới hỏi,15273000.0,31349000.0,2.6,Có,Có,Có,Chuyển khoản ngân hàng,Nhận tại cửa hàng,Online,28,Hàng quý,85.0,85529000.0,93046999.0,4990833.0,0,3,Khách hàng trung thành,0.1404932291205882
558,60,Nữ,Hà Nội,Miền Bắc,Bông tai,Vàng 18K,18,5.03,0,Sinh nhật,8369000.0,23124000.0,4.9,Có,Không,Có,Tiền mặt,Nhận tại cửa hàng,Tại cửa hàng,25,Nửa năm một lần,169.0,41845000.0,52163977.0,1355230.0,0,3,Khách hàng trung thành,0.20350150821141783
559,56,Nữ,TP. Hồ Chí Minh,Miền Nam,Vòng tay,Vàng đính đá quý,18,13.98,1,Sinh nhật,27725000.0,31466000.0,2.7,Không,Không,Có,Chuyển khoản ngân hàng,Giao hàng nhanh,Tại cửa hàng,28,Nửa năm một lần,179.0,155260000.0,140417144.0,4284858.0,1,1,Khách hàng VIP (giá trị cao nhất),0.6125594415459603
560,58,Nam,Vĩnh Phúc,Miền Bắc,Bông tai,Vàng 24K,24,2.01,0,Lễ/Tết,4223000.0,19356000.0,2.9,Không,Có,Không,Tiền mặt,Nhận tại cửa hàng,Online,1,Hàng tháng,29.0,845000.0,773851.0,4678799.0,0,0,Khách hàng phổ thông / mới,0.3518478270029405
561,43,Nữ,Hà Nội,Miền Bắc,Bông tai,Vàng 24K,24,1.82,0,Lễ/Tết,4018000.0,22999000.0,4.1,Có,Không,Không,Thẻ tín dụng,Giao hàng nhanh,Online,25,Hàng tháng,29.0,20090000.0,23935226.0,3841580.0,0,3,Khách hàng trung thành,0.29186724834605315
562,20,Nam,Quảng Ninh,Miền Bắc,Nhẫn,Vàng 24K,24,3.16,1,Tự mua sắm,8752000.0,24555000.0,3.7,Có,Có,Không,Chuyển khoản ngân hàng,Nhận tại cửa hàng,Tại cửa hàng,16,Hàng quý,88.0,28006000.0,32593383.0,3139261.0,0,3,Khách hàng trung thành,0.16482496498333102
563,41,Nữ,Quảng Nam,Miền Trung,Nhẫn,Bạch kim,20,7.47,0,Cưới hỏi,14289000.0,13385000.0,4.4,Không,Không,Có,Ví điện tử (Momo/ZaloPay),Nhận tại cửa hàng,Online,21,Nửa năm một lần,172.0,60014000.0,60092018.0,3423309.0,1,3,Khách hàng trung thành,0.5033728832347925
564,26,Nữ,Vĩnh Phúc,Miền Bắc,Bông tai,Vàng 24K,24,5.12,0,Quà tặng người yêu,9862000.0,16811000.0,4.1,Không,Có,Không,Chuyển khoản ngân hàng,Giao hàng nhanh,Online,29,Hàng năm,418.0,57200000.0,56296240.0,818784.0,0,2,Khách hàng có nguy cơ rời bỏ,0.34594778526057063
565,60,Nữ,TP. Hồ Chí Minh,Miền Nam,Bông tai,Vàng 18K,18,5.86,0,Quà tặng gia đình,8112000.0,16925000.0,2.5,Không,Có,Không,Tiền mặt,Giao hàng tiêu chuẩn,Online,16,Nửa năm một lần,186.0,25958000.0,23180494.0,1231605.0,1,3,Khách hàng trung thành,0.6659252902813665
566,29,Nữ,Hải Dương,Miền Bắc,Vòng tay,Bạc,5,16.16,0,Quà tặng gia đình,975000.0,19337000.0,4.1,Không,Không,Không,Chuyển khoản ngân hàng,Nhận tại cửa hàng,Online,21,Nửa năm một lần,180.0,4095000.0,4030299.0,197636.0,1,3,Khách hàng trung thành,0.6197576547898239
567,28,Nam,Bình Dương,Miền Nam,Dây chuyền,Vàng 24K,24,13.97,1,Quà tặng người yêu,32026000.0,15951000.0,4.6,Không,Có,Không,Tiền mặt,Nhận tại cửa hàng,Online,30,Hàng quý,83.0,192156000.0,194596381.0,10725389.0,0,1,Khách hàng VIP (giá trị cao nhất),0.307844375392339
568,29,Nữ,Hưng Yên,Miền Bắc,Lắc chân,Vàng 18K,18,6.2,0,Tự mua sắm,8490000.0,20486000.0,4.6,Có,Có,Không,Tiền mặt,Nhận tại cửa hàng,Online,4,Nửa năm một lần,169.0,6792000.0,8326313.0,954202.0,0,0,Khách hàng phổ thông / mới,0.1876592079247773
569,48,Nữ,Quảng Ngãi,Miền Trung,Nhẫn,Vàng 18K,18,5.53,0,Sinh nhật,9145000.0,20334000.0,2.9,Không,Không,Không,Tiền mặt,Nhận tại cửa hàng,Online,23,Nửa năm một lần,196.0,42067000.0,38524959.0,1145753.0,1,3,Khách hàng trung thành,0.7503273099445348
570,45,Nữ,Đồng Nai,Miền Nam,Bông tai,Vàng 18K,18,2.96,0,Quà tặng người yêu,4924000.0,18744000.0,3.4,Có,Không,Không,Ví điện tử (Momo/ZaloPay),Giao hàng nhanh,Online,22,Hàng tháng,29.0,21666000.0,24766405.0,3378496.0,0,3,Khách hàng trung thành,0.42609530685528546
571,63,Nữ,Nghệ An,Miền Trung,Nhẫn,Vàng đính đá quý,18,7.12,1,Quà tặng gia đình,13373000.0,22836000.0,2.8,Không,Không,Không,Thẻ tín dụng,Nhận tại cửa hàng,Tại cửa hàng,6,Hàng năm,346.0,16048000.0,14605285.0,1086144.0,1,2,Khách hàng có nguy cơ rời bỏ,0.7501712413250846
572,37,Nữ,Hà Nội,Miền Bắc,Bông tai,Vàng 24K,24,5.98,0,Quà tặng gia đình,11648000.0,15443000.0,4.4,Có,Có,Không,Chuyển khoản ngân hàng,Giao hàng tiêu chuẩn,Online,1,Hàng quý,82.0,2330000.0,2824193.0,4275591.0,0,0,Khách hàng phổ thông / mới,0.1308899435284497
573,31,Nữ,Bình Định,Miền Trung,Dây chuyền,Vàng đính đá quý,18,11.95,1,Quà tặng gia đình,21247000.0,13825000.0,4.1,Không,Có,Không,Ví điện tử (Momo/ZaloPay),Giao hàng nhanh,Tại cửa hàng,19,Nửa năm một lần,209.0,80739000.0,79463324.0,3970115.0,0,3,Khách hàng trung thành,0.3677495854320353
574,20,Nam,Tây Ninh,Miền Nam,Bông tai,Vàng 18K,18,4.91,1,Quà tặng người yêu,11910000.0,10847000.0,3.7,Không,Có,Không,Ví điện tử (Momo/ZaloPay),Nhận tại cửa hàng,Tại cửa hàng,12,Nửa năm một lần,174.0,28584000.0,27480658.0,2174287.0,1,0,Khách hàng phổ thông / mới,0.493951676623802
575,18,Nữ,Kiên Giang,Miền Nam,Nhẫn,Vàng 24K,24,7.23,1,Sinh nhật,17933000.0,6564000.0,3.2,Không,Không,Không,Ví điện tử (Momo/ZaloPay),Nhận tại cửa hàng,Tại cửa hàng,10,Hàng năm,331.0,35866000.0,33459391.0,1561247.0,1,2,Khách hàng có nguy cơ rời bỏ,0.7187162353064835
576,35,Nam,Nam Định,Miền Bắc,Vòng tay,Vàng 24K,24,6.43,0,Lễ/Tết,12565000.0,15342000.0,4.5,Không,Có,Không,Tiền mặt,Giao hàng nhanh,Online,8,Hai tuần một lần,15.0,20104000.0,20244728.0,28881733.0,0,0,Khách hàng phổ thông / mới,0.2077758929322457
577,62,Nữ,Bình Dương,Miền Nam,Nhẫn,Bạc,5,4.63,0,Tự mua sắm,300000.0,25492000.0,4.5,Không,Không,Không,Thẻ tín dụng,Giao hàng nhanh,Tại cửa hàng,17,Hàng năm,409.0,1020000.0,1027140.0,13247.0,1,2,Khách hàng có nguy cơ rời bỏ,0.5992551404980235
578,43,Nữ,Thanh Hóa,Miền Trung,Bông tai,Vàng 18K,18,4.66,0,Sinh nhật,7311000.0,19196000.0,3.7,Có,Không,Không,Thẻ tín dụng,Giao hàng nhanh,Tại cửa hàng,8,Hàng tháng,32.0,11698000.0,13614132.0,7144748.0,0,0,Khách hàng phổ thông / mới,0.38889560917878396
579,60,Nam,Quảng Ninh,Miền Bắc,Nhẫn,Vàng 18K,18,5.43,0,Sinh nhật,9414000.0,21685000.0,2.8,Không,Không,Không,Ví điện tử (Momo/ZaloPay),Nhận tại cửa hàng,Online,3,Hàng tháng,29.0,5648000.0,5140245.0,11089910.0,0,0,Khách hàng phổ thông / mới,0.6516723910804104
580,22,Nữ,TP. Hồ Chí Minh,Miền Nam,Nhẫn,Vàng đính đá quý,18,5.01,1,Quà tặng người yêu,11558000.0,16487000.0,3.7,Không,Có,Có,Thẻ tín dụng,Nhận tại cửa hàng,Tại cửa hàng,2,Hàng năm,390.0,4623000.0,4444552.0,652453.0,0,2,Khách hàng có nguy cơ rời bỏ,0.1881960073436246
581,22,Nữ,Quảng Nam,Miền Trung,Bông tai,Vàng 18K,18,2.93,0,Tự mua sắm,4401000.0,32846000.0,4.7,Không,Không,Không,Tiền mặt,Giao hàng tiêu chuẩn,Online,8,Hàng tháng,28.0,7042000.0,7171573.0,5686135.0,0,0,Khách hàng phổ thông / mới,0.47269379002191103
582,58,Nam,Bình Định,Miền Trung,Nhẫn,Vàng đính đá quý,18,2.93,1,Lễ/Tết,7128000.0,22639000.0,4.0,Không,Không,Không,Ví điện tử (Momo/ZaloPay),Giao hàng tiêu chuẩn,Online,19,Nửa năm một lần,181.0,27086000.0,26503651.0,1253421.0,0,3,Khách hàng trung thành,0.5178362445617828
583,23,Nam,Cần Thơ,Miền Nam,Nhẫn,Vàng 24K,24,7.5,0,Quà tặng người yêu,16697000.0,15399000.0,4.4,Không,Không,Không,Thẻ tín dụng,Nhận tại cửa hàng,Online,16,Hàng quý,79.0,53430000.0,53499459.0,5866659.0,0,3,Khách hàng trung thành,0.5186682450417734
584,20,Nam,Lào Cai,Miền Bắc,Lắc chân,Vàng 24K,24,9.61,0,Quà tặng người yêu,21152000.0,11802000.0,3.2,Có,Không,Không,Chuyển khoản ngân hàng,Nhận tại cửa hàng,Online,23,Hàng năm,342.0,97299000.0,109879761.0,2066774.0,1,1,Khách hàng VIP (giá trị cao nhất),0.6115033650114884
585,37,Nam,TP. Hồ Chí Minh,Miền Nam,Lắc chân,Bạc,5,8.52,1,Sinh nhật,1453000.0,32212000.0,3.4,Không,Không,Không,Thẻ tín dụng,Giao hàng tiêu chuẩn,Tại cửa hàng,18,Nửa năm một lần,182.0,5231000.0,4939633.0,337397.0,1,3,Khách hàng trung thành,0.6570612448002859
586,62,Nữ,Thanh Hóa,Miền Trung,Lắc chân,Vàng 18K,18,3.77,0,Tự mua sắm,6378000.0,11907000.0,2.8,Không,Không,Không,Thẻ tín dụng,Giao hàng nhanh,Tại cửa hàng,9,Hàng quý,78.0,11480000.0,10447948.0,2533381.0,1,0,Khách hàng phổ thông / mới,0.7099474887985867
587,51,Nữ,Hà Nội,Miền Bắc,Dây chuyền,Vàng 24K,24,4.34,0,Cưới hỏi,9094000.0,15497000.0,3.4,Có,Có,Không,Tiền mặt,Giao hàng nhanh,Tại cửa hàng,28,Hàng năm,391.0,50926000.0,58213511.0,728925.0,1,2,Khách hàng có nguy cơ rời bỏ,0.505341296099213
588,22,Nam,Nghệ An,Miền Trung,Vòng tay,Vàng 24K,24,11.49,0,Quà tặng người yêu,25129000.0,13761000.0,2.9,Không,Không,Không,Tiền mặt,Giao hàng tiêu chuẩn,Online,18,Hàng tháng,29.0,90464000.0,82846931.0,23846079.0,0,3,Khách hàng trung thành,0.5701249937896934
589,58,Nữ,Kiên Giang,Miền Nam,Bông tai,Vàng 24K,24,1.63,0,Tự mua sắm,3906000.0,21237000.0,3.8,Không,Không,Có,Tiền mặt,Giao hàng nhanh,Tại cửa hàng,19,Nửa năm một lần,184.0,14843000.0,14354665.0,539428.0,1,3,Khách hàng trung thành,0.4423271747737637
590,58,Nam,Quảng Nam,Miền Trung,Nhẫn,Bạch kim,20,2.47,0,Cưới hỏi,5046000.0,23965000.0,3.5,Có,Không,Không,Tiền mặt,Nhận tại cửa hàng,Online,15,Nửa năm một lần,180.0,15138000.0,17408700.0,966696.0,0,0,Khách hàng phổ thông / mới,0.34698109033597063
591,56,Nữ,Hải Phòng,Miền Bắc,Bông tai,Vàng 18K,18,1.41,0,Tự mua sắm,2323000.0,21839000.0,4.6,Không,Không,Có,Thẻ tín dụng,Giao hàng tiêu chuẩn,Online,13,Nửa năm một lần,194.0,6040000.0,6116708.0,303872.0,0,0,Khách hàng phổ thông / mới,0.3420963193949273
592,61,Nữ,TP. Hồ Chí Minh,Miền Nam,Nhẫn,Vàng đính đá quý,18,3.41,1,Sinh nhật,7544000.0,19107000.0,3.5,Không,Có,Không,Tiền mặt,Nhận tại cửa hàng,Online,30,Nửa năm một lần,189.0,45264000.0,43000800.0,1212886.0,0,3,Khách hàng trung thành,0.42646454386080046
593,29,Nữ,Kiên Giang,Miền Nam,Trang sức bộ,Vàng 24K,24,10.28,1,Sinh nhật,25761000.0,9960000.0,3.0,Có,Không,Không,Tiền mặt,Giao hàng tiêu chuẩn,Online,12,Hàng năm,387.0,61826000.0,68966903.0,1825280.0,1,2,Khách hàng có nguy cơ rời bỏ,0.3810873162967902
594,65,Nam,An Giang,Miền Nam,Bông tai,Vàng 18K,18,4.66,0,Tự mua sắm,7283000.0,34896000.0,2.7,Không,Không,Không,Ví điện tử (Momo/ZaloPay),Giao hàng tiêu chuẩn,Tại cửa hàng,25,Hàng quý,83.0,36415000.0,32933726.0,2859366.0,1,3,Khách hàng trung thành,0.753937792002404
595,33,Nữ,Đắk Lắk,Miền Trung,Vòng tay,Vàng 18K,18,13.99,0,Tự mua sắm,18990000.0,21834000.0,3.1,Không,Có,Có,Ví điện tử (Momo/ZaloPay),Giao hàng nhanh,Online,3,Hàng năm,379.0,11394000.0,10564517.0,1593445.0,1,2,Khách hàng có nguy cơ rời bỏ,0.502880412710803
596,56,Nữ,Nghệ An,Miền Trung,Vòng tay,Bạc,5,12.61,0,Tự mua sắm,613000.0,25333000.0,4.2,Có,Không,Không,Thẻ tín dụng,Nhận tại cửa hàng,Online,29,Hàng tháng,30.0,3555000.0,4259956.0,727482.0,0,3,Khách hàng trung thành,0.2899744240741678
597,45,Nam,Đắk Lắk,Miền Trung,Nhẫn,Vàng đính đá quý,18,7.91,1,Sinh nhật,17155000.0,15968000.0,4.1,Không,Không,Không,Ví điện tử (Momo/ZaloPay),Nhận tại cửa hàng,Online,23,Hàng quý,79.0,78913000.0,77666175.0,5916501.0,0,3,Khách hàng trung thành,0.5908174880451905
598,55,Nam,Cần Thơ,Miền Nam,Dây chuyền,Bạch kim,20,8.78,0,Sinh nhật,16900000.0,19220000.0,4.0,Không,Không,Không,Tiền mặt,Nhận tại cửa hàng,Online,25,Nửa năm một lần,158.0,84500000.0,82683250.0,3052982.0,1,3,Khách hàng trung thành,0.6715773780629548
599,48,Nam,Long An,Miền Nam,Bông tai,Vàng 24K,24,5.35,0,Sinh nhật,9896000.0,29090000.0,4.6,Không,Có,Có,Tiền mặt,Nhận tại cửa hàng,Online,10,Hàng tháng,31.0,19792000.0,20043358.0,7889562.0,0,0,Khách hàng phổ thông / mới,0.2041830931956931
600,48,Nữ,Cần Thơ,Miền Nam,Vòng tay,Vàng 18K,18,7.84,0,Sinh nhật,12106000.0,6000000.0,3.8,Không,Không,Không,Thẻ tín dụng,Nhận tại cửa hàng,Tại cửa hàng,20,Hàng quý,92.0,48424000.0,46830850.0,3631907.0,0,3,Khách hàng trung thành,0.548203778065887
601,47,Nữ,Đà Nẵng,Miền Trung,Vòng tay,Bạch kim,20,8.97,0,Sinh nhật,16836000.0,26164000.0,3.7,Có,Không,Không,Thẻ tín dụng,Giao hàng nhanh,Tại cửa hàng,23,Nửa năm một lần,197.0,77446000.0,90131655.0,2737980.0,1,3,Khách hàng trung thành,0.5023592526263251
602,55,Nữ,Hải Phòng,Miền Bắc,Nhẫn,Vàng 24K,24,3.64,0,Sinh nhật,7661000.0,19571000.0,2.9,Không,Có,Có,Tiền mặt,Giao hàng tiêu chuẩn,Tại cửa hàng,3,Hàng quý,97.0,4597000.0,4209933.0,2692229.0,0,0,Khách hàng phổ thông / mới,0.40389571457319906
603,53,Nữ,Đắk Lắk,Miền Trung,Bông tai,Bạc,5,5.95,0,Quà tặng người yêu,526000.0,24092000.0,3.0,Không,Không,Không,Ví điện tử (Momo/ZaloPay),Nhận tại cửa hàng,Online,20,Hàng tháng,30.0,2104000.0,1938836.0,438689.0,0,3,Khách hàng trung thành,0.6527161591240358
604,24,Nữ,Quảng Ninh,Miền Bắc,Dây chuyền,Vàng 18K,18,13.89,0,Tự mua sắm,22424000.0,31094000.0,3.4,Không,Không,Không,Ví điện tử (Momo/ZaloPay),Giao hàng tiêu chuẩn,Tại cửa hàng,26,Hàng tháng,29.0,116605000.0,110110102.0,26828284.0,0,1,Khách hàng VIP (giá trị cao nhất),0.6657645253212585
605,57,Nữ,Hà Nội,Miền Bắc,Nhẫn,Vàng 18K,18,4.42,0,Quà tặng người yêu,6198000.0,18075000.0,4.3,Không,Có,Không,Thẻ tín dụng,Giao hàng nhanh,Online,26,Hàng tháng,29.0,32230000.0,32088188.0,7976280.0,0,3,Khách hàng trung thành,0.3625811832683529
606,43,Nam,Quảng Nam,Miền Trung,Trang sức bộ,Vàng 18K,18,31.11,0,Quà tặng gia đình,42433000.0,6000000.0,4.6,Có,Có,Không,Thẻ tín dụng,Nhận tại cửa hàng,Online,23,Hàng tháng,34.0,195192000.0,239285873.0,40227169.0,0,1,Khách hàng VIP (giá trị cao nhất),0.16868785104486603
607,33,Nữ,TP. Hồ Chí Minh,Miền Nam,Vòng tay,Vàng 18K,18,8.5,0,Tự mua sắm,11468000.0,12340000.0,3.3,Có,Có,Không,Chuyển khoản ngân hàng,Giao hàng tiêu chuẩn,Tại cửa hàng,27,Hàng tháng,32.0,61927000.0,70361457.0,14383272.0,0,3,Khách hàng trung thành,0.2109686468981005
608,42,Nữ,Long An,Miền Nam,Vòng tay,Vàng đính đá quý,18,13.89,1,Quà tặng người yêu,25714000.0,20610000.0,3.5,Có,Có,Không,Ví điện tử (Momo/ZaloPay),Nhận tại cửa hàng,Tại cửa hàng,9,Hàng năm,348.0,46285000.0,53227750.0,1907974.0,0,2,Khách hàng có nguy cơ rời bỏ,0.1845829751147249
609,64,Nữ,Đồng Nai,Miền Nam,Trang sức bộ,Bạc,5,14.05,0,Tự mua sắm,1348000.0,33384000.0,4.7,Có,Có,Không,Thẻ tín dụng,Giao hàng tiêu chuẩn,Online,21,Hàng tháng,32.0,5662000.0,6980114.0,980622.0,0,3,Khách hàng trung thành,0.1443149758543444
611,58,Nữ,Bình Dương,Miền Nam,Trang sức bộ,Bạc,5,15.56,0,Quà tặng gia đình,1425000.0,32316000.0,4.2,Không,Không,Có,Tiền mặt,Giao hàng nhanh,Online,26,Hàng năm,373.0,7410000.0,7335159.0,77916.0,0,2,Khách hàng có nguy cơ rời bỏ,0.29787007032664947
612,40,Nữ,TP. Hồ Chí Minh,Miền Nam,Bông tai,Vàng 18K,18,3.93,0,Quà tặng gia đình,6179000.0,6000000.0,3.5,Có,Không,Không,Chuyển khoản ngân hàng,Giao hàng nhanh,Online,16,Hàng quý,101.0,19773000.0,22738950.0,2329583.0,0,3,Khách hàng trung thành,0.33244747756971404
613,55,Nữ,Hà Nội,Miền Bắc,Bông tai,Vàng 18K,18,3.14,0,Lễ/Tết,5172000.0,17775000.0,3.4,Có,Không,Có,Ví điện tử (Momo/ZaloPay),Giao hàng nhanh,Tại cửa hàng,25,Hàng năm,377.0,25860000.0,29560566.0,460042.0,0,2,Khách hàng có nguy cơ rời bỏ,0.1980811615265669
614,36,Nữ,Quảng Ngãi,Miền Trung,Nhẫn,Vàng 18K,18,5.13,0,Tự mua sắm,8291000.0,27425000.0,4.3,Có,Không,Có,Thẻ tín dụng,Giao hàng tiêu chuẩn,Online,9,Hàng tháng,34.0,14924000.0,17986405.0,7242394.0,0,0,Khách hàng phổ thông / mới,0.23826822200960213
615,50,Nữ,Hải Phòng,Miền Bắc,Nhẫn,Bạch kim,20,2.55,1,Quà tặng gia đình,6711000.0,20389500.0,2.7,Không,Không,Không,Chuyển khoản ngân hàng,Giao hàng tiêu chuẩn,Online,10,Nửa năm một lần,184.0,13422000.0,12138857.0,1149326.0,1,0,Khách hàng phổ thông / mới,0.8093525929167377
616,48,Nam,Hà Nội,Miền Bắc,Dây chuyền,Vàng 24K,24,9.08,0,Tự mua sắm,19616000.0,7200000.0,3.9,Có,Không,Có,Chuyển khoản ngân hàng,Giao hàng nhanh,Online,30,Hàng năm,394.0,117696000.0,138598810.0,1191018.0,0,1,Khách hàng VIP (giá trị cao nhất),0.139063034747354
617,29,Nam,Quảng Ninh,Miền Bắc,Nhẫn,Vàng đính đá quý,18,3.56,1,Lễ/Tết,8016000.0,13860000.0,2.7,Không,Có,Có,Chuyển khoản ngân hàng,Giao hàng tiêu chuẩn,Tại cửa hàng,28,Hàng năm,368.0,44890000.0,40598516.0,941162.0,0,2,Khách hàng có nguy cơ rời bỏ,0.33103140909760553
618,30,Nữ,Cần Thơ,Miền Nam,Nhẫn,Bạc,5,2.44,0,Quà tặng người yêu,650000.0,18831000.0,4.1,Có,Không,Không,Chuyển khoản ngân hàng,Giao hàng nhanh,Tại cửa hàng,6,Hàng tháng,31.0,780000.0,929292.0,643663.0,0,0,Khách hàng phổ thông / mới,0.30679599101706007
619,20,Nam,TP. Hồ Chí Minh,Miền Nam,Vòng tay,Bạc,5,12.51,0,Quà tặng gia đình,736000.0,14551000.0,3.9,Có,Không,Có,Ví điện tử (Momo/ZaloPay),Nhận tại cửa hàng,Online,12,Hàng tháng,29.0,1766000.0,2079642.0,776372.0,0,0,Khách hàng phổ thông / mới,0.2057164561413205
620,24,Nữ,Kiên Giang,Miền Nam,Bông tai,Bạc,5,1.69,0,Tự mua sắm,559000.0,27625000.0,2.6,Không,Không,Không,Tiền mặt,Giao hàng tiêu chuẩn,Online,5,Hàng tháng,31.0,559000.0,502373.0,611639.0,0,0,Khách hàng phổ thông / mới,0.6525323053541144
621,38,Nam,Tây Ninh,Miền Nam,Nhẫn,Bạc,5,4.28,0,Cưới hỏi,435000.0,20370000.0,3.5,Không,Không,Có,Ví điện tử (Momo/ZaloPay),Giao hàng tiêu chuẩn,Online,20,Hàng năm,318.0,1740000.0,1653000.0,44591.0,0,2,Khách hàng có nguy cơ rời bỏ,0.4031807287128072
622,40,Nam,An Giang,Miền Nam,Bông tai,Bạc,5,2.62,0,Quà tặng gia đình,420000.0,10289000.0,3.0,Không,Không,Không,Ví điện tử (Momo/ZaloPay),Giao hàng nhanh,Online,2,Hàng tháng,32.0,168000.0,154812.0,409618.0,1,0,Khách hàng phổ thông / mới,0.6630509113681473
623,25,Nữ,Bắc Ninh,Miền Bắc,Trang sức bộ,Bạc,5,23.58,0,Tự mua sắm,1992000.0,22725000.0,4.5,Không,Không,Không,Ví điện tử (Momo/ZaloPay),Giao hàng tiêu chuẩn,Online,1,Hàng quý,91.0,398000.0,400786.0,563264.0,0,0,Khách hàng phổ thông / mới,0.45092207496169645
624,38,Nam,Bà Rịa - Vũng Tàu,Miền Nam,Bông tai,Vàng 24K,24,3.42,0,Quà tặng gia đình,6996000.0,23876000.0,4.8,Có,Có,Không,Thẻ tín dụng,Giao hàng nhanh,Online,17,Hàng quý,96.0,23786000.0,29487504.0,2371785.0,0,3,Khách hàng trung thành,0.13396447215597931
625,47,Nữ,Long An,Miền Nam,Bông tai,Bạc,5,1.67,0,Quà tặng người yêu,300000.0,12775000.0,3.3,Có,Có,Có,Chuyển khoản ngân hàng,Giao hàng nhanh,Online,27,Hàng quý,77.0,1620000.0,1840644.0,156479.0,0,3,Khách hàng trung thành,0.14926444459631688
626,29,Nữ,Bà Rịa - Vũng Tàu,Miền Nam,Bông tai,Vàng 18K,18,2.4,0,Sinh nhật,3850000.0,13503000.0,2.6,Không,Không,Không,Thẻ tín dụng,Giao hàng nhanh,Tại cửa hàng,23,Hàng quý,84.0,17710000.0,15915977.0,1707991.0,1,3,Khách hàng trung thành,0.7479004300433318
627,34,Nam,Quảng Ninh,Miền Bắc,Nhẫn,Bạc,5,5.12,0,Tự mua sắm,447000.0,15058000.0,4.7,Có,Có,Có,Ví điện tử (Momo/ZaloPay),Giao hàng nhanh,Tại cửa hàng,21,Hàng quý,92.0,1877000.0,2313966.0,187561.0,0,3,Khách hàng trung thành,0.11701301865958963
628,35,Nữ,Hải Phòng,Miền Bắc,Dây chuyền,Bạc,5,13.01,1,Quà tặng người yêu,5263000.0,29666000.0,4.6,Không,Có,Không,Thẻ tín dụng,Nhận tại cửa hàng,Online,18,Nửa năm một lần,180.0,18947000.0,19187627.0,796451.0,1,3,Khách hàng trung thành,0.420541931470197
629,42,Nữ,Tiền Giang,Miền Nam,Trang sức bộ,Vàng 24K,24,11.48,0,Tự mua sắm,24370000.0,19902000.0,4.5,Không,Có,Có,Thẻ tín dụng,Giao hàng tiêu chuẩn,Online,6,Hàng quý,79.0,29244000.0,29448708.0,7605949.0,0,0,Khách hàng phổ thông / mới,0.1573759359469978
630,35,Nữ,Quảng Ninh,Miền Bắc,Bông tai,Bạc,5,1.45,0,Tự mua sắm,629000.0,6000000.0,3.4,Có,Không,Có,Chuyển khoản ngân hàng,Giao hàng tiêu chuẩn,Online,7,Hàng quý,78.0,881000.0,1007071.0,236446.0,0,0,Khách hàng phổ thông / mới,0.2871954467926087
631,53,Nữ,Thanh Hóa,Miền Trung,Bông tai,Vàng 18K,18,4.98,0,Cưới hỏi,8456000.0,12756000.0,2.7,Không,Không,Có,Tiền mặt,Nhận tại cửa hàng,Online,19,Hàng quý,87.0,32133000.0,29061085.0,2945110.0,0,3,Khách hàng trung thành,0.5442163791301158
632,33,Nữ,Đà Nẵng,Miền Trung,Trang sức bộ,Bạc,5,18.5,1,Tự mua sắm,6545000.0,24991000.0,4.9,Không,Không,Có,Thẻ tín dụng,Giao hàng tiêu chuẩn,Online,28,Hàng quý,88.0,36652000.0,37744230.0,2670705.0,0,3,Khách hàng trung thành,0.2722989658927265
633,38,Nữ,Bắc Ninh,Miền Bắc,Nhẫn,Bạc,5,3.17,0,Quà tặng người yêu,736000.0,17423000.0,3.7,Không,Không,Có,Tiền mặt,Giao hàng nhanh,Online,2,Nửa năm một lần,175.0,294000.0,282652.0,87734.0,1,0,Khách hàng phổ thông / mới,0.5296162804426198
634,36,Nữ,Hà Nội,Miền Bắc,Dây chuyền,Bạc,5,5.76,0,Lễ/Tết,657000.0,11568000.0,3.4,Không,Không,Có,Thẻ tín dụng,Giao hàng nhanh,Tại cửa hàng,12,Hàng quý,102.0,1577000.0,1489161.0,246437.0,0,0,Khách hàng phổ thông / mới,0.5558454203660689
635,26,Nữ,Tây Ninh,Miền Nam,Bông tai,Bạch kim,20,5.85,0,Lễ/Tết,11218000.0,16911000.0,4.4,Không,Không,Không,Thẻ tín dụng,Giao hàng nhanh,Tại cửa hàng,6,Hàng quý,82.0,13462000.0,13479501.0,3987419.0,0,0,Khách hàng phổ thông / mới,0.5035208779984572
636,50,Nữ,Bà Rịa - Vũng Tàu,Miền Nam,Nhẫn,Vàng 24K,24,4.82,0,Sinh nhật,10680000.0,27869000.0,4.2,Không,Không,Không,Tiền mặt,Giao hàng nhanh,Online,5,Hàng tháng,32.0,10680000.0,10572132.0,9243154.0,1,0,Khách hàng phổ thông / mới,0.6185583930782258
637,29,Nữ,An Giang,Miền Nam,Vòng tay,Vàng 24K,24,7.41,0,Sinh nhật,16686000.0,34973000.0,2.6,Có,Không,Không,Ví điện tử (Momo/ZaloPay),Giao hàng tiêu chuẩn,Tại cửa hàng,11,Hàng tuần,6.0,36709000.0,39935721.0,40938494.0,0,0,Khách hàng phổ thông / mới,0.4369395894244753
638,32,Nữ,Hưng Yên,Miền Bắc,Lắc chân,Bạc,5,6.65,1,Sinh nhật,3551000.0,19514000.0,4.9,Có,Có,Có,Thẻ tín dụng,Giao hàng tiêu chuẩn,Online,6,Hàng năm,315.0,4261000.0,5311763.0,237452.0,0,2,Khách hàng có nguy cơ rời bỏ,0.09347022482510023
639,56,Nữ,Nam Định,Miền Bắc,Vòng tay,Vàng 18K,18,8.91,0,Cưới hỏi,14174000.0,24787000.0,3.9,Không,Không,Có,Thẻ tín dụng,Giao hàng tiêu chuẩn,Online,8,Hàng năm,378.0,22678000.0,22061158.0,1291601.0,0,2,Khách hàng có nguy cơ rời bỏ,0.2759427752577564
640,63,Nữ,Huế,Miền Trung,Dây chuyền,Vàng 24K,24,5.02,0,Lễ/Tết,11189000.0,21079000.0,3.0,Không,Không,Không,Tiền mặt,Nhận tại cửa hàng,Online,14,Hàng tháng,33.0,31329000.0,28869674.0,10306058.0,0,0,Khách hàng phổ thông / mới,0.626694859947185
641,50,Nữ,Đà Nẵng,Miền Trung,Bông tai,Vàng 24K,24,5.89,0,Cưới hỏi,12663000.0,22533000.0,2.5,Không,Không,Có,Ví điện tử (Momo/ZaloPay),Nhận tại cửa hàng,Online,23,Hàng quý,85.0,58250000.0,52017250.0,3431555.0,1,3,Khách hàng trung thành,0.6249162834333287
642,61,Nam,Hà Nội,Miền Bắc,Nhẫn,Vàng 18K,18,4.39,0,Sinh nhật,5971000.0,15185000.0,3.9,Không,Có,Không,Ví điện tử (Momo/ZaloPay),Giao hàng tiêu chuẩn,Online,17,Hàng quý,91.0,20301000.0,19748813.0,1509585.0,0,3,Khách hàng trung thành,0.32980151842104866
643,59,Nam,Bình Dương,Miền Nam,Lắc chân,Vàng đính đá quý,18,9.22,1,Cưới hỏi,19791000.0,31655000.0,4.0,Không,Có,Không,Thẻ tín dụng,Giao hàng tiêu chuẩn,Online,17,Nửa năm một lần,189.0,67289000.0,65842286.0,2951557.0,1,3,Khách hàng trung thành,0.5300767784657726
644,41,Nữ,Tây Ninh,Miền Nam,Nhẫn,Vàng 24K,24,7.34,0,Tự mua sắm,14301000.0,17251000.0,2.7,Không,Có,Không,Thẻ tín dụng,Giao hàng tiêu chuẩn,Online,19,Hàng tháng,32.0,54344000.0,49148714.0,17435027.0,0,3,Khách hàng trung thành,0.5076456627536404
645,54,Nữ,Khánh Hòa,Miền Trung,Lắc chân,Vàng 18K,18,4.85,0,Lễ/Tết,7090000.0,13544000.0,3.9,Không,Có,Không,Thẻ tín dụng,Nhận tại cửa hàng,Tại cửa hàng,7,Hàng năm,376.0,9926000.0,9656013.0,539259.0,0,2,Khách hàng có nguy cơ rời bỏ,0.2747089357240127
646,33,Nữ,Nghệ An,Miền Trung,Vòng tay,Vàng đính đá quý,18,6.92,1,Quà tặng người yêu,15209000.0,14596000.0,3.6,Không,Không,Không,Ví điện tử (Momo/ZaloPay),Nhận tại cửa hàng,Online,3,Hai tuần một lần,16.0,9125000.0,8720762.0,20801186.0,0,0,Khách hàng phổ thông / mới,0.46801687675996
647,40,Nam,Nghệ An,Miền Trung,Dây chuyền,Vàng đính đá quý,18,6.12,1,Cưới hỏi,15807000.0,25055000.0,3.6,Không,Không,Không,Tiền mặt,Giao hàng nhanh,Online,1,Hàng năm,330.0,3161000.0,3020968.0,1373436.0,1,2,Khách hàng có nguy cơ rời bỏ,0.5882711940957447
648,43,Nữ,Hà Nội,Miền Bắc,Vòng tay,Vàng 18K,18,15.69,0,Quà tặng người yêu,23487000.0,15688000.0,4.9,Không,Có,Không,Chuyển khoản ngân hàng,Nhận tại cửa hàng,Tại cửa hàng,27,Hai tuần một lần,15.0,126830000.0,130609534.0,44668035.0,0,1,Khách hàng VIP (giá trị cao nhất),0.3512602845576325
649,64,Nữ,Hưng Yên,Miền Bắc,Nhẫn,Vàng đính đá quý,18,3.98,1,Quà tặng người yêu,8420000.0,32457000.0,3.2,Không,Không,Có,Ví điện tử (Momo/ZaloPay),Giao hàng tiêu chuẩn,Online,27,Hàng tháng,34.0,45468000.0,42417097.0,3822881.0,0,3,Khách hàng trung thành,0.33010045437080043
650,58,Nữ,Quảng Nam,Miền Trung,Dây chuyền,Vàng 24K,24,8.87,0,Sinh nhật,20290000.0,25957000.0,4.7,Không,Không,Không,Ví điện tử (Momo/ZaloPay),Giao hàng nhanh,Tại cửa hàng,11,Hàng tháng,29.0,44638000.0,45459339.0,20784522.0,0,0,Khách hàng phổ thông / mới,0.5484890640621061
651,41,Nữ,Đà Nẵng,Miền Trung,Lắc chân,Bạch kim,20,3.18,0,Tự mua sắm,5439000.0,26491000.0,3.4,Không,Có,Có,Ví điện tử (Momo/ZaloPay),Nhận tại cửa hàng,Tại cửa hàng,24,Hàng tháng,33.0,26107000.0,24652840.0,4739010.0,0,3,Khách hàng trung thành,0.3405594922693972
652,49,Nữ,Bình Định,Miền Trung,Lắc chân,Vàng 24K,24,3.04,0,Sinh nhật,6432000.0,18009000.0,2.9,Không,Có,Không,Ví điện tử (Momo/ZaloPay),Giao hàng tiêu chuẩn,Tại cửa hàng,8,Hàng năm,377.0,10291000.0,9424498.0,575971.0,1,2,Khách hàng có nguy cơ rời bỏ,0.6344344209081808
653,27,Nữ,Long An,Miền Nam,Nhẫn,Vàng 18K,18,4.15,0,Quà tặng người yêu,6175000.0,15270000.0,2.9,Không,Có,Không,Tiền mặt,Giao hàng nhanh,Online,10,Hàng quý,84.0,12350000.0,11310130.0,2939327.0,0,0,Khách hàng phổ thông / mới,0.5615699286898517
654,56,Nữ,Nam Định,Miền Bắc,Bông tai,Vàng 18K,18,1.75,0,Tự mua sắm,2752000.0,21590000.0,4.9,Không,Không,Có,Tiền mặt,Giao hàng nhanh,Tại cửa hàng,21,Hai tuần một lần,14.0,11558000.0,11902428.0,7092976.0,0,3,Khách hàng trung thành,0.35088521284306107
655,44,Nữ,Hà Nội,Miền Bắc,Lắc chân,Bạc,5,10.12,0,Tự mua sắm,732000.0,12330000.0,2.6,Không,Không,Không,Tiền mặt,Giao hàng tiêu chuẩn,Online,28,Hàng năm,406.0,4099000.0,3683771.0,51471.0,1,2,Khách hàng có nguy cơ rời bỏ,0.7484847790212195
656,43,Nữ,Hà Nội,Miền Bắc,Lắc chân,Vàng 24K,24,11.56,1,Sinh nhật,26643000.0,23887000.0,3.0,Không,Có,Không,Chuyển khoản ngân hàng,Giao hàng tiêu chuẩn,Online,19,Hàng tháng,30.0,101243000.0,93295424.0,21336389.0,0,1,Khách hàng VIP (giá trị cao nhất),0.495130307970171
657,54,Nữ,Bắc Ninh,Miền Bắc,Dây chuyền,Vàng 18K,18,14.11,1,Cưới hỏi,23366000.0,27661000.0,3.4,Không,Không,Có,Thẻ tín dụng,Nhận tại cửa hàng,Tại cửa hàng,29,Hai tuần một lần,13.0,135523000.0,127974369.0,78898252.0,0,1,Khách hàng VIP (giá trị cao nhất),0.3776616566115308
658,48,Nam,Đắk Lắk,Miền Trung,Nhẫn,Bạc,5,4.53,0,Tự mua sắm,300000.0,16036000.0,4.1,Có,Không,Có,Tiền mặt,Giao hàng nhanh,Tại cửa hàng,30,Hàng tuần,8.0,1800000.0,2144520.0,909593.0,0,3,Khách hàng trung thành,0.23254481495771467
659,21,Nam,Cần Thơ,Miền Nam,Trang sức bộ,Vàng 24K,24,17.17,0,Quà tặng người yêu,33267000.0,24088000.0,3.4,Không,Có,Không,Chuyển khoản ngân hàng,Giao hàng tiêu chuẩn,Tại cửa hàng,1,Hàng quý,85.0,6653000.0,6282428.0,11770733.0,0,0,Khách hàng phổ thông / mới,0.33960886362464626
660,31,Nữ,Bà Rịa - Vũng Tàu,Miền Nam,Dây chuyền,Vàng đính đá quý,18,8.81,1,Lễ/Tết,18285000.0,21643000.0,2.6,Không,Không,Có,Tiền mặt,Nhận tại cửa hàng,Tại cửa hàng,13,Hàng năm,315.0,47541000.0,42725097.0,1733866.0,1,2,Khách hàng có nguy cơ rời bỏ,0.6800341307678606
661,26,Nữ,Quảng Ngãi,Miền Trung,Dây chuyền,Vàng 18K,18,4.25,0,Lễ/Tết,6174000.0,27374000.0,3.8,Không,Có,Có,Thẻ tín dụng,Giao hàng nhanh,Tại cửa hàng,15,Hàng tuần,6.0,18522000.0,17912626.0,19182407.0,0,0,Khách hàng phổ thông / mới,0.15889412150847795
662,53,Nữ,Huế,Miền Trung,Bông tai,Vàng 24K,24,5.72,1,Lễ/Tết,14877000.0,32685000.0,4.7,Không,Có,Không,Thẻ tín dụng,Giao hàng nhanh,Online,6,Nửa năm một lần,207.0,17852000.0,18180477.0,2100061.0,0,0,Khách hàng phổ thông / mới,0.24925179644870346
663,19,Nam,Quảng Ninh,Miền Bắc,Dây chuyền,Vàng 18K,18,11.06,1,Quà tặng người yêu,18619000.0,24612000.0,4.7,Không,Không,Có,Ví điện tử (Momo/ZaloPay),Giao hàng nhanh,Online,7,Hàng tháng,28.0,26067000.0,26546633.0,17889019.0,0,0,Khách hàng phổ thông / mới,0.3302171274971469
664,27,Nữ,Huế,Miền Trung,Lắc chân,Vàng 18K,18,5.58,0,Quà tặng người yêu,7682000.0,19226000.0,5.0,Không,Có,Có,Chuyển khoản ngân hàng,Giao hàng nhanh,Tại cửa hàng,30,Hàng tháng,33.0,46092000.0,47728266.0,6296205.0,0,3,Khách hàng trung thành,0.1806788456139058
665,46,Nam,Lào Cai,Miền Bắc,Nhẫn,Vàng 24K,24,6.44,0,Lễ/Tết,14351000.0,29200000.0,3.4,Không,Không,Không,Chuyển khoản ngân hàng,Nhận tại cửa hàng,Online,6,Nửa năm một lần,202.0,17221000.0,16261790.0,2118771.0,1,0,Khách hàng phổ thông / mới,0.6864139752799329
666,51,Nữ,Bà Rịa - Vũng Tàu,Miền Nam,Bông tai,Bạc,5,2.23,0,Sinh nhật,413000.0,21391000.0,2.8,Không,Không,Có,Ví điện tử (Momo/ZaloPay),Nhận tại cửa hàng,Online,15,Nửa năm một lần,156.0,1239000.0,1127614.0,71654.0,1,0,Khách hàng phổ thông / mới,0.6403167383808597
667,42,Nữ,Quảng Nam,Miền Trung,Trang sức bộ,Bạc,5,28.79,0,Sinh nhật,1493000.0,18661000.0,2.7,Không,Có,Không,Tiền mặt,Giao hàng nhanh,Tại cửa hàng,15,Hàng quý,96.0,4479000.0,4050808.0,406697.0,1,0,Khách hàng phổ thông / mới,0.6696922370571626
668,59,Nữ,Nam Định,Miền Bắc,Trang sức bộ,Vàng 18K,18,20.05,0,Tự mua sắm,32629000.0,17272000.0,4.7,Không,Không,Không,Thẻ tín dụng,Giao hàng tiêu chuẩn,Online,20,Hàng tháng,30.0,130516000.0,132917494.0,33254088.0,0,1,Khách hàng VIP (giá trị cao nhất),0.491573123431696
669,62,Nữ,Hưng Yên,Miền Bắc,Trang sức bộ,Vàng 18K,18,31.6,0,Quà tặng người yêu,47039000.0,22404000.0,4.4,Không,Có,Không,Ví điện tử (Momo/ZaloPay),Giao hàng tiêu chuẩn,Tại cửa hàng,17,Hàng tuần,7.0,159933000.0,160140913.0,134640308.0,0,1,Khách hàng VIP (giá trị cao nhất),0.3670412237326829
670,24,Nữ,Bắc Ninh,Miền Bắc,Lắc chân,Bạch kim,20,11.91,0,Tự mua sắm,22407000.0,26476000.0,4.1,Có,Không,Có,Chuyển khoản ngân hàng,Giao hàng tiêu chuẩn,Online,2,Nửa năm một lần,179.0,8963000.0,10678518.0,4772010.0,0,0,Khách hàng phổ thông / mới,0.17160530186723033
671,63,Nữ,Tiền Giang,Miền Nam,Dây chuyền,Vàng 18K,18,6.84,0,Quà tặng gia đình,10984000.0,14560000.0,3.7,Không,Không,Không,Tiền mặt,Giao hàng tiêu chuẩn,Tại cửa hàng,14,Nửa năm một lần,162.0,30755000.0,29567857.0,1063466.0,1,0,Khách hàng phổ thông / mới,0.6351057927994128
672,47,Nữ,Hà Nội,Miền Bắc,Trang sức bộ,Bạc,5,23.78,0,Tự mua sắm,1706000.0,12139000.0,3.6,Không,Không,Không,Tiền mặt,Nhận tại cửa hàng,Online,11,Hàng quý,80.0,3753000.0,3586742.0,765442.0,0,0,Khách hàng phổ thông / mới,0.5445844615099146
673,48,Nữ,Hà Nội,Miền Bắc,Trang sức bộ,Vàng đính đá quý,18,15.95,1,Sinh nhật,33614000.0,12338000.0,3.7,Không,Không,Không,Tiền mặt,Giao hàng nhanh,Tại cửa hàng,4,Hàng tháng,26.0,26891000.0,25853007.0,47484765.0,0,0,Khách hàng phổ thông / mới,0.5330500483921402
674,22,Nữ,Thái Nguyên,Miền Bắc,Vòng tay,Vàng 18K,18,17.01,0,Quà tặng gia đình,24064000.0,26473000.0,3.4,Không,Có,Không,Tiền mặt,Giao hàng tiêu chuẩn,Tại cửa hàng,30,Nửa năm một lần,169.0,144384000.0,136341811.0,2677468.0,1,1,Khách hàng VIP (giá trị cao nhất),0.6105326883721351
675,47,Nữ,Cần Thơ,Miền Nam,Dây chuyền,Bạc,5,8.9,0,Tự mua sắm,763000.0,23608000.0,3.7,Có,Có,Không,Chuyển khoản ngân hàng,Nhận tại cửa hàng,Tại cửa hàng,17,Hai tuần một lần,15.0,2594000.0,3018897.0,1431871.0,0,0,Khách hàng phổ thông / mới,0.17268317736527486
676,52,Nam,Khánh Hòa,Miền Trung,Nhẫn,Vàng đính đá quý,18,7.89,1,Quà tặng người yêu,19394000.0,31441000.0,3.0,Không,Không,Có,Tiền mặt,Giao hàng tiêu chuẩn,Online,29,Nửa năm một lần,170.0,112485000.0,103654928.0,3193646.0,1,1,Khách hàng VIP (giá trị cao nhất),0.6793186725534641
677,45,Nam,Quảng Ngãi,Miền Trung,Vòng tay,Bạc,5,18.3,0,Tự mua sắm,1287000.0,17067000.0,2.8,Không,Không,Không,Ví điện tử (Momo/ZaloPay),Giao hàng nhanh,Online,28,Nửa năm một lần,175.0,7207000.0,6559091.0,164732.0,1,3,Khách hàng trung thành,0.7724702472085232
678,22,Nam,Thanh Hóa,Miền Trung,Bông tai,Vàng đính đá quý,18,2.36,1,Quà tặng người yêu,9422000.0,10761000.0,3.0,Không,Không,Không,Chuyển khoản ngân hàng,Giao hàng tiêu chuẩn,Online,30,Hàng tháng,31.0,56532000.0,52094238.0,7841472.0,0,3,Khách hàng trung thành,0.6755273710623784
679,43,Nữ,Hà Nội,Miền Bắc,Dây chuyền,Vàng 18K,18,4.43,0,Cưới hỏi,7137000.0,31479000.0,4.9,Không,Không,Không,Ví điện tử (Momo/ZaloPay),Giao hàng nhanh,Online,8,Hàng quý,94.0,11419000.0,11759286.0,1822432.0,0,0,Khách hàng phổ thông / mới,0.5197278920369189
680,62,Nữ,Long An,Miền Nam,Dây chuyền,Bạc,5,10.44,1,Tự mua sắm,6368000.0,16572000.0,5.0,Có,Có,Không,Thẻ tín dụng,Giao hàng nhanh,Online,25,Hàng quý,100.0,31840000.0,39911440.0,2512957.0,0,3,Khách hàng trung thành,0.15393196254639183
681,52,Nữ,Thái Nguyên,Miền Bắc,Vòng tay,Vàng 18K,18,9.77,0,Quà tặng người yêu,15320000.0,25851000.0,4.4,Có,Không,Không,Ví điện tử (Momo/ZaloPay),Nhận tại cửa hàng,Online,2,Nửa năm một lần,174.0,6128000.0,7427749.0,3086246.0,0,0,Khách hàng phổ thông / mới,0.30965240378626363
682,24,Nam,Hà Nội,Miền Bắc,Nhẫn,Vàng 24K,24,3.15,0,Quà tặng người yêu,6916000.0,10100000.0,4.6,Có,Không,Không,Thẻ tín dụng,Giao hàng nhanh,Tại cửa hàng,16,Hàng năm,390.0,22131000.0,27130393.0,653764.0,0,2,Khách hàng có nguy cơ rời bỏ,0.25487677324991653
683,64,Nam,Đắk Lắk,Miền Trung,Trang sức bộ,Vàng đính đá quý,18,23.63,1,Tự mua sắm,43387000.0,23105000.0,2.8,Không,Không,Không,Chuyển khoản ngân hàng,Giao hàng nhanh,Tại cửa hàng,27,Hàng quý,86.0,234290000.0,213227329.0,17101051.0,0,1,Khách hàng VIP (giá trị cao nhất),0.5199176942535416
684,64,Nữ,Hà Nội,Miền Bắc,Dây chuyền,Vàng 18K,18,9.46,0,Cưới hỏi,13598000.0,20698000.0,2.8,Không,Có,Có,Tiền mặt,Giao hàng nhanh,Tại cửa hàng,18,Hai tuần một lần,15.0,48953000.0,44552125.0,21668975.0,0,3,Khách hàng trung thành,0.33234385080129464
685,26,Nữ,Hà Nội,Miền Bắc,Nhẫn,Vàng đính đá quý,18,4.99,1,Sinh nhật,14134000.0,9592000.0,2.7,Có,Không,Không,Ví điện tử (Momo/ZaloPay),Giao hàng nhanh,Tại cửa hàng,7,Hàng quý,102.0,19788000.0,21663902.0,3764576.0,0,0,Khách hàng phổ thông / mới,0.4551836672886394
686,56,Nữ,Đồng Nai,Miền Nam,Nhẫn,Bạc,5,3.41,1,Cưới hỏi,3890000.0,34604000.0,2.7,Không,Không,Không,Chuyển khoản ngân hàng,Giao hàng nhanh,Online,3,Nửa năm một lần,173.0,2334000.0,2110870.0,733987.0,1,0,Khách hàng phổ thông / mới,0.7452794039174762
687,37,Nữ,Quảng Nam,Miền Trung,Lắc chân,Vàng đính đá quý,18,4.4,1,Tự mua sắm,8449000.0,14002000.0,4.4,Không,Có,Có,Tiền mặt,Nhận tại cửa hàng,Tại cửa hàng,14,Hàng quý,90.0,23657000.0,23687754.0,2196788.0,0,0,Khách hàng phổ thông / mới,0.20535612243711984
688,46,Nữ,Hải Dương,Miền Bắc,Lắc chân,Vàng đính đá quý,18,4.65,1,Lễ/Tết,8705000.0,14214000.0,2.6,Không,Có,Không,Ví điện tử (Momo/ZaloPay),Giao hàng nhanh,Online,24,Nửa năm một lần,168.0,41784000.0,37551281.0,1753964.0,1,3,Khách hàng trung thành,0.6783590797908626
689,39,Nam,Thanh Hóa,Miền Trung,Nhẫn,Bạc,5,6.18,0,Quà tặng người yêu,433000.0,15760000.0,4.9,Không,Không,Không,Ví điện tử (Momo/ZaloPay),Nhận tại cửa hàng,Online,28,Hàng tháng,30.0,2425000.0,2497265.0,414269.0,0,3,Khách hàng trung thành,0.46329542854365086
690,55,Nữ,TP. Hồ Chí Minh,Miền Nam,Nhẫn,Vàng đính đá quý,18,4.54,1,Tự mua sắm,10894000.0,6046000.0,4.1,Không,Không,Không,Tiền mặt,Giao hàng tiêu chuẩn,Tại cửa hàng,23,Hàng tháng,30.0,50112000.0,49320230.0,10159006.0,1,3,Khách hàng trung thành,0.6275524545416488
691,65,Nữ,Hà Nội,Miền Bắc,Dây chuyền,Bạch kim,20,8.63,0,Quà tặng người yêu,16195000.0,19610000.0,2.9,Có,Không,Có,Ví điện tử (Momo/ZaloPay),Nhận tại cửa hàng,Online,14,Hàng tháng,33.0,45346000.0,50270576.0,16606836.0,0,3,Khách hàng trung thành,0.2630804302332831
692,56,Nữ,Hải Phòng,Miền Bắc,Nhẫn,Bạc,5,7.85,0,Cưới hỏi,503000.0,16781000.0,4.5,Không,Không,Không,Chuyển khoản ngân hàng,Nhận tại cửa hàng,Online,22,Hàng năm,396.0,2213000.0,2228491.0,41153.0,1,2,Khách hàng có nguy cơ rời bỏ,0.6205041489267263
693,62,Nam,Quảng Ngãi,Miền Trung,Bông tai,Bạc,5,5.59,0,Cưới hỏi,300000.0,28666000.0,4.6,Có,Có,Không,Thẻ tín dụng,Nhận tại cửa hàng,Online,24,Nửa năm một lần,177.0,1440000.0,1765296.0,47544.0,0,3,Khách hàng trung thành,0.17188846965105442
694,63,Nữ,Gia Lai,Miền Trung,Nhẫn,Vàng 24K,24,1.92,0,Quà tặng người yêu,3639000.0,23992000.0,3.9,Không,Có,Có,Chuyển khoản ngân hàng,Nhận tại cửa hàng,Online,12,Hàng quý,81.0,8734000.0,8496435.0,1629031.0,0,0,Khách hàng phổ thông / mới,0.1742453802080663
695,22,Nữ,Tây Ninh,Miền Nam,Vòng tay,Vàng 24K,24,16.97,0,Quà tặng người yêu,37177000.0,10445000.0,2.7,Không,Không,Có,Ví điện tử (Momo/ZaloPay),Giao hàng nhanh,Online,8,Hàng tháng,28.0,59483000.0,53796425.0,32081438.0,0,0,Khách hàng phổ thông / mới,0.441938430156376
696,30,Nữ,Nghệ An,Miền Trung,Dây chuyền,Vàng 18K,18,5.98,0,Tự mua sắm,8099000.0,15226000.0,3.5,Không,Có,Không,Thẻ tín dụng,Giao hàng nhanh,Tại cửa hàng,8,Hàng năm,365.0,12958000.0,12310100.0,739473.0,0,2,Khách hàng có nguy cơ rời bỏ,0.47192848668515003
697,52,Nữ,Hà Nội,Miền Bắc,Vòng tay,Vàng 18K,18,15.83,0,Tự mua sắm,22569000.0,36210000.0,3.9,Có,Có,Không,Chuyển khoản ngân hàng,Giao hàng tiêu chuẩn,Online,23,Hàng năm,416.0,103817000.0,122254899.0,1801329.0,0,1,Khách hàng VIP (giá trị cao nhất),0.1684367009952696
698,46,Nam,Bình Định,Miền Trung,Dây chuyền,Vàng 18K,18,5.08,0,Quà tặng gia đình,8365000.0,14377000.0,4.4,Không,Không,Không,Tiền mặt,Giao hàng nhanh,Tại cửa hàng,25,Hàng quý,95.0,41825000.0,41879372.0,2494395.0,1,3,Khách hàng trung thành,0.6284364216429225
699,20,Nữ,Quảng Ngãi,Miền Trung,Nhẫn,Bạc,5,2.44,1,Quà tặng gia đình,3946000.0,24965000.0,3.2,Không,Có,Không,Ví điện tử (Momo/ZaloPay),Giao hàng tiêu chuẩn,Online,6,Nửa năm một lần,169.0,4735000.0,4417282.0,741594.0,1,0,Khách hàng phổ thông / mới,0.5187691456725522
700,22,Nữ,Bắc Ninh,Miền Bắc,Nhẫn,Bạc,5,7.6,0,Sinh nhật,300000.0,14559000.0,4.7,Không,Có,Không,Ví điện tử (Momo/ZaloPay),Nhận tại cửa hàng,Tại cửa hàng,30,Hàng năm,419.0,1800000.0,1833120.0,16642.0,1,2,Khách hàng có nguy cơ rời bỏ,0.33463143390986994
701,42,Nam,Bình Định,Miền Trung,Nhẫn,Bạc,5,5.13,0,Quà tặng người yêu,454000.0,20389500.0,3.1,Không,Có,Không,Tiền mặt,Nhận tại cửa hàng,Online,1,Hàng tháng,33.0,91000.0,84375.0,481374.0,0,0,Khách hàng phổ thông / mới,0.4116013487064364
702,47,Nữ,Thái Nguyên,Miền Bắc,Nhẫn,Vàng đính đá quý,18,3.77,1,Quà tặng người yêu,8624000.0,17027000.0,5.0,Có,Có,Không,Thẻ tín dụng,Giao hàng tiêu chuẩn,Online,13,Hàng quý,88.0,22422000.0,28105977.0,2842150.0,0,0,Khách hàng phổ thông / mới,0.16487187871858047
703,26,Nữ,Long An,Miền Nam,Trang sức bộ,Vàng đính đá quý,18,32.28,1,Sinh nhật,49883000.0,29853000.0,2.8,Không,Có,Có,Tiền mặt,Nhận tại cửa hàng,Tại cửa hàng,15,Hàng quý,95.0,149649000.0,136195555.0,14270369.0,0,1,Khách hàng VIP (giá trị cao nhất),0.2461725913385387
704,26,Nữ,Long An,Miền Nam,Dây chuyền,Vàng đính đá quý,18,6.48,1,Lễ/Tết,14652000.0,9289000.0,4.6,Không,Có,Không,Thẻ tín dụng,Giao hàng tiêu chuẩn,Online,2,Hàng quý,80.0,5861000.0,5935435.0,6531981.0,0,0,Khách hàng phổ thông / mới,0.2646684628644379
705,24,Nam,Đà Nẵng,Miền Trung,Dây chuyền,Bạc,5,3.77,0,Cưới hỏi,672000.0,24036000.0,2.8,Không,Không,Có,Thẻ tín dụng,Nhận tại cửa hàng,Tại cửa hàng,22,Nửa năm một lần,208.0,2957000.0,2691166.0,84635.0,0,3,Khách hàng trung thành,0.6146622962889755
706,45,Nam,Kiên Giang,Miền Nam,Nhẫn,Vàng 24K,24,4.07,0,Quà tặng người yêu,9247000.0,29236000.0,4.4,Không,Không,Không,Ví điện tử (Momo/ZaloPay),Nhận tại cửa hàng,Tại cửa hàng,28,Hàng quý,81.0,51783000.0,51850318.0,2556545.0,0,3,Khách hàng trung thành,0.5558399722600522
707,18,Nữ,Tây Ninh,Miền Nam,Bông tai,Vàng đính đá quý,18,4.54,1,Sinh nhật,11792000.0,15216000.0,4.7,Không,Không,Không,Chuyển khoản ngân hàng,Nhận tại cửa hàng,Online,8,Hàng tháng,33.0,18867000.0,19214153.0,7716328.0,0,0,Khách hàng phổ thông / mới,0.496585783634739
708,45,Nữ,Bắc Ninh,Miền Bắc,Trang sức bộ,Vàng 24K,24,26.55,0,Lễ/Tết,52906000.0,27679000.0,3.3,Không,Có,Không,Ví điện tử (Momo/ZaloPay),Giao hàng tiêu chuẩn,Tại cửa hàng,21,Hàng quý,89.0,222205000.0,208561613.0,19778791.0,0,1,Khách hàng VIP (giá trị cao nhất),0.4481733884943756
709,40,Nữ,Thanh Hóa,Miền Trung,Bông tai,Vàng 24K,24,3.37,0,Sinh nhật,7177000.0,26290000.0,2.8,Có,Có,Không,Ví điện tử (Momo/ZaloPay),Giao hàng tiêu chuẩn,Online,29,Nửa năm một lần,196.0,41627000.0,45860466.0,845336.0,0,3,Khách hàng trung thành,0.287653825249707
710,40,Nữ,Gia Lai,Miền Trung,Vòng tay,Vàng 18K,18,12.65,0,Tự mua sắm,19710000.0,14754000.0,5.0,Không,Không,Có,Chuyển khoản ngân hàng,Giao hàng tiêu chuẩn,Tại cửa hàng,21,Hai tuần một lần,13.0,82782000.0,85720761.0,59851520.0,0,3,Khách hàng trung thành,0.351137129833785
711,50,Nữ,Hà Nội,Miền Bắc,Lắc chân,Bạc,5,7.77,0,Sinh nhật,544000.0,14351000.0,4.9,Không,Không,Có,Tiền mặt,Nhận tại cửa hàng,Online,14,Hàng quý,90.0,1523000.0,1568385.0,113379.0,0,0,Khách hàng phổ thông / mới,0.3508357883668831
712,43,Nữ,Nghệ An,Miền Trung,Dây chuyền,Bạc,5,7.49,0,Cưới hỏi,392000.0,19502000.0,4.4,Không,Không,Có,Ví điện tử (Momo/ZaloPay),Giao hàng nhanh,Online,29,Hàng tuần,7.0,2274000.0,2276956.0,1535106.0,0,3,Khách hàng trung thành,0.3086605896907353
713,52,Nam,Hải Dương,Miền Bắc,Lắc chân,Vàng 24K,24,3.75,0,Sinh nhật,7784000.0,21877000.0,3.5,Không,Có,Không,Ví điện tử (Momo/ZaloPay),Giao hàng tiêu chuẩn,Tại cửa hàng,13,Hàng năm,355.0,20238000.0,19226100.0,682788.0,1,2,Khách hàng có nguy cơ rời bỏ,0.5227714330356216
714,54,Nam,Kiên Giang,Miền Nam,Bông tai,Bạch kim,20,1.79,0,Tự mua sắm,3955000.0,18652000.0,2.8,Không,Không,Không,Tiền mặt,Giao hàng nhanh,Tại cửa hàng,21,Hai tuần một lần,14.0,16611000.0,15117671.0,8327464.0,0,3,Khách hàng trung thành,0.7219564236065993
715,62,Nam,Huế,Miền Trung,Nhẫn,Vàng 24K,24,6.21,0,Tự mua sắm,13700000.0,25675000.0,3.5,Có,Không,Có,Tiền mặt,Giao hàng nhanh,Tại cửa hàng,24,Hai tuần một lần,16.0,65760000.0,75624000.0,23167930.0,0,3,Khách hàng trung thành,0.12826838583744074
716,56,Nữ,Bình Dương,Miền Nam,Vòng tay,Vàng 18K,18,17.15,0,Sinh nhật,25159000.0,15944000.0,4.3,Không,Có,Không,Ví điện tử (Momo/ZaloPay),Giao hàng nhanh,Online,19,Nửa năm một lần,179.0,95604000.0,95183342.0,4519531.0,0,1,Khách hàng VIP (giá trị cao nhất),0.29070316381876593
717,42,Nam,Nghệ An,Miền Trung,Dây chuyền,Vàng 18K,18,7.75,0,Cưới hỏi,12786000.0,14139000.0,2.9,Không,Không,Có,Thẻ tín dụng,Giao hàng nhanh,Online,10,Hai tuần một lần,13.0,25572000.0,23418838.0,29306272.0,0,0,Khách hàng phổ thông / mới,0.48375878844936465
718,41,Nam,Bắc Ninh,Miền Bắc,Nhẫn,Vàng 18K,18,3.64,0,Quà tặng người yêu,5499000.0,20488000.0,3.8,Không,Có,Không,Thẻ tín dụng,Giao hàng tiêu chuẩn,Online,22,Nửa năm một lần,181.0,24196000.0,23399952.0,1092443.0,0,3,Khách hàng trung thành,0.4154040914432945
719,29,Nữ,Bà Rịa - Vũng Tàu,Miền Nam,Lắc chân,Bạch kim,20,8.47,0,Quà tặng người yêu,16201000.0,21339000.0,4.8,Có,Không,Không,Thẻ tín dụng,Giao hàng nhanh,Online,10,Hàng quý,101.0,32402000.0,40168759.0,4911121.0,0,0,Khách hàng phổ thông / mới,0.39264271210887997
720,46,Nam,Hà Nội,Miền Bắc,Nhẫn,Vàng 24K,24,1.64,0,Quà tặng người yêu,3893000.0,29943000.0,3.8,Không,Có,Có,Ví điện tử (Momo/ZaloPay),Nhận tại cửa hàng,Tại cửa hàng,15,Hàng năm,338.0,11679000.0,11294761.0,354881.0,0,2,Khách hàng có nguy cơ rời bỏ,0.18320087074413247
721,24,Nam,Hà Nội,Miền Bắc,Bông tai,Vàng 24K,24,3.85,0,Quà tặng người yêu,8228000.0,22620000.0,4.2,Không,Không,Có,Thẻ tín dụng,Nhận tại cửa hàng,Tại cửa hàng,17,Hàng tháng,28.0,27975000.0,27692452.0,8238724.0,0,3,Khách hàng trung thành,0.39602291889180147
722,62,Nữ,Thanh Hóa,Miền Trung,Trang sức bộ,Vàng 24K,24,21.73,0,Tự mua sắm,47981000.0,26686000.0,4.9,Không,Không,Không,Thẻ tín dụng,Giao hàng tiêu chuẩn,Online,9,Hai tuần một lần,13.0,86366000.0,88939707.0,109590426.0,0,3,Khách hàng trung thành,0.48514092842260054
723,58,Nữ,TP. Hồ Chí Minh,Miền Nam,Vòng tay,Bạch kim,20,11.63,0,Lễ/Tết,20230000.0,19065000.0,3.8,Có,Có,Không,Thẻ tín dụng,Giao hàng nhanh,Online,24,Hàng tháng,29.0,97104000.0,113679653.0,22087065.0,0,1,Khách hàng VIP (giá trị cao nhất),0.15747626819813224
724,23,Nữ,Lào Cai,Miền Bắc,Dây chuyền,Vàng đính đá quý,18,3.02,1,Tự mua sắm,11208000.0,17012000.0,3.3,Có,Không,Không,Tiền mặt,Nhận tại cửa hàng,Tại cửa hàng,8,Hàng năm,362.0,17933000.0,20375475.0,642915.0,1,2,Khách hàng có nguy cơ rời bỏ,0.6061378400857673
725,55,Nữ,Hà Nội,Miền Bắc,Vòng tay,Bạc,5,19.14,0,Tự mua sắm,1317000.0,16851000.0,4.8,Không,Có,Không,Tiền mặt,Giao hàng nhanh,Online,5,Hàng năm,347.0,1317000.0,1348740.0,86230.0,1,2,Khách hàng có nguy cơ rời bỏ,0.3788621691381082
726,23,Nam,Lào Cai,Miền Bắc,Lắc chân,Bạc,5,4.56,0,Quà tặng gia đình,801000.0,20660000.0,5.0,Không,Không,Có,Thẻ tín dụng,Giao hàng tiêu chuẩn,Online,22,Hàng tháng,27.0,3524000.0,3649102.0,1009071.0,0,3,Khách hàng trung thành,0.3384832695201879
727,52,Nữ,Hải Dương,Miền Bắc,Dây chuyền,Vàng đính đá quý,18,4.36,1,Quà tặng gia đình,13102000.0,22139000.0,2.6,Không,Không,Không,Tiền mặt,Giao hàng nhanh,Online,27,Hàng tháng,29.0,70751000.0,63583924.0,13970651.0,1,3,Khách hàng trung thành,0.7504640102905659
728,22,Nữ,Hà Nội,Miền Bắc,Dây chuyền,Vàng 18K,18,7.63,0,Cưới hỏi,12429000.0,19998000.0,3.3,Không,Không,Không,Ví điện tử (Momo/ZaloPay),Giao hàng tiêu chuẩn,Online,8,Hàng tháng,29.0,19886000.0,18665000.0,12431782.0,0,0,Khách hàng phổ thông / mới,0.6163732335551305
729,41,Nữ,Bình Định,Miền Trung,Vòng tay,Vàng 24K,24,16.68,0,Quà tặng người yêu,36075000.0,19042000.0,3.4,Không,Không,Không,Thẻ tín dụng,Giao hàng nhanh,Online,16,Hàng tháng,30.0,115440000.0,109009992.0,36194701.0,0,1,Khách hàng VIP (giá trị cao nhất),0.5346417189784268
730,49,Nữ,Hải Phòng,Miền Bắc,Trang sức bộ,Bạc,5,29.12,0,Quà tặng người yêu,1698000.0,20642000.0,2.8,Có,Không,Không,Chuyển khoản ngân hàng,Giao hàng nhanh,Online,28,Hàng tháng,31.0,9509000.0,10476065.0,1746034.0,0,3,Khách hàng trung thành,0.5107290821186836
731,52,Nữ,Hưng Yên,Miền Bắc,Dây chuyền,Vàng 18K,18,9.14,0,Lễ/Tết,13272000.0,32718000.0,3.1,Không,Có,Không,Thẻ tín dụng,Giao hàng tiêu chuẩn,Tại cửa hàng,12,Hàng năm,391.0,31853000.0,29534102.0,919376.0,1,2,Khách hàng có nguy cơ rời bỏ,0.5948319651936698
732,38,Nữ,Quảng Ngãi,Miền Trung,Dây chuyền,Vàng 18K,18,9.59,1,Quà tặng người yêu,19990000.0,22200000.0,2.6,Không,Không,Không,Ví điện tử (Momo/ZaloPay),Giao hàng tiêu chuẩn,Online,13,Hàng tuần,8.0,51974000.0,46709034.0,51568512.0,0,3,Khách hàng trung thành,0.6504974321768534
733,62,Nữ,TP. Hồ Chí Minh,Miền Nam,Trang sức bộ,Vàng 18K,18,21.38,0,Cưới hỏi,34475000.0,25804000.0,4.2,Không,Không,Có,Thẻ tín dụng,Nhận tại cửa hàng,Online,21,Hàng năm,338.0,144795000.0,143332570.0,3167780.0,0,1,Khách hàng VIP (giá trị cao nhất),0.22605671608521102
734,55,Nam,Hưng Yên,Miền Bắc,Nhẫn,Vàng 18K,18,1.66,0,Sinh nhật,3351000.0,24582000.0,2.8,Có,Không,Không,Tiền mặt,Giao hàng nhanh,Tại cửa hàng,20,Hai tuần một lần,14.0,13404000.0,14767187.0,5916140.0,0,3,Khách hàng trung thành,0.38319576138624534
735,27,Nữ,Lào Cai,Miền Bắc,Nhẫn,Vàng 18K,18,3.31,0,Tự mua sắm,5403000.0,18400000.0,4.7,Không,Không,Có,Thẻ tín dụng,Giao hàng nhanh,Online,4,Hàng năm,330.0,4322000.0,4401525.0,527277.0,1,2,Khách hàng có nguy cơ rời bỏ,0.4376179413801209
736,50,Nữ,Hải Dương,Miền Bắc,Vòng tay,Vàng 18K,18,10.83,0,Tự mua sắm,17146000.0,24758000.0,4.0,Không,Không,Không,Tiền mặt,Giao hàng tiêu chuẩn,Tại cửa hàng,2,Hàng quý,93.0,6858000.0,6710553.0,3835919.0,0,0,Khách hàng phổ thông / mới,0.4580078181426605
737,53,Nữ,Kiên Giang,Miền Nam,Nhẫn,Vàng 24K,24,5.1,0,Tự mua sắm,10338000.0,21326000.0,3.4,Không,Có,Không,Chuyển khoản ngân hàng,Giao hàng tiêu chuẩn,Online,11,Hai tuần một lần,16.0,22744000.0,21477159.0,22974551.0,0,0,Khách hàng phổ thông / mới,0.5044948288458154
738,34,Nữ,Thái Nguyên,Miền Bắc,Nhẫn,Vàng đính đá quý,18,5.78,1,Tự mua sắm,12802000.0,11288000.0,4.5,Không,Có,Có,Chuyển khoản ngân hàng,Giao hàng nhanh,Online,14,Nửa năm một lần,202.0,35846000.0,36096922.0,2063025.0,1,3,Khách hàng trung thành,0.32524877706056526
739,53,Nam,Thái Nguyên,Miền Bắc,Bông tai,Bạc,5,5.94,0,Lễ/Tết,842000.0,17116000.0,4.1,Không,Không,Không,Thẻ tín dụng,Giao hàng nhanh,Online,19,Hàng tháng,31.0,3200000.0,3149440.0,852391.0,0,3,Khách hàng trung thành,0.5575287391272004
740,61,Nữ,Đà Nẵng,Miền Trung,Bông tai,Vàng 24K,24,3.54,0,Quà tặng người yêu,7848000.0,35614000.0,4.4,Không,Không,Không,Thẻ tín dụng,Giao hàng tiêu chuẩn,Tại cửa hàng,12,Hàng năm,341.0,18835000.0,18859486.0,812568.0,1,2,Khách hàng có nguy cơ rời bỏ,0.5979580649301326
741,57,Nữ,Thái Nguyên,Miền Bắc,Vòng tay,Vàng 24K,24,15.08,1,Lễ/Tết,36488000.0,29588000.0,4.7,Không,Không,Không,Chuyển khoản ngân hàng,Nhận tại cửa hàng,Online,4,Nửa năm một lần,162.0,29190000.0,29727096.0,8782698.0,0,0,Khách hàng phổ thông / mới,0.3991731132710097
742,54,Nữ,Quảng Ninh,Miền Bắc,Dây chuyền,Vàng 24K,24,14.53,0,Tự mua sắm,31943000.0,19148000.0,4.5,Không,Không,Có,Chuyển khoản ngân hàng,Giao hàng nhanh,Tại cửa hàng,23,Hàng năm,359.0,146938000.0,147966566.0,3156716.0,1,1,Khách hàng VIP (giá trị cao nhất),0.4731831334426002
743,48,Nữ,Hà Nội,Miền Bắc,Vòng tay,Vàng 24K,24,9.18,0,Cưới hỏi,17332000.0,25604000.0,4.4,Có,Có,Không,Ví điện tử (Momo/ZaloPay),Giao hàng tiêu chuẩn,Online,13,Hàng năm,354.0,45063000.0,54620862.0,982111.0,0,2,Khách hàng có nguy cơ rời bỏ,0.10004845822068854
744,30,Nam,Quảng Ngãi,Miền Trung,Bông tai,Vàng 24K,24,3.27,0,Quà tặng gia đình,6496000.0,21331000.0,4.3,Không,Có,Không,Ví điện tử (Momo/ZaloPay),Giao hàng tiêu chuẩn,Tại cửa hàng,2,Hàng tháng,32.0,2598000.0,2586569.0,4687328.0,0,0,Khách hàng phổ thông / mới,0.3103042461022192
745,56,Nữ,Gia Lai,Miền Trung,Lắc chân,Vàng 24K,24,9.49,1,Quà tặng gia đình,21785000.0,33559000.0,3.4,Không,Có,Không,Tiền mặt,Nhận tại cửa hàng,Online,18,Hàng quý,79.0,78426000.0,74057672.0,7342367.0,0,3,Khách hàng trung thành,0.43925789363886913
746,35,Nữ,TP. Hồ Chí Minh,Miền Nam,Bông tai,Vàng đính đá quý,18,3.83,1,Lễ/Tết,8254000.0,19193000.0,4.1,Không,Có,Không,Chuyển khoản ngân hàng,Giao hàng nhanh,Tại cửa hàng,13,Nửa năm một lần,157.0,21460000.0,21120932.0,1584605.0,0,0,Khách hàng phổ thông / mới,0.29858367294932947
747,43,Nữ,Bình Dương,Miền Nam,Bông tai,Bạch kim,20,5.47,1,Quà tặng gia đình,12695000.0,22151000.0,3.9,Có,Không,Không,Tiền mặt,Giao hàng nhanh,Online,17,Hàng tháng,32.0,43163000.0,50828749.0,13010534.0,0,3,Khách hàng trung thành,0.31709675151532024
748,33,Nam,Lào Cai,Miền Bắc,Lắc chân,Bạch kim,20,8.09,0,Sinh nhật,14652000.0,14401000.0,4.9,Có,Không,Có,Thẻ tín dụng,Giao hàng tiêu chuẩn,Online,26,Hàng quý,93.0,76190000.0,94978454.0,4109017.0,0,3,Khách hàng trung thành,0.12948400629629928
749,33,Nữ,Tiền Giang,Miền Nam,Lắc chân,Bạc,5,11.3,1,Cưới hỏi,6360000.0,19039000.0,3.8,Có,Không,Có,Chuyển khoản ngân hàng,Nhận tại cửa hàng,Tại cửa hàng,6,Hàng tháng,29.0,7632000.0,8934782.0,6800494.0,0,0,Khách hàng phổ thông / mới,0.1590852437003995
750,25,Nữ,TP. Hồ Chí Minh,Miền Nam,Nhẫn,Bạc,5,2.47,1,Quà tặng người yêu,4274000.0,6000000.0,3.1,Không,Có,Không,Chuyển khoản ngân hàng,Nhận tại cửa hàng,Online,21,Nửa năm một lần,195.0,17951000.0,16644167.0,568134.0,1,3,Khách hàng trung thành,0.5555860615196573
751,64,Nữ,Đồng Nai,Miền Nam,Trang sức bộ,Bạc,5,30.09,0,Lễ/Tết,2524000.0,23658000.0,3.6,Không,Không,Không,Ví điện tử (Momo/ZaloPay),Giao hàng tiêu chuẩn,Tại cửa hàng,4,Hàng quý,88.0,2019000.0,1929558.0,765742.0,0,0,Khách hàng phổ thông / mới,0.4370083826517912
752,25,Nữ,TP. Hồ Chí Minh,Miền Nam,Lắc chân,Vàng đính đá quý,18,4.92,1,Lễ/Tết,14022000.0,26525000.0,3.5,Không,Không,Không,Ví điện tử (Momo/ZaloPay),Nhận tại cửa hàng,Tại cửa hàng,24,Hai tuần một lần,15.0,67306000.0,63940700.0,20943287.0,0,3,Khách hàng trung thành,0.49866088242607165
753,22,Nữ,Thanh Hóa,Miền Trung,Dây chuyền,Bạc,5,3.59,0,Quà tặng gia đình,300000.0,31166000.0,3.7,Có,Có,Không,Ví điện tử (Momo/ZaloPay),Giao hàng nhanh,Tại cửa hàng,11,Hàng năm,402.0,660000.0,768108.0,18668.0,0,2,Khách hàng có nguy cơ rời bỏ,0.29091215790487146
754,62,Nữ,Hưng Yên,Miền Bắc,Nhẫn,Bạc,5,2.23,0,Lễ/Tết,300000.0,25087000.0,4.0,Có,Không,Có,Chuyển khoản ngân hàng,Giao hàng tiêu chuẩn,Tại cửa hàng,23,Hàng năm,392.0,1380000.0,1634610.0,17373.0,0,2,Khách hàng có nguy cơ rời bỏ,0.19462295388598091
755,44,Nữ,Huế,Miền Trung,Vòng tay,Bạch kim,20,13.71,0,Tự mua sắm,25467000.0,18082000.0,4.9,Không,Không,Có,Chuyển khoản ngân hàng,Nhận tại cửa hàng,Online,2,Hàng tháng,34.0,10187000.0,10490573.0,18523710.0,0,0,Khách hàng phổ thông / mới,0.3257867881313198
756,39,Nữ,Hải Phòng,Miền Bắc,Dây chuyền,Bạc,5,6.49,1,Quà tặng người yêu,3597000.0,14590000.0,3.2,Có,Có,Không,Ví điện tử (Momo/ZaloPay),Giao hàng tiêu chuẩn,Online,20,Hàng tháng,26.0,14388000.0,16248368.0,4937528.0,0,3,Khách hàng trung thành,0.30929515462809914
757,53,Nam,Đà Nẵng,Miền Trung,Bông tai,Vàng 24K,24,1.72,0,Quà tặng người yêu,3759000.0,17853000.0,4.9,Không,Không,Có,Tiền mặt,Nhận tại cửa hàng,Tại cửa hàng,8,Nửa năm một lần,162.0,6014000.0,6193217.0,577151.0,0,0,Khách hàng phổ thông / mới,0.3450511106313572
758,36,Nam,Hà Nội,Miền Bắc,Vòng tay,Vàng 24K,24,14.44,1,Sinh nhật,30850000.0,8971000.0,4.4,Không,Có,Có,Thẻ tín dụng,Giao hàng tiêu chuẩn,Online,12,Hàng tháng,33.0,74040000.0,74136252.0,41334198.0,0,3,Khách hàng trung thành,0.16461631532388368
759,24,Nữ,Hà Nội,Miền Bắc,Nhẫn,Vàng 18K,18,4.67,0,Tự mua sắm,6561000.0,17677000.0,3.0,Không,Có,Có,Thẻ tín dụng,Giao hàng tiêu chuẩn,Tại cửa hàng,8,Nửa năm một lần,195.0,10498000.0,9673907.0,1099015.0,0,0,Khách hàng phổ thông / mới,0.4084372851630451
760,53,Nam,Tiền Giang,Miền Nam,Dây chuyền,Vàng 24K,24,7.57,0,Quà tặng người yêu,15814000.0,12600000.0,3.2,Không,Có,Không,Chuyển khoản ngân hàng,Giao hàng tiêu chuẩn,Tại cửa hàng,12,Nửa năm một lần,178.0,37954000.0,35407287.0,2753956.0,0,0,Khách hàng phổ thông / mới,0.5403633230524622
761,26,Nữ,TP. Hồ Chí Minh,Miền Nam,Lắc chân,Vàng 24K,24,7.82,0,Quà tặng gia đình,15933000.0,15379000.0,4.8,Có,Có,Không,Thẻ tín dụng,Giao hàng tiêu chuẩn,Tại cửa hàng,24,Hàng tháng,30.0,76478000.0,94809777.0,13471281.0,0,3,Khách hàng trung thành,0.11972879800220491
762,44,Nữ,Đắk Lắk,Miền Trung,Nhẫn,Vàng 24K,24,7.1,0,Tự mua sắm,16241000.0,19210000.0,4.5,Không,Không,Không,Tiền mặt,Giao hàng nhanh,Online,2,Hàng tháng,27.0,6496000.0,6541472.0,20320302.0,0,0,Khách hàng phổ thông / mới,0.5825739331010659
763,63,Nữ,Lào Cai,Miền Bắc,Bông tai,Vàng 18K,18,4.62,0,Cưới hỏi,6669000.0,24086000.0,2.9,Không,Có,Không,Ví điện tử (Momo/ZaloPay),Nhận tại cửa hàng,Tại cửa hàng,19,Hai tuần một lần,13.0,25342000.0,23208204.0,13795368.0,0,3,Khách hàng trung thành,0.5382762786676184
764,62,Nữ,Đắk Lắk,Miền Trung,Dây chuyền,Vàng đính đá quý,18,8.94,1,Lễ/Tết,21601000.0,10162000.0,4.0,Không,Không,Có,Chuyển khoản ngân hàng,Giao hàng nhanh,Online,6,Hàng tháng,26.0,25921000.0,25363698.0,25471611.0,0,0,Khách hàng phổ thông / mới,0.2513051148611955
765,35,Nữ,An Giang,Miền Nam,Dây chuyền,Vàng 18K,18,12.87,0,Tự mua sắm,20600000.0,17698000.0,3.2,Không,Không,Không,Chuyển khoản ngân hàng,Giao hàng nhanh,Tại cửa hàng,12,Nửa năm một lần,157.0,49440000.0,46122576.0,5750215.0,1,0,Khách hàng phổ thông / mới,0.7136632879501099
766,55,Nữ,TP. Hồ Chí Minh,Miền Nam,Vòng tay,Vàng 18K,18,17.94,0,Tự mua sắm,28646000.0,26102000.0,4.1,Không,Không,Không,Ví điện tử (Momo/ZaloPay),Nhận tại cửa hàng,Online,17,Hàng tháng,31.0,97396000.0,95857143.0,27242602.0,0,3,Khách hàng trung thành,0.4829773575662604
767,47,Nam,Gia Lai,Miền Trung,Dây chuyền,Vàng 18K,18,7.52,0,Sinh nhật,10960000.0,30618000.0,2.9,Có,Có,Không,Ví điện tử (Momo/ZaloPay),Giao hàng nhanh,Online,3,Hàng năm,375.0,6576000.0,7290154.0,1058183.0,0,2,Khách hàng có nguy cơ rời bỏ,0.3226322332670121
768,41,Nam,Đà Nẵng,Miền Trung,Bông tai,Vàng 18K,18,1.75,0,Sinh nhật,2393000.0,19940000.0,3.4,Không,Có,Không,Ví điện tử (Momo/ZaloPay),Nhận tại cửa hàng,Online,27,Nửa năm một lần,193.0,12922000.0,12202245.0,324888.0,1,3,Khách hàng trung thành,0.6613903855028368
769,24,Nữ,Thanh Hóa,Miền Trung,Bông tai,Bạc,5,1.58,0,Quà tặng người yêu,300000.0,34820000.0,3.5,Có,Không,Có,Thẻ tín dụng,Giao hàng nhanh,Online,21,Hàng tháng,29.0,1260000.0,1449000.0,308390.0,0,3,Khách hàng trung thành,0.1504971260082175
770,36,Nữ,TP. Hồ Chí Minh,Miền Nam,Nhẫn,Bạc,5,5.65,0,Sinh nhật,539000.0,25062000.0,3.8,Có,Có,Có,Tiền mặt,Giao hàng tiêu chuẩn,Online,19,Hàng quý,98.0,2048000.0,2397594.0,217593.0,0,3,Khách hàng trung thành,0.10659591380364128
771,49,Nam,Tây Ninh,Miền Nam,Dây chuyền,Vàng 24K,24,14.24,0,Tự mua sắm,29759000.0,21372000.0,3.1,Không,Có,Không,Thẻ tín dụng,Giao hàng tiêu chuẩn,Tại cửa hàng,28,Hàng quý,87.0,166650000.0,154517880.0,9103647.0,0,1,Khách hàng VIP (giá trị cao nhất),0.47774104179189464
772,65,Nữ,Huế,Miền Trung,Bông tai,Bạc,5,1.19,0,Quà tặng gia đình,332000.0,30604000.0,4.3,Có,Không,Không,Ví điện tử (Momo/ZaloPay),Giao hàng tiêu chuẩn,Tại cửa hàng,12,Hàng quý,85.0,797000.0,960544.0,155404.0,0,0,Khách hàng phổ thông / mới,0.26431143311769745
773,18,Nữ,Nghệ An,Miền Trung,Bông tai,Vàng 24K,24,3.49,1,Lễ/Tết,10335000.0,15530000.0,4.5,Có,Không,Không,Ví điện tử (Momo/ZaloPay),Nhận tại cửa hàng,Online,5,Hàng quý,93.0,10335000.0,12598365.0,3758591.0,0,0,Khách hàng phổ thông / mới,0.2784704452965873
774,52,Nữ,Đà Nẵng,Miền Trung,Vòng tay,Bạc,5,7.91,0,Quà tặng người yêu,530000.0,13785000.0,4.1,Có,Có,Không,Tiền mặt,Giao hàng tiêu chuẩn,Tại cửa hàng,25,Hai tuần một lần,14.0,2650000.0,3157210.0,1020730.0,0,3,Khách hàng trung thành,0.17189777353087057
775,58,Nữ,Huế,Miền Trung,Bông tai,Vàng đính đá quý,18,3.66,1,Quà tặng gia đình,7659000.0,27982000.0,4.8,Không,Có,Không,Ví điện tử (Momo/ZaloPay),Nhận tại cửa hàng,Tại cửa hàng,20,Hàng tháng,32.0,30636000.0,31374328.0,7997672.0,0,3,Khách hàng trung thành,0.3246976303212733
776,63,Nữ,Tây Ninh,Miền Nam,Nhẫn,Vàng đính đá quý,18,7.07,1,Quà tặng người yêu,13893000.0,25495000.0,4.5,Không,Không,Không,Thẻ tín dụng,Giao hàng tiêu chuẩn,Online,14,Hàng tháng,30.0,38900000.0,39172300.0,16325106.0,0,3,Khách hàng trung thành,0.49508031704781824
777,38,Nữ,TP. Hồ Chí Minh,Miền Nam,Nhẫn,Vàng 24K,24,6.62,0,Quà tặng người yêu,14694000.0,27590000.0,2.6,Không,Không,Không,Ví điện tử (Momo/ZaloPay),Giao hàng tiêu chuẩn,Tại cửa hàng,3,Hàng tháng,34.0,8816000.0,7922939.0,14416445.0,0,0,Khách hàng phổ thông / mới,0.6577139813405578
778,23,Nữ,Thanh Hóa,Miền Trung,Bông tai,Bạch kim,20,5.86,0,Tự mua sắm,11018000.0,26528000.0,2.7,Có,Không,Có,Chuyển khoản ngân hàng,Giao hàng nhanh,Tại cửa hàng,8,Nửa năm một lần,181.0,17629000.0,19300229.0,1310033.0,0,0,Khách hàng phổ thông / mới,0.33486072542291623
779,31,Nam,Thanh Hóa,Miền Trung,Bông tai,Bạch kim,20,3.42,1,Quà tặng gia đình,12017000.0,33932000.0,4.1,Có,Không,Có,Tiền mặt,Giao hàng tiêu chuẩn,Tại cửa hàng,18,Hàng năm,312.0,43261000.0,51541155.0,1004246.0,0,2,Khách hàng có nguy cơ rời bỏ,0.19546549178659242
780,58,Nữ,Đà Nẵng,Miền Trung,Lắc chân,Vàng đính đá quý,18,8.97,1,Quà tặng gia đình,21125000.0,11320000.0,4.3,Không,Không,Không,Thẻ tín dụng,Giao hàng tiêu chuẩn,Online,3,Nửa năm một lần,186.0,12675000.0,12619230.0,3255453.0,0,0,Khách hàng phổ thông / mới,0.5424977707749952
781,60,Nam,Hà Nội,Miền Bắc,Nhẫn,Vàng 18K,18,7.34,0,Lễ/Tết,11044000.0,19119000.0,4.9,Có,Có,Không,Tiền mặt,Nhận tại cửa hàng,Online,17,Hàng năm,394.0,37550000.0,46809830.0,829647.0,0,2,Khách hàng có nguy cơ rời bỏ,0.16162357649771802
782,48,Nữ,Khánh Hòa,Miền Trung,Vòng tay,Vàng 18K,18,15.46,0,Quà tặng người yêu,24580000.0,18865000.0,2.5,Không,Không,Không,Thẻ tín dụng,Giao hàng tiêu chuẩn,Online,25,Nửa năm một lần,182.0,122900000.0,109749700.0,4504302.0,1,1,Khách hàng VIP (giá trị cao nhất),0.7294371481428111
783,23,Nam,Cần Thơ,Miền Nam,Bông tai,Vàng 18K,18,5.82,0,Quà tặng người yêu,8249000.0,27547000.0,3.1,Có,Có,Không,Ví điện tử (Momo/ZaloPay),Giao hàng nhanh,Online,14,Hàng tháng,28.0,23097000.0,25924073.0,9120915.0,0,0,Khách hàng phổ thông / mới,0.3082849654693422
784,23,Nam,TP. Hồ Chí Minh,Miền Nam,Nhẫn,Vàng 24K,24,3.1,0,Quà tặng người yêu,7282000.0,21989000.0,4.6,Không,Không,Có,Chuyển khoản ngân hàng,Giao hàng tiêu chuẩn,Online,19,Hàng năm,371.0,27672000.0,28023434.0,447306.0,1,2,Khách hàng có nguy cơ rời bỏ,0.48710297170116834
785,40,Nam,Thái Nguyên,Miền Bắc,Vòng tay,Bạc,5,7.02,0,Tự mua sắm,923000.0,28594000.0,4.7,Có,Có,Không,Chuyển khoản ngân hàng,Giao hàng tiêu chuẩn,Tại cửa hàng,7,Hai tuần một lần,15.0,1292000.0,1592778.0,1972332.0,0,0,Khách hàng phổ thông / mới,0.14938303527797542
786,46,Nữ,TP. Hồ Chí Minh,Miền Nam,Bông tai,Vàng 18K,18,1.75,0,Sinh nhật,2941000.0,22742000.0,3.7,Không,Không,Không,Chuyển khoản ngân hàng,Nhận tại cửa hàng,Tại cửa hàng,18,Hai tuần một lần,15.0,10588000.0,10179303.0,6528464.0,0,3,Khách hàng trung thành,0.5765488505797033
787,19,Nữ,TP. Hồ Chí Minh,Miền Nam,Nhẫn,Vàng 18K,18,7.04,1,Quà tặng người yêu,13735000.0,19011000.0,3.7,Không,Không,Không,Tiền mặt,Giao hàng nhanh,Tại cửa hàng,6,Hàng năm,355.0,16482000.0,15845795.0,1277659.0,1,2,Khách hàng có nguy cơ rời bỏ,0.5819274611799252
788,50,Nam,Hưng Yên,Miền Bắc,Dây chuyền,Vàng đính đá quý,18,3.63,1,Sinh nhật,11617000.0,25765000.0,4.6,Có,Không,Có,Chuyển khoản ngân hàng,Giao hàng tiêu chuẩn,Online,22,Nửa năm một lần,176.0,51115000.0,62661878.0,2365394.0,0,3,Khách hàng trung thành,0.15855498451574626
789,44,Nữ,Quảng Ngãi,Miền Trung,Nhẫn,Vàng 18K,18,6.76,0,Tự mua sắm,10503000.0,22469000.0,3.6,Không,Không,Không,Thẻ tín dụng,Nhận tại cửa hàng,Online,16,Hàng năm,399.0,33610000.0,32121077.0,908238.0,1,2,Khách hàng có nguy cơ rời bỏ,0.6433223352496552
790,18,Nữ,Gia Lai,Miền Trung,Trang sức bộ,Vàng đính đá quý,18,21.6,1,Tự mua sắm,39985000.0,21808000.0,4.5,Không,Không,Không,Chuyển khoản ngân hàng,Nhận tại cửa hàng,Tại cửa hàng,19,Hàng tháng,28.0,151943000.0,153006601.0,46381989.0,0,1,Khách hàng VIP (giá trị cao nhất),0.45000109044164094
791,22,Nữ,Long An,Miền Nam,Nhẫn,Bạch kim,20,5.99,0,Sinh nhật,11215000.0,23883000.0,4.9,Không,Không,Không,Tiền mặt,Giao hàng nhanh,Online,10,Nửa năm một lần,176.0,22430000.0,23098414.0,1887504.0,1,0,Khách hàng phổ thông / mới,0.6067740982525018
792,39,Nữ,Bắc Ninh,Miền Bắc,Nhẫn,Vàng đính đá quý,18,6.35,1,Cưới hỏi,16736000.0,23376000.0,3.2,Không,Không,Không,Chuyển khoản ngân hàng,Giao hàng nhanh,Online,11,Hàng tháng,31.0,36819000.0,34348445.0,11353924.0,0,0,Khách hàng phổ thông / mới,0.689878771408787
793,52,Nữ,Thái Nguyên,Miền Bắc,Nhẫn,Bạch kim,20,4.26,0,Tự mua sắm,8727000.0,27999000.0,3.2,Có,Không,Có,Chuyển khoản ngân hàng,Nhận tại cửa hàng,Tại cửa hàng,20,Hàng quý,88.0,34908000.0,39421604.0,3205183.0,0,3,Khách hàng trung thành,0.3878083812287321
794,57,Nam,Quảng Nam,Miền Trung,Nhẫn,Vàng 24K,24,2.45,0,Tự mua sắm,5487000.0,21783000.0,4.8,Không,Không,Có,Thẻ tín dụng,Giao hàng nhanh,Tại cửa hàng,19,Hàng năm,354.0,20851000.0,21353509.0,482383.0,0,2,Khách hàng có nguy cơ rời bỏ,0.3616532864015145
795,38,Nữ,Hà Nội,Miền Bắc,Nhẫn,Vàng 24K,24,5.51,0,Cưới hỏi,12102000.0,21467000.0,3.6,Có,Không,Không,Tiền mặt,Giao hàng nhanh,Online,21,Hàng quý,80.0,50828000.0,58802913.0,4760099.0,0,3,Khách hàng trung thành,0.27190740758421533
796,32,Nữ,Huế,Miền Trung,Vòng tay,Vàng đính đá quý,18,19.35,1,Quà tặng người yêu,32476000.0,12914000.0,2.5,Không,Có,Không,Tiền mặt,Giao hàng nhanh,Online,5,Nửa năm một lần,183.0,32476000.0,29001068.0,4100416.0,1,0,Khách hàng phổ thông / mới,0.47575212978365033
797,64,Nam,Đồng Nai,Miền Nam,Nhẫn,Vàng 24K,24,1.67,0,Quà tặng gia đình,3610000.0,28722000.0,3.8,Không,Không,Không,Thẻ tín dụng,Nhận tại cửa hàng,Online,6,Hàng năm,419.0,4332000.0,4189477.0,208176.0,0,2,Khách hàng có nguy cơ rời bỏ,0.5536801044648387
798,40,Nữ,Bắc Ninh,Miền Bắc,Dây chuyền,Vàng 18K,18,5.72,0,Tự mua sắm,8176000.0,32379000.0,4.0,Có,Có,Không,Chuyển khoản ngân hàng,Giao hàng nhanh,Tại cửa hàng,9,Hàng năm,404.0,14717000.0,17432286.0,722221.0,0,2,Khách hàng có nguy cơ rời bỏ,0.17665358960989566
799,33,Nữ,Đà Nẵng,Miền Trung,Nhẫn,Bạc,5,7.18,0,Quà tặng người yêu,715000.0,7365000.0,3.1,Không,Không,Có,Ví điện tử (Momo/ZaloPay),Giao hàng nhanh,Online,12,Hàng tuần,8.0,1716000.0,1591075.0,2129728.0,0,0,Khách hàng phổ thông / mới,0.5198476497494703
800,39,Nữ,Tây Ninh,Miền Nam,Dây chuyền,Vàng 24K,24,3.84,1,Tự mua sắm,10702000.0,24827000.0,4.3,Không,Có,Có,Chuyển khoản ngân hàng,Giao hàng nhanh,Online,17,Hàng tháng,30.0,36387000.0,36226897.0,12014816.0,0,3,Khách hàng trung thành,0.20429174881761059
801,18,Nữ,Khánh Hòa,Miền Trung,Nhẫn,Vàng 18K,18,1.57,0,Tự mua sắm,3112000.0,18058000.0,3.1,Có,Không,Có,Thẻ tín dụng,Giao hàng tiêu chuẩn,Online,16,Hàng năm,400.0,9958000.0,11176859.0,234590.0,1,2,Khách hàng có nguy cơ rời bỏ,0.5230641386716997
802,32,Nữ,Quảng Nam,Miền Trung,Vòng tay,Vàng 18K,18,18.17,0,Quà tặng người yêu,26247000.0,18630000.0,2.8,Không,Có,Có,Thẻ tín dụng,Giao hàng nhanh,Tại cửa hàng,3,Nửa năm một lần,205.0,15748000.0,14332255.0,3861597.0,1,0,Khách hàng phổ thông / mới,0.34689719362747845
803,42,Nữ,Bình Định,Miền Trung,Bông tai,Vàng 18K,18,4.84,0,Quà tặng người yêu,7746000.0,24914000.0,3.1,Không,Không,Có,Tiền mặt,Giao hàng tiêu chuẩn,Online,2,Hàng quý,82.0,3098000.0,2872466.0,3312523.0,0,0,Khách hàng phổ thông / mới,0.5020651652717854
804,62,Nữ,Thái Nguyên,Miền Bắc,Bông tai,Bạc,5,2.27,0,Quà tặng gia đình,300000.0,21512000.0,3.8,Không,Có,Không,Tiền mặt,Giao hàng nhanh,Tại cửa hàng,25,Hai tuần một lần,14.0,1500000.0,1450650.0,583143.0,0,3,Khách hàng trung thành,0.3814687545502126
805,53,Nam,Bắc Ninh,Miền Bắc,Nhẫn,Vàng 24K,24,7.78,0,Sinh nhật,17179000.0,23928000.0,4.6,Không,Không,Không,Tiền mặt,Giao hàng tiêu chuẩn,Online,18,Hàng tuần,8.0,61844000.0,62629419.0,52428680.0,0,3,Khách hàng trung thành,0.5685800433687686
806,55,Nam,TP. Hồ Chí Minh,Miền Nam,Lắc chân,Vàng 18K,18,9.41,0,Quà tặng người yêu,13663000.0,18782000.0,3.8,Không,Có,Không,Ví điện tử (Momo/ZaloPay),Giao hàng tiêu chuẩn,Online,2,Hàng năm,400.0,5465000.0,5285202.0,939458.0,0,2,Khách hàng có nguy cơ rời bỏ,0.3156735445766827
807,44,Nữ,Nghệ An,Miền Trung,Bông tai,Vàng 24K,24,1.6,0,Tự mua sắm,3717000.0,31173000.0,4.6,Không,Không,Không,Tiền mặt,Giao hàng nhanh,Tại cửa hàng,26,Hàng quý,100.0,19328000.0,19573466.0,1027889.0,0,3,Khách hàng trung thành,0.5759933588444739
808,23,Nam,Vĩnh Phúc,Miền Bắc,Nhẫn,Bạc,5,4.49,0,Sinh nhật,300000.0,17749000.0,2.7,Không,Có,Có,Ví điện tử (Momo/ZaloPay),Giao hàng tiêu chuẩn,Tại cửa hàng,12,Nửa năm một lần,207.0,720000.0,651168.0,41059.0,1,0,Khách hàng phổ thông / mới,0.4310359111511393
809,36,Nữ,Hà Nội,Miền Bắc,Dây chuyền,Vàng 24K,24,13.38,0,Tự mua sắm,29435000.0,14831000.0,3.4,Không,Không,Không,Chuyển khoản ngân hàng,Giao hàng tiêu chuẩn,Tại cửa hàng,20,Hàng tháng,28.0,117740000.0,111181882.0,32798498.0,1,1,Khách hàng VIP (giá trị cao nhất),0.6958760086911987
810,65,Nữ,Long An,Miền Nam,Bông tai,Vàng 24K,24,4.34,1,Cưới hỏi,11332000.0,24329000.0,3.6,Không,Có,Có,Chuyển khoản ngân hàng,Nhận tại cửa hàng,Online,14,Hàng tháng,31.0,31730000.0,30324361.0,10021420.0,0,0,Khách hàng phổ thông / mới,0.20836335961225438
811,20,Nữ,Hà Nội,Miền Bắc,Dây chuyền,Bạch kim,20,10.03,0,Quà tặng người yêu,18866000.0,13355000.0,4.5,Không,Không,Có,Ví điện tử (Momo/ZaloPay),Nhận tại cửa hàng,Tại cửa hàng,6,Nửa năm một lần,163.0,22639000.0,22797473.0,4257128.0,1,0,Khách hàng phổ thông / mới,0.4437659389814169
812,60,Nữ,TP. Hồ Chí Minh,Miền Nam,Dây chuyền,Vàng 18K,18,8.0,0,Quà tặng người yêu,11933000.0,23244000.0,4.0,Có,Có,Có,Ví điện tử (Momo/ZaloPay),Giao hàng nhanh,Online,21,Hàng năm,368.0,50119000.0,59365955.0,816150.0,0,2,Khách hàng có nguy cơ rời bỏ,0.10015147013926023
813,50,Nữ,Nghệ An,Miền Trung,Bông tai,Bạc,5,2.24,1,Quà tặng gia đình,5029000.0,32530000.0,4.5,Không,Có,Có,Tiền mặt,Nhận tại cửa hàng,Online,11,Hàng tháng,26.0,11064000.0,11141448.0,5607508.0,0,0,Khách hàng phổ thông / mới,0.1859488226023992
814,31,Nữ,Gia Lai,Miền Trung,Nhẫn,Vàng 18K,18,5.49,0,Tự mua sắm,7423000.0,19546000.0,3.3,Không,Có,Không,Ví điện tử (Momo/ZaloPay),Nhận tại cửa hàng,Online,5,Hàng quý,88.0,7423000.0,6967228.0,2330270.0,0,0,Khách hàng phổ thông / mới,0.49042116161357646
815,55,Nam,Hải Dương,Miền Bắc,Trang sức bộ,Vàng 18K,18,13.85,0,Lễ/Tết,22904000.0,11820000.0,4.8,Có,Không,Không,Tiền mặt,Nhận tại cửa hàng,Online,7,Hàng quý,91.0,32066000.0,39752220.0,9517413.0,0,0,Khách hàng phổ thông / mới,0.28870131414704553
816,58,Nữ,Quảng Ninh,Miền Bắc,Nhẫn,Vàng 18K,18,6.76,0,Quà tặng người yêu,9251000.0,18574000.0,4.5,Có,Có,Không,Chuyển khoản ngân hàng,Nhận tại cửa hàng,Online,25,Hai tuần một lần,15.0,46255000.0,56384845.0,19156598.0,0,3,Khách hàng trung thành,0.19590373263324085
817,20,Nam,Bình Định,Miền Trung,Nhẫn,Vàng đính đá quý,18,2.86,1,Tự mua sắm,7927000.0,24887000.0,4.8,Không,Không,Không,Chuyển khoản ngân hàng,Giao hàng tiêu chuẩn,Online,16,Hàng quý,82.0,25366000.0,25977321.0,3438767.0,0,3,Khách hàng trung thành,0.4796346551990249
818,23,Nữ,TP. Hồ Chí Minh,Miền Nam,Nhẫn,Vàng 18K,18,2.28,0,Sinh nhật,3636000.0,20128000.0,3.2,Có,Có,Không,Tiền mặt,Giao hàng nhanh,Online,13,Hàng quý,100.0,9454000.0,10676402.0,799119.0,0,0,Khách hàng phổ thông / mới,0.28426349648715865
819,49,Nữ,Thái Nguyên,Miền Bắc,Dây chuyền,Vàng 18K,18,3.86,0,Tự mua sắm,6699000.0,25849000.0,2.5,Không,Không,Không,Chuyển khoản ngân hàng,Nhận tại cửa hàng,Online,24,Hàng tuần,6.0,32155000.0,28714415.0,21063044.0,0,3,Khách hàng trung thành,0.719692153335797
820,65,Nữ,Đà Nẵng,Miền Trung,Lắc chân,Bạc,5,10.33,0,Cưới hỏi,589000.0,17471000.0,4.0,Không,Có,Không,Chuyển khoản ngân hàng,Nhận tại cửa hàng,Online,8,Nửa năm một lần,188.0,942000.0,921747.0,109040.0,0,0,Khách hàng phổ thông / mới,0.30584223359194646
821,19,Nữ,Đà Nẵng,Miền Trung,Lắc chân,Vàng 18K,18,7.21,0,Tự mua sắm,10933000.0,16256000.0,3.7,Không,Có,Không,Ví điện tử (Momo/ZaloPay),Giao hàng nhanh,Online,5,Hai tuần một lần,16.0,10933000.0,10510986.0,20802994.0,0,0,Khách hàng phổ thông / mới,0.3580184524664592
822,49,Nữ,Nam Định,Miền Bắc,Trang sức bộ,Bạch kim,20,19.97,0,Quà tặng người yêu,37751000.0,25376000.0,4.4,Không,Không,Không,Ví điện tử (Momo/ZaloPay),Giao hàng nhanh,Online,3,Nửa năm một lần,202.0,22651000.0,22680446.0,6681851.0,0,0,Khách hàng phổ thông / mới,0.4057261611484109
823,24,Nam,Đắk Lắk,Miền Trung,Vòng tay,Vàng đính đá quý,18,12.82,1,Quà tặng người yêu,26492000.0,30716000.0,2.7,Không,Không,Không,Thẻ tín dụng,Giao hàng tiêu chuẩn,Tại cửa hàng,4,Hàng năm,368.0,21194000.0,19167854.0,1958583.0,0,2,Khách hàng có nguy cơ rời bỏ,0.5799777022259601
824,49,Nữ,Bắc Ninh,Miền Bắc,Dây chuyền,Bạc,5,10.05,0,Tự mua sắm,789000.0,18229000.0,4.0,Không,Không,Không,Chuyển khoản ngân hàng,Giao hàng nhanh,Tại cửa hàng,28,Hàng năm,326.0,4418000.0,4323013.0,91027.0,1,2,Khách hàng có nguy cơ rời bỏ,0.6200556520455869
826,22,Nữ,Hải Phòng,Miền Bắc,Nhẫn,Vàng 18K,18,3.73,0,Quà tặng người yêu,5314000.0,27019000.0,3.8,Có,Có,Không,Tiền mặt,Giao hàng nhanh,Online,13,Nửa năm một lần,194.0,13816000.0,16174391.0,1161795.0,0,0,Khách hàng phổ thông / mới,0.20067425538274727
827,50,Nữ,Quảng Nam,Miền Trung,Trang sức bộ,Vàng đính đá quý,18,23.77,1,Quà tặng gia đình,31060000.0,21917000.0,2.9,Có,Không,Không,Chuyển khoản ngân hàng,Giao hàng nhanh,Online,15,Hàng tháng,27.0,93180000.0,103299348.0,32257158.0,0,1,Khách hàng VIP (giá trị cao nhất),0.3354483145080556
828,61,Nữ,Vĩnh Phúc,Miền Bắc,Vòng tay,Vàng 18K,18,18.04,0,Cưới hỏi,28211000.0,26124000.0,4.8,Có,Không,Không,Ví điện tử (Momo/ZaloPay),Giao hàng tiêu chuẩn,Tại cửa hàng,12,Hàng quý,78.0,67706000.0,83935128.0,9980287.0,0,3,Khách hàng trung thành,0.2501232652169516
829,59,Nữ,Đà Nẵng,Miền Trung,Dây chuyền,Vàng 24K,24,8.77,0,Tự mua sắm,19172000.0,16359000.0,3.0,Có,Không,Có,Tiền mặt,Nhận tại cửa hàng,Tại cửa hàng,17,Hai tuần một lần,14.0,65185000.0,72713868.0,51830511.0,0,3,Khách hàng trung thành,0.2907822478402482
830,19,Nam,Đà Nẵng,Miền Trung,Vòng tay,Vàng đính đá quý,18,13.69,1,Lễ/Tết,27069000.0,19165000.0,3.9,Không,Không,Có,Ví điện tử (Momo/ZaloPay),Giao hàng tiêu chuẩn,Tại cửa hàng,6,Nửa năm một lần,165.0,32483000.0,31599462.0,6320971.0,0,0,Khách hàng phổ thông / mới,0.34887587106895385
831,29,Nam,An Giang,Miền Nam,Bông tai,Vàng đính đá quý,18,1.79,1,Tự mua sắm,4610000.0,15390000.0,2.5,Không,Có,Có,Tiền mặt,Giao hàng nhanh,Online,20,Hàng tuần,8.0,18440000.0,16466920.0,12528392.0,0,3,Khách hàng trung thành,0.4449962233920006
832,29,Nữ,Quảng Nam,Miền Trung,Nhẫn,Vàng 18K,18,7.1,0,Quà tặng người yêu,11607000.0,7941000.0,2.9,Không,Không,Không,Thẻ tín dụng,Giao hàng nhanh,Online,16,Hàng quý,91.0,37142000.0,34014644.0,3537073.0,0,3,Khách hàng trung thành,0.6127841701344128
833,39,Nữ,Cần Thơ,Miền Nam,Bông tai,Vàng 18K,18,5.69,0,Tự mua sắm,9152000.0,14149000.0,3.7,Không,Không,Không,Ví điện tử (Momo/ZaloPay),Giao hàng tiêu chuẩn,Tại cửa hàng,28,Hàng quý,100.0,51251000.0,49272711.0,2606340.0,0,3,Khách hàng trung thành,0.6104875119151122
834,24,Nữ,Nam Định,Miền Bắc,Bông tai,Bạc,5,3.24,0,Sinh nhật,358000.0,22577000.0,2.6,Không,Có,Không,Ví điện tử (Momo/ZaloPay),Giao hàng tiêu chuẩn,Online,10,Nửa năm một lần,176.0,716000.0,643469.0,46255.0,1,0,Khách hàng phổ thông / mới,0.5629576141026943
835,59,Nữ,Thanh Hóa,Miền Trung,Lắc chân,Bạch kim,20,3.18,0,Cưới hỏi,6148000.0,25403000.0,3.9,Không,Không,Không,Chuyển khoản ngân hàng,Giao hàng nhanh,Online,23,Hàng quý,101.0,28281000.0,27511757.0,1524173.0,0,3,Khách hàng trung thành,0.5931508407089433
836,55,Nữ,Hà Nội,Miền Bắc,Nhẫn,Vàng 18K,18,1.68,0,Tự mua sắm,3126000.0,26680000.0,3.0,Có,Không,Có,Chuyển khoản ngân hàng,Giao hàng tiêu chuẩn,Online,5,Hàng quý,103.0,3126000.0,3487053.0,745919.0,0,0,Khách hàng phổ thông / mới,0.29565939791791546
837,56,Nữ,Huế,Miền Trung,Nhẫn,Vàng 18K,18,3.46,0,Quà tặng gia đình,5299000.0,24923000.0,4.3,Không,Có,Không,Thẻ tín dụng,Nhận tại cửa hàng,Online,3,Nửa năm một lần,185.0,3179000.0,3165012.0,740539.0,1,0,Khách hàng phổ thông / mới,0.4299995363015239
838,27,Nam,TP. Hồ Chí Minh,Miền Nam,Vòng tay,Vàng 18K,18,12.38,0,Quà tặng người yêu,17630000.0,18066000.0,4.7,Không,Có,Không,Ví điện tử (Momo/ZaloPay),Nhận tại cửa hàng,Online,23,Hàng năm,331.0,81098000.0,82590203.0,1587909.0,0,2,Khách hàng có nguy cơ rời bỏ,0.3140664699800241
839,18,Nữ,Long An,Miền Nam,Lắc chân,Vàng 18K,18,6.9,0,Quà tặng người yêu,10667000.0,6248000.0,4.4,Không,Không,Có,Chuyển khoản ngân hàng,Giao hàng nhanh,Online,27,Nửa năm một lần,158.0,57602000.0,57676883.0,2110767.0,0,3,Khách hàng trung thành,0.323773060257381
840,61,Nam,Đắk Lắk,Miền Trung,Trang sức bộ,Vàng 24K,24,24.22,1,Tự mua sắm,58477000.0,13651000.0,2.7,Có,Không,Không,Ví điện tử (Momo/ZaloPay),Giao hàng nhanh,Online,27,Hàng tháng,34.0,315776000.0,345711565.0,65997663.0,0,1,Khách hàng VIP (giá trị cao nhất),0.24212784853838548
841,31,Nữ,Quảng Ngãi,Miền Trung,Vòng tay,Bạch kim,20,8.86,1,Sinh nhật,20809000.0,27593000.0,3.7,Không,Không,Không,Chuyển khoản ngân hàng,Nhận tại cửa hàng,Online,2,Hàng năm,366.0,8324000.0,8002694.0,1399143.0,0,2,Khách hàng có nguy cơ rời bỏ,0.49310242912171975
842,49,Nữ,Quảng Ninh,Miền Bắc,Nhẫn,Vàng 24K,24,2.86,0,Tự mua sắm,6577000.0,15045000.0,2.8,Không,Không,Không,Tiền mặt,Giao hàng tiêu chuẩn,Tại cửa hàng,11,Hai tuần một lần,13.0,14469000.0,13168237.0,17866846.0,0,0,Khách hàng phổ thông / mới,0.6555404850930483
843,61,Nữ,Hà Nội,Miền Bắc,Nhẫn,Vàng 18K,18,7.83,0,Quà tặng người yêu,11249000.0,21139000.0,3.5,Không,Có,Không,Chuyển khoản ngân hàng,Giao hàng nhanh,Online,15,Hàng tháng,29.0,33747000.0,32059650.0,11188667.0,0,3,Khách hàng trung thành,0.45996983801792435
844,19,Nữ,Đồng Nai,Miền Nam,Bông tai,Bạch kim,20,2.4,0,Quà tặng người yêu,3805000.0,19579000.0,4.6,Không,Có,Có,Ví điện tử (Momo/ZaloPay),Giao hàng tiêu chuẩn,Tại cửa hàng,9,Hai tuần một lần,16.0,6849000.0,6935982.0,7070854.0,0,0,Khách hàng phổ thông / mới,0.16496447198447112
845,18,Nữ,Quảng Ninh,Miền Bắc,Nhẫn,Vàng 18K,18,7.65,1,Tự mua sắm,11170000.0,9384000.0,2.6,Không,Có,Không,Ví điện tử (Momo/ZaloPay),Giao hàng tiêu chuẩn,Online,9,Hàng quý,102.0,20106000.0,18069262.0,3684351.0,0,0,Khách hàng phổ thông / mới,0.4356712586014647
846,18,Nữ,Hà Nội,Miền Bắc,Vòng tay,Vàng 18K,18,13.57,0,Quà tặng gia đình,21395000.0,21405000.0,3.1,Không,Không,Không,Thẻ tín dụng,Nhận tại cửa hàng,Tại cửa hàng,12,Nửa năm một lần,166.0,51348000.0,47609866.0,3085172.0,1,3,Khách hàng trung thành,0.6695996395467083
847,25,Nữ,Tiền Giang,Miền Nam,Lắc chân,Vàng đính đá quý,18,3.63,1,Quà tặng người yêu,11702000.0,30194000.0,4.6,Không,Không,Không,Tiền mặt,Giao hàng tiêu chuẩn,Online,1,Hàng quý,90.0,2340000.0,2369718.0,4169164.0,0,0,Khách hàng phổ thông / mới,0.42598484544710413
848,20,Nữ,Kiên Giang,Miền Nam,Dây chuyền,Vàng 24K,24,10.14,1,Lễ/Tết,24848000.0,19069000.0,3.5,Không,Có,Không,Ví điện tử (Momo/ZaloPay),Nhận tại cửa hàng,Online,28,Hàng năm,399.0,139149000.0,132191550.0,1924247.0,0,1,Khách hàng VIP (giá trị cao nhất),0.4294300404387487
849,57,Nữ,Quảng Ngãi,Miền Trung,Dây chuyền,Vàng đính đá quý,18,8.905000000000001,1,Sinh nhật,31740000.0,19535000.0,3.1,Không,Không,Không,Ví điện tử (Momo/ZaloPay),Nhận tại cửa hàng,Online,10,Nửa năm một lần,194.0,63480000.0,58858656.0,5343320.0,1,0,Khách hàng phổ thông / mới,0.7928111101819572
850,47,Nữ,Nghệ An,Miền Trung,Nhẫn,Vàng 24K,24,6.96,1,Quà tặng người yêu,21396000.0,12711000.0,4.9,Không,Không,Có,Ví điện tử (Momo/ZaloPay),Giao hàng nhanh,Online,18,Hàng tháng,31.0,77026000.0,79321375.0,21783551.0,0,3,Khách hàng trung thành,0.3584320244388569
851,65,Nữ,Cần Thơ,Miền Nam,Dây chuyền,Vàng 18K,18,6.64,0,Sinh nhật,10988000.0,19983000.0,2.9,Có,Không,Có,Chuyển khoản ngân hàng,Nhận tại cửa hàng,Tại cửa hàng,24,Hàng quý,99.0,52742000.0,58469781.0,4801270.0,0,3,Khách hàng trung thành,0.2915545275648089
852,56,Nữ,Thái Nguyên,Miền Bắc,Bông tai,Bạc,5,1.48,0,Cưới hỏi,659000.0,25149000.0,4.5,Không,Không,Có,Ví điện tử (Momo/ZaloPay),Giao hàng tiêu chuẩn,Tại cửa hàng,5,Nửa năm một lần,199.0,659000.0,663613.0,87942.0,1,0,Khách hàng phổ thông / mới,0.471225031255694
853,64,Nữ,Đà Nẵng,Miền Trung,Dây chuyền,Vàng 18K,18,8.53,0,Tự mua sắm,13568000.0,21795000.0,2.9,Không,Không,Có,Thẻ tín dụng,Giao hàng tiêu chuẩn,Online,7,Hàng quý,93.0,18995000.0,17395621.0,3958445.0,0,0,Khách hàng phổ thông / mới,0.36658756815933535
854,29,Nữ,Thanh Hóa,Miền Trung,Nhẫn,Bạc,5,2.14,0,Cưới hỏi,320000.0,16662000.0,4.9,Có,Không,Không,Ví điện tử (Momo/ZaloPay),Giao hàng nhanh,Online,19,Hàng quý,90.0,1216000.0,1515866.0,94702.0,0,3,Khách hàng trung thành,0.2685422177123922
855,31,Nữ,An Giang,Miền Nam,Nhẫn,Vàng 24K,24,3.43,0,Sinh nhật,7810000.0,26901000.0,4.5,Không,Không,Có,Thẻ tín dụng,Nhận tại cửa hàng,Online,30,Hàng quý,99.0,46860000.0,47188020.0,2130033.0,0,3,Khách hàng trung thành,0.354453171182679
856,58,Nữ,Tiền Giang,Miền Nam,Nhẫn,Bạc,5,7.47,0,Quà tặng người yêu,433000.0,19649000.0,3.2,Không,Không,Không,Ví điện tử (Momo/ZaloPay),Giao hàng tiêu chuẩn,Online,13,Hàng quý,97.0,1126000.0,1050445.0,118553.0,0,0,Khách hàng phổ thông / mới,0.5981429468671388
857,29,Nữ,TP. Hồ Chí Minh,Miền Nam,Bông tai,Vàng 24K,24,4.27,1,Lễ/Tết,14626000.0,16745000.0,5.0,Không,Không,Không,Tiền mặt,Giao hàng tiêu chuẩn,Online,28,Hàng tháng,27.0,81906000.0,84813663.0,19729222.0,0,3,Khách hàng trung thành,0.4617420351900726
858,20,Nữ,Hải Phòng,Miền Bắc,Vòng tay,Bạch kim,20,16.75,0,Quà tặng gia đình,31305000.0,20188000.0,2.8,Không,Không,Có,Thẻ tín dụng,Nhận tại cửa hàng,Online,1,Hàng năm,366.0,6261000.0,5698136.0,3222082.0,1,2,Khách hàng có nguy cơ rời bỏ,0.7443948634070418
859,50,Nam,Quảng Nam,Miền Trung,Vòng tay,Bạc,5,13.11,0,Sinh nhật,820000.0,30149000.0,4.6,Có,Có,Không,Tiền mặt,Giao hàng nhanh,Tại cửa hàng,23,Hàng tháng,31.0,3772000.0,4624095.0,712024.0,0,3,Khách hàng trung thành,0.14612463311081925
860,56,Nam,Hải Dương,Miền Bắc,Vòng tay,Vàng 18K,18,7.52,0,Sinh nhật,12334000.0,20278000.0,4.2,Có,Không,Có,Thẻ tín dụng,Giao hàng nhanh,Tại cửa hàng,30,Hàng tuần,8.0,74004000.0,88678993.0,31458212.0,0,3,Khách hàng trung thành,0.16739047357953202
861,64,Nữ,Bà Rịa - Vũng Tàu,Miền Nam,Nhẫn,Vàng 24K,24,2.48,0,Quà tặng gia đình,4815000.0,15641000.0,2.9,Không,Có,Không,Ví điện tử (Momo/ZaloPay),Giao hàng nhanh,Online,23,Nửa năm một lần,181.0,22149000.0,20284054.0,865786.0,1,3,Khách hàng trung thành,0.6565285584898402
862,62,Nữ,Bắc Ninh,Miền Bắc,Vòng tay,Vàng 18K,18,16.49,1,Quà tặng người yêu,23834000.0,25541000.0,3.9,Có,Có,Có,Tiền mặt,Nhận tại cửa hàng,Online,4,Hàng năm,340.0,19067000.0,22453299.0,1893961.0,0,2,Khách hàng có nguy cơ rời bỏ,0.06745786103486182
863,23,Nữ,Hà Nội,Miền Bắc,Nhẫn,Bạc,5,4.29,0,Lễ/Tết,457000.0,17058000.0,2.5,Không,Không,Có,Chuyển khoản ngân hàng,Nhận tại cửa hàng,Tại cửa hàng,1,Nửa năm một lần,165.0,91000.0,81263.0,92557.0,1,0,Khách hàng phổ thông / mới,0.7018651914139954
864,55,Nam,TP. Hồ Chí Minh,Miền Nam,Trang sức bộ,Vàng 18K,18,22.5,0,Tự mua sắm,32151000.0,25184000.0,3.9,Không,Có,Không,Ví điện tử (Momo/ZaloPay),Giao hàng nhanh,Online,13,Hàng quý,102.0,83593000.0,81319270.0,9801574.0,0,3,Khách hàng trung thành,0.33479563500221765
865,58,Nữ,Đà Nẵng,Miền Trung,Nhẫn,Bạc,5,2.66,0,Lễ/Tết,537000.0,7139000.0,4.0,Có,Không,Không,Chuyển khoản ngân hàng,Giao hàng tiêu chuẩn,Online,17,Hàng năm,370.0,1826000.0,2162897.0,31661.0,1,2,Khách hàng có nguy cơ rời bỏ,0.4210813805976563
866,51,Nữ,Long An,Miền Nam,Dây chuyền,Vàng 24K,24,7.34,1,Cưới hỏi,17798000.0,21318000.0,3.5,Có,Không,Không,Chuyển khoản ngân hàng,Nhận tại cửa hàng,Online,20,Hàng quý,83.0,71192000.0,81870800.0,8224934.0,0,3,Khách hàng trung thành,0.2071055001077691
867,57,Nữ,Hà Nội,Miền Bắc,Nhẫn,Vàng 24K,24,2.36,1,Cưới hỏi,10139000.0,19680000.0,4.6,Không,Có,Không,Tiền mặt,Giao hàng tiêu chuẩn,Online,28,Hàng quý,88.0,56778000.0,57499081.0,4573811.0,0,3,Khách hàng trung thành,0.3301845058076109
868,58,Nam,Đồng Nai,Miền Nam,Bông tai,Bạc,5,2.02,0,Cưới hỏi,300000.0,14763000.0,4.8,Không,Không,Không,Chuyển khoản ngân hàng,Giao hàng nhanh,Online,18,Nửa năm một lần,156.0,1080000.0,1106028.0,51329.0,0,3,Khách hàng trung thành,0.561673987895877
869,39,Nữ,Hà Nội,Miền Bắc,Nhẫn,Vàng 24K,24,7.28,0,Quà tặng người yêu,16136000.0,11849000.0,3.8,Không,Không,Có,Tiền mặt,Nhận tại cửa hàng,Online,9,Hàng quý,77.0,29045000.0,28089420.0,5848024.0,0,0,Khách hàng phổ thông / mới,0.40312544386769844
870,19,Nữ,Hà Nội,Miền Bắc,Trang sức bộ,Vàng 18K,18,27.92,0,Quà tặng người yêu,44720000.0,17180000.0,4.2,Không,Không,Không,Tiền mặt,Giao hàng nhanh,Online,1,Hàng quý,86.0,8944000.0,8853666.0,16402710.0,0,0,Khách hàng phổ thông / mới,0.3325302516940531
871,39,Nữ,Đà Nẵng,Miền Trung,Nhẫn,Bạc,5,7.04,0,Quà tặng gia đình,550000.0,12854000.0,2.9,Có,Có,Không,Ví điện tử (Momo/ZaloPay),Nhận tại cửa hàng,Tại cửa hàng,28,Hàng năm,388.0,3080000.0,3414488.0,45086.0,1,2,Khách hàng có nguy cơ rời bỏ,0.5378742229916995
872,27,Nữ,Nam Định,Miền Bắc,Lắc chân,Bạc,5,10.87,0,Cưới hỏi,1181000.0,6000000.0,5.0,Không,Không,Không,Chuyển khoản ngân hàng,Giao hàng nhanh,Online,19,Hàng tháng,32.0,4488000.0,4647324.0,1238431.0,1,3,Khách hàng trung thành,0.5409668500461197
873,23,Nữ,Gia Lai,Miền Trung,Bông tai,Vàng 24K,24,3.95,0,Quà tặng người yêu,8018000.0,11153000.0,4.6,Không,Có,Không,Ví điện tử (Momo/ZaloPay),Nhận tại cửa hàng,Tại cửa hàng,21,Hàng tháng,26.0,33676000.0,34103685.0,12599086.0,0,3,Khách hàng trung thành,0.35525263616568065
874,23,Nữ,Hà Nội,Miền Bắc,Dây chuyền,Vàng 24K,24,6.65,0,Cưới hỏi,14935000.0,10850000.0,4.9,Không,Không,Không,Thẻ tín dụng,Giao hàng nhanh,Online,22,Hàng quý,95.0,65714000.0,67672277.0,4566099.0,0,3,Khách hàng trung thành,0.5270886274241434
875,51,Nữ,Hà Nội,Miền Bắc,Nhẫn,Vàng 18K,18,4.7,0,Sinh nhật,6722000.0,21265000.0,4.4,Không,Có,Không,Thẻ tín dụng,Giao hàng tiêu chuẩn,Online,25,Hàng quý,97.0,33610000.0,33653693.0,1780235.0,0,3,Khách hàng trung thành,0.37913493800847836
876,42,Nữ,TP. Hồ Chí Minh,Miền Nam,Dây chuyền,Bạc,5,8.905000000000001,0,Sinh nhật,767000.0,12198000.0,3.3,Không,Có,Không,Ví điện tử (Momo/ZaloPay),Nhận tại cửa hàng,Online,26,Nửa năm một lần,167.0,3988000.0,3743137.0,103576.0,0,3,Khách hàng trung thành,0.6272794437138568
877,43,Nữ,Nam Định,Miền Bắc,Lắc chân,Vàng 18K,18,10.36,0,Quà tặng người yêu,13950000.0,20575000.0,3.1,Có,Có,Có,Chuyển khoản ngân hàng,Giao hàng nhanh,Tại cửa hàng,27,Hàng năm,327.0,75330000.0,84550392.0,1111434.0,0,2,Khách hàng có nguy cơ rời bỏ,0.11387565644068703
878,53,Nữ,TP. Hồ Chí Minh,Miền Nam,Lắc chân,Bạc,5,10.22,1,Tự mua sắm,3096000.0,14508000.0,3.8,Không,Không,Không,Ví điện tử (Momo/ZaloPay),Giao hàng nhanh,Online,6,Nửa năm một lần,193.0,3715000.0,3592776.0,478374.0,1,0,Khách hàng phổ thông / mới,0.6009713496533972
879,44,Nữ,TP. Hồ Chí Minh,Miền Nam,Nhẫn,Bạch kim,20,4.8,0,Lễ/Tết,8619000.0,26118000.0,2.7,Không,Không,Có,Tiền mặt,Giao hàng nhanh,Online,9,Hàng năm,372.0,15514000.0,14030862.0,919606.0,1,2,Khách hàng có nguy cơ rời bỏ,0.6463691793300593
880,48,Nữ,Hà Nội,Miền Bắc,Dây chuyền,Vàng đính đá quý,18,7.53,1,Quà tặng người yêu,18485000.0,23503000.0,3.9,Không,Không,Không,Chuyển khoản ngân hàng,Nhận tại cửa hàng,Tại cửa hàng,2,Hàng tháng,29.0,7394000.0,7192883.0,17340778.0,0,0,Khách hàng phổ thông / mới,0.5571871336112172
881,22,Nữ,Bình Dương,Miền Nam,Nhẫn,Vàng 18K,18,2.62,0,Tự mua sắm,4062000.0,17219000.0,3.4,Không,Không,Không,Ví điện tử (Momo/ZaloPay),Nhận tại cửa hàng,Online,4,Hàng tháng,31.0,3250000.0,3068975.0,4089314.0,1,0,Khách hàng phổ thông / mới,0.6890141804068806
882,58,Nữ,Hưng Yên,Miền Bắc,Nhẫn,Vàng 24K,24,1.99,0,Cưới hỏi,3964000.0,22488000.0,4.3,Không,Có,Có,Ví điện tử (Momo/ZaloPay),Giao hàng nhanh,Online,29,Hàng tháng,33.0,22991000.0,22889840.0,3592984.0,0,3,Khách hàng trung thành,0.14777348188848588
883,39,Nam,Nghệ An,Miền Trung,Bông tai,Vàng 18K,18,2.62,0,Sinh nhật,3976000.0,24363000.0,4.1,Có,Không,Không,Chuyển khoản ngân hàng,Giao hàng tiêu chuẩn,Online,13,Nửa năm một lần,160.0,10338000.0,12316693.0,904970.0,1,0,Khách hàng phổ thông / mới,0.44555138532995225
884,25,Nữ,Hà Nội,Miền Bắc,Dây chuyền,Vàng 24K,24,14.25,0,Quà tặng gia đình,28280000.0,19928000.0,3.1,Có,Có,Có,Tiền mặt,Giao hàng tiêu chuẩn,Online,21,Hàng tháng,30.0,118776000.0,133314182.0,41143097.0,0,1,Khách hàng VIP (giá trị cao nhất),0.17250531448696566
885,57,Nữ,Long An,Miền Nam,Nhẫn,Vàng 18K,18,1.95,0,Lễ/Tết,3489000.0,22408000.0,4.3,Không,Không,Có,Chuyển khoản ngân hàng,Giao hàng tiêu chuẩn,Online,17,Hàng tháng,28.0,11863000.0,11810803.0,3381004.0,0,3,Khách hàng trung thành,0.3041494675327522
886,53,Nữ,Đắk Lắk,Miền Trung,Lắc chân,Vàng đính đá quý,18,11.54,1,Cưới hỏi,25985000.0,6429000.0,3.3,Không,Không,Không,Tiền mặt,Giao hàng tiêu chuẩn,Online,14,Hàng quý,84.0,72758000.0,68290659.0,8462766.0,1,3,Khách hàng trung thành,0.7547618310688282
887,20,Nam,Khánh Hòa,Miền Trung,Bông tai,Vàng 18K,18,3.64,0,Sinh nhật,5131000.0,15572000.0,3.1,Không,Có,Không,Ví điện tử (Momo/ZaloPay),Giao hàng nhanh,Online,5,Hàng tháng,32.0,5131000.0,4757463.0,5714406.0,0,0,Khách hàng phổ thông / mới,0.47951682093568915
888,27,Nữ,Kiên Giang,Miền Nam,Bông tai,Vàng 24K,24,3.2,1,Cưới hỏi,7353000.0,14170000.0,3.5,Có,Có,Không,Chuyển khoản ngân hàng,Giao hàng tiêu chuẩn,Tại cửa hàng,22,Nửa năm một lần,190.0,32353000.0,37205950.0,1303502.0,0,3,Khách hàng trung thành,0.15669371362929274
889,18,Nam,Lào Cai,Miền Bắc,Nhẫn,Bạc,5,2.3,0,Sinh nhật,403000.0,26436000.0,2.9,Có,Không,Không,Tiền mặt,Giao hàng nhanh,Online,23,Hàng năm,407.0,1854000.0,2055344.0,39579.0,0,2,Khách hàng có nguy cơ rời bỏ,0.4285190486993512
890,30,Nữ,An Giang,Miền Nam,Trang sức bộ,Vàng đính đá quý,18,11.78,1,Tự mua sắm,26776000.0,17067000.0,3.3,Không,Không,Không,Chuyển khoản ngân hàng,Nhận tại cửa hàng,Online,5,Hàng tháng,29.0,26776000.0,25131954.0,30610704.0,1,0,Khách hàng phổ thông / mới,0.7453540888508204
891,22,Nữ,TP. Hồ Chí Minh,Miền Nam,Vòng tay,Vàng 24K,24,13.17,0,Quà tặng người yêu,28594000.0,14597000.0,3.1,Không,Không,Có,Chuyển khoản ngân hàng,Giao hàng nhanh,Tại cửa hàng,10,Hàng quý,90.0,57188000.0,53024714.0,8914917.0,0,0,Khách hàng phổ thông / mới,0.4702652353352963
892,52,Nữ,Tiền Giang,Miền Nam,Vòng tay,Bạch kim,20,13.98,0,Quà tặng gia đình,26447000.0,25186000.0,2.6,Không,Không,Không,Tiền mặt,Giao hàng tiêu chuẩn,Online,29,Hai tuần một lần,13.0,153393000.0,137854289.0,67520282.0,0,1,Khách hàng VIP (giá trị cao nhất),0.5487277041294881
893,43,Nữ,An Giang,Miền Nam,Nhẫn,Bạch kim,20,4.32,0,Tự mua sắm,8407000.0,9947000.0,3.3,Không,Không,Không,Tiền mặt,Giao hàng nhanh,Tại cửa hàng,26,Hàng tháng,33.0,43716000.0,41031838.0,9167961.0,0,3,Khách hàng trung thành,0.693951868164164
894,65,Nữ,Tây Ninh,Miền Nam,Lắc chân,Vàng 18K,18,5.59,0,Quà tặng người yêu,7479000.0,21297000.0,3.7,Không,Có,Không,Tiền mặt,Giao hàng nhanh,Online,20,Hàng tháng,31.0,29916000.0,28761242.0,8306661.0,0,3,Khách hàng trung thành,0.35155691025040225
895,53,Nữ,Bắc Ninh,Miền Bắc,Vòng tay,Bạc,5,5.2,0,Lễ/Tết,617000.0,7345000.0,4.6,Không,Không,Không,Tiền mặt,Giao hàng nhanh,Online,29,Nửa năm một lần,204.0,3579000.0,3624453.0,99020.0,1,3,Khách hàng trung thành,0.4824519827925862
896,47,Nam,Đồng Nai,Miền Nam,Lắc chân,Vàng 18K,18,5.4,0,Tự mua sắm,8748000.0,15778000.0,3.0,Không,Không,Có,Chuyển khoản ngân hàng,Giao hàng tiêu chuẩn,Tại cửa hàng,27,Hàng quý,94.0,47239000.0,43530738.0,3327967.0,0,3,Khách hàng trung thành,0.47529686183976677
897,42,Nữ,Đồng Nai,Miền Nam,Bông tai,Vàng 18K,18,4.57,1,Cưới hỏi,9200000.0,17279000.0,3.3,Không,Có,Không,Ví điện tử (Momo/ZaloPay),Giao hàng tiêu chuẩn,Online,19,Nửa năm một lần,162.0,34960000.0,32813456.0,2062288.0,1,3,Khách hàng trung thành,0.5979577454869732
898,20,Nam,TP. Hồ Chí Minh,Miền Nam,Bông tai,Vàng 18K,18,4.03,0,Sinh nhật,6990000.0,29399000.0,2.6,Có,Không,Không,Tiền mặt,Nhận tại cửa hàng,Online,17,Hàng năm,372.0,23766000.0,25855031.0,703954.0,1,2,Khách hàng có nguy cơ rời bỏ,0.5826342038973041
899,21,Nữ,Hưng Yên,Miền Bắc,Bông tai,Vàng 24K,24,1.79,0,Lễ/Tết,4173000.0,18218000.0,2.7,Không,Có,Có,Chuyển khoản ngân hàng,Giao hàng tiêu chuẩn,Tại cửa hàng,20,Hàng tháng,34.0,16692000.0,15096245.0,4112005.0,0,3,Khách hàng trung thành,0.33319849704469123
900,47,Nữ,Kiên Giang,Miền Nam,Trang sức bộ,Bạc,5,29.84,0,Quà tặng gia đình,1845000.0,14587000.0,3.4,Có,Không,Không,Thẻ tín dụng,Nhận tại cửa hàng,Online,25,Nửa năm một lần,164.0,9225000.0,10545098.0,327348.0,1,3,Khách hàng trung thành,0.620884584041782
901,18,Nữ,Thái Nguyên,Miền Bắc,Nhẫn,Bạch kim,20,2.47,1,Cưới hỏi,7236000.0,18146000.0,3.7,Không,Không,Không,Ví điện tử (Momo/ZaloPay),Giao hàng tiêu chuẩn,Online,29,Nửa năm một lần,173.0,41969000.0,40348997.0,1287935.0,1,3,Khách hàng trung thành,0.6357051001792983
902,20,Nữ,Quảng Nam,Miền Trung,Nhẫn,Vàng 18K,18,6.67,1,Tự mua sắm,15472000.0,29284000.0,4.4,Không,Không,Có,Thẻ tín dụng,Nhận tại cửa hàng,Tại cửa hàng,10,Hai tuần một lần,15.0,30944000.0,30984227.0,37664158.0,0,0,Khách hàng phổ thông / mới,0.36193143659833976
903,28,Nữ,Khánh Hòa,Miền Trung,Bông tai,Bạc,5,3.56,0,Lễ/Tết,436000.0,6000000.0,4.4,Không,Không,Không,Chuyển khoản ngân hàng,Giao hàng tiêu chuẩn,Tại cửa hàng,10,Hàng quý,92.0,872000.0,873134.0,121267.0,0,0,Khách hàng phổ thông / mới,0.5283818909046583
904,60,Nữ,Quảng Ninh,Miền Bắc,Vòng tay,Vàng 18K,18,15.75,0,Quà tặng gia đình,24588000.0,27008000.0,4.8,Không,Không,Không,Ví điện tử (Momo/ZaloPay),Giao hàng tiêu chuẩn,Online,4,Hàng tuần,6.0,19670000.0,20144047.0,78659067.0,0,0,Khách hàng phổ thông / mới,0.3704642709034218
905,40,Nữ,TP. Hồ Chí Minh,Miền Nam,Vòng tay,Vàng 24K,24,6.25,0,Quà tặng người yêu,11875000.0,23055000.0,4.8,Không,Có,Có,Tiền mặt,Giao hàng nhanh,Online,1,Hai tuần một lần,13.0,2375000.0,2432238.0,25463627.0,0,0,Khách hàng phổ thông / mới,0.14505314921085016
906,52,Nữ,Hà Nội,Miền Bắc,Bông tai,Bạc,5,4.7,1,Sinh nhật,5871000.0,20303000.0,2.8,Có,Không,Có,Thẻ tín dụng,Giao hàng nhanh,Online,11,Hàng tháng,27.0,12916000.0,14229557.0,6557086.0,0,0,Khách hàng phổ thông / mới,0.2220611051712269
907,37,Nữ,TP. Hồ Chí Minh,Miền Nam,Vòng tay,Vàng 24K,24,15.82,0,Lễ/Tết,30380000.0,18046000.0,2.8,Không,Có,Không,Thẻ tín dụng,Giao hàng tiêu chuẩn,Tại cửa hàng,8,Hàng tháng,30.0,48608000.0,44238141.0,37371086.0,0,0,Khách hàng phổ thông / mới,0.3151461298199533
908,26,Nam,Long An,Miền Nam,Bông tai,Bạch kim,20,1.88,0,Quà tặng người yêu,3707000.0,29620000.0,3.7,Không,Không,Không,Tiền mặt,Giao hàng tiêu chuẩn,Tại cửa hàng,27,Hàng năm,410.0,20018000.0,19245305.0,280574.0,1,2,Khách hàng có nguy cơ rời bỏ,0.6643078931653693
909,35,Nam,Thanh Hóa,Miền Trung,Dây chuyền,Vàng 18K,18,4.65,0,Sinh nhật,8036000.0,25129000.0,4.0,Không,Không,Không,Chuyển khoản ngân hàng,Nhận tại cửa hàng,Online,15,Hàng năm,365.0,24108000.0,23589678.0,666014.0,0,2,Khách hàng có nguy cơ rời bỏ,0.5552318378886782
910,22,Nữ,TP. Hồ Chí Minh,Miền Nam,Lắc chân,Bạch kim,20,9.74,0,Tự mua sắm,18792000.0,12057000.0,4.0,Có,Không,Không,Tiền mặt,Nhận tại cửa hàng,Online,21,Nửa năm một lần,177.0,78926000.0,93487847.0,2405458.0,0,3,Khách hàng trung thành,0.3406485896295751
911,54,Nữ,Quảng Ninh,Miền Bắc,Nhẫn,Vàng 18K,18,4.21,0,Sinh nhật,6696000.0,21396000.0,3.7,Không,Có,Không,Thẻ tín dụng,Giao hàng nhanh,Tại cửa hàng,7,Nửa năm một lần,166.0,9374000.0,9012164.0,1372671.0,0,0,Khách hàng phổ thông / mới,0.4061809859494877
912,26,Nam,Long An,Miền Nam,Bông tai,Vàng 18K,18,4.24,0,Tự mua sắm,6578000.0,20389500.0,5.0,Không,Có,Không,Tiền mặt,Giao hàng tiêu chuẩn,Online,14,Hàng năm,407.0,18418000.0,19071839.0,541200.0,0,2,Khách hàng có nguy cơ rời bỏ,0.41209710788339554
913,36,Nam,Kiên Giang,Miền Nam,Lắc chân,Bạch kim,20,3.08,0,Quà tặng người yêu,6094000.0,23925000.0,3.8,Không,Không,Có,Chuyển khoản ngân hàng,Giao hàng tiêu chuẩn,Tại cửa hàng,25,Hàng quý,103.0,30470000.0,29467537.0,2466092.0,0,3,Khách hàng trung thành,0.38756209497665667
914,65,Nam,Quảng Ninh,Miền Bắc,Dây chuyền,Bạc,5,5.2,1,Tự mua sắm,2566000.0,23737000.0,4.8,Không,Có,Không,Ví điện tử (Momo/ZaloPay),Nhận tại cửa hàng,Online,8,Hàng quý,96.0,4106000.0,4204955.0,757451.0,0,0,Khách hàng phổ thông / mới,0.29431598958608307
915,46,Nữ,TP. Hồ Chí Minh,Miền Nam,Dây chuyền,Vàng 24K,24,11.95,0,Cưới hỏi,23875000.0,11638000.0,5.0,Không,Có,Có,Thẻ tín dụng,Nhận tại cửa hàng,Online,12,Nửa năm một lần,183.0,57300000.0,59334150.0,4068328.0,0,3,Khách hàng trung thành,0.18069411126077062
916,40,Nam,Khánh Hòa,Miền Trung,Dây chuyền,Vàng đính đá quý,18,5.39,1,Lễ/Tết,13699000.0,36593000.0,3.6,Không,Có,Không,Thẻ tín dụng,Nhận tại cửa hàng,Online,18,Hàng năm,410.0,49316000.0,47131301.0,1047361.0,1,2,Khách hàng có nguy cơ rời bỏ,0.566295191451411
917,44,Nữ,Khánh Hòa,Miền Trung,Vòng tay,Vàng 18K,18,6.2,0,Sinh nhật,9903000.0,25690000.0,2.8,Không,Không,Có,Thẻ tín dụng,Nhận tại cửa hàng,Tại cửa hàng,7,Nửa năm một lần,183.0,13864000.0,12617626.0,2084406.0,1,0,Khách hàng phổ thông / mới,0.5093113621873719
918,55,Nữ,TP. Hồ Chí Minh,Miền Nam,Dây chuyền,Vàng 24K,24,5.1,0,Quà tặng người yêu,11370000.0,33784000.0,3.3,Có,Không,Có,Tiền mặt,Nhận tại cửa hàng,Online,18,Hai tuần một lần,13.0,40932000.0,46506938.0,25788388.0,0,3,Khách hàng trung thành,0.2297474170711722
919,30,Nam,Quảng Nam,Miền Trung,Nhẫn,Vàng 18K,18,6.91,0,Quà tặng gia đình,10772000.0,21909000.0,3.4,Không,Không,Không,Thẻ tín dụng,Giao hàng nhanh,Online,19,Nửa năm một lần,165.0,40934000.0,38653976.0,2056911.0,1,3,Khách hàng trung thành,0.7167746010917516
920,48,Nữ,Gia Lai,Miền Trung,Lắc chân,Bạc,5,6.12,0,Tự mua sắm,750000.0,20752000.0,4.7,Có,Không,Có,Ví điện tử (Momo/ZaloPay),Nhận tại cửa hàng,Online,16,Hàng tháng,27.0,2400000.0,2958720.0,924518.0,0,0,Khách hàng phổ thông / mới,0.15007921774821917
921,59,Nữ,Nam Định,Miền Bắc,Nhẫn,Bạc,5,4.95,0,Cưới hỏi,896000.0,17029000.0,4.9,Có,Không,Không,Tiền mặt,Giao hàng nhanh,Tại cửa hàng,5,Hàng tháng,30.0,896000.0,1116954.0,926096.0,0,0,Khách hàng phổ thông / mới,0.31176631443210007
922,45,Nữ,Nghệ An,Miền Trung,Vòng tay,Bạch kim,20,13.66,0,Cưới hỏi,24867000.0,27527000.0,2.9,Không,Có,Không,Ví điện tử (Momo/ZaloPay),Giao hàng nhanh,Tại cửa hàng,23,Hàng quý,87.0,114388000.0,104756530.0,7885771.0,0,1,Khách hàng VIP (giá trị cao nhất),0.45991748322691584
923,39,Nữ,Bà Rịa - Vũng Tàu,Miền Nam,Vòng tay,Bạc,5,10.59,0,Tự mua sắm,809000.0,30823000.0,2.6,Không,Không,Không,Tiền mặt,Giao hàng nhanh,Online,26,Nửa năm một lần,166.0,4207000.0,3780831.0,151313.0,1,3,Khách hàng trung thành,0.7689199872578392
924,24,Nữ,Hải Phòng,Miền Bắc,Nhẫn,Vàng 18K,18,2.11,0,Quà tặng gia đình,3578000.0,26729000.0,4.6,Không,Không,Có,Tiền mặt,Giao hàng tiêu chuẩn,Online,8,Hàng tháng,30.0,5725000.0,5797708.0,4269462.0,0,0,Khách hàng phổ thông / mới,0.3993854716592499
925,29,Nam,Gia Lai,Miền Trung,Nhẫn,Vàng 18K,18,3.17,0,Cưới hỏi,5254000.0,35530000.0,3.9,Không,Không,Có,Thẻ tín dụng,Giao hàng nhanh,Online,4,Hàng tháng,32.0,4203000.0,4088678.0,4015504.0,0,0,Khách hàng phổ thông / mới,0.4033057282452134
926,63,Nữ,Thái Nguyên,Miền Bắc,Trang sức bộ,Vàng 24K,24,13.95,0,Quà tặng gia đình,31533000.0,22697000.0,4.4,Có,Không,Không,Thẻ tín dụng,Giao hàng nhanh,Tại cửa hàng,16,Nửa năm một lần,188.0,100906000.0,122308163.0,5152297.0,0,1,Khách hàng VIP (giá trị cao nhất),0.21270004783192137
927,43,Nữ,Long An,Miền Nam,Bông tai,Bạc,5,5.55,0,Cưới hỏi,719000.0,16234000.0,3.3,Có,Có,Không,Thẻ tín dụng,Giao hàng nhanh,Online,6,Hàng tháng,32.0,863000.0,980541.0,589116.0,0,0,Khách hàng phổ thông / mới,0.2569590006518094
928,32,Nam,Đắk Lắk,Miền Trung,Nhẫn,Vàng 24K,24,6.31,0,Tự mua sắm,13856000.0,21721000.0,2.9,Có,Không,Có,Ví điện tử (Momo/ZaloPay),Giao hàng tiêu chuẩn,Tại cửa hàng,10,Hàng năm,399.0,27712000.0,30721523.0,1265905.0,1,2,Khách hàng có nguy cơ rời bỏ,0.4851803120024182
929,38,Nữ,Huế,Miền Trung,Bông tai,Bạc,5,5.12,0,Sinh nhật,684000.0,25909000.0,3.2,Không,Có,Có,Ví điện tử (Momo/ZaloPay),Nhận tại cửa hàng,Online,20,Hàng quý,80.0,2736000.0,2552414.0,186174.0,0,3,Khách hàng trung thành,0.39441936175342573
930,45,Nữ,Hải Dương,Miền Bắc,Vòng tay,Bạc,5,17.18,0,Quà tặng người yêu,971000.0,18861000.0,2.6,Không,Không,Không,Chuyển khoản ngân hàng,Nhận tại cửa hàng,Tại cửa hàng,7,Nửa năm một lần,209.0,1359000.0,1221333.0,125356.0,1,0,Khách hàng phổ thông / mới,0.6903627018317073
931,43,Nam,Đà Nẵng,Miền Trung,Nhẫn,Bạch kim,20,1.51,0,Quà tặng gia đình,2960000.0,20276000.0,3.5,Không,Không,Không,Tiền mặt,Giao hàng tiêu chuẩn,Tại cửa hàng,11,Hai tuần một lần,13.0,6512000.0,6186400.0,7294566.0,0,0,Khách hàng phổ thông / mới,0.5745939997713325
932,51,Nữ,Kiên Giang,Miền Nam,Bông tai,Vàng 24K,24,4.75,0,Quà tặng người yêu,9009000.0,22557000.0,2.7,Có,Có,Không,Ví điện tử (Momo/ZaloPay),Giao hàng nhanh,Online,10,Hàng năm,391.0,18018000.0,19726106.0,886012.0,1,2,Khách hàng có nguy cơ rời bỏ,0.4656507128062044
933,30,Nữ,Khánh Hòa,Miền Trung,Vòng tay,Vàng 24K,24,12.23,1,Quà tặng gia đình,32235000.0,23255000.0,3.7,Có,Không,Có,Ví điện tử (Momo/ZaloPay),Giao hàng nhanh,Online,22,Hàng năm,373.0,141834000.0,165066409.0,2561943.0,0,1,Khách hàng VIP (giá trị cao nhất),0.12235906236868231
934,49,Nữ,Đà Nẵng,Miền Trung,Nhẫn,Vàng đính đá quý,18,6.54,1,Quà tặng người yêu,16128000.0,21884000.0,4.5,Có,Không,Không,Tiền mặt,Nhận tại cửa hàng,Online,25,Hàng tháng,30.0,80640000.0,98300160.0,14516234.0,0,3,Khách hàng trung thành,0.2700477526479012
935,39,Nam,TP. Hồ Chí Minh,Miền Nam,Lắc chân,Bạc,5,11.64,0,Cưới hỏi,523000.0,21816000.0,2.6,Không,Có,Không,Thẻ tín dụng,Nhận tại cửa hàng,Online,27,Nửa năm một lần,204.0,2824000.0,2537929.0,102955.0,1,3,Khách hàng trung thành,0.6511351017992869
936,63,Nữ,Nghệ An,Miền Trung,Dây chuyền,Vàng 18K,18,7.29,0,Quà tặng gia đình,11208000.0,26231000.0,4.7,Có,Có,Có,Ví điện tử (Momo/ZaloPay),Nhận tại cửa hàng,Online,4,Nửa năm một lần,198.0,8966000.0,11053285.0,1255563.0,0,0,Khách hàng phổ thông / mới,0.12222334689399036
937,25,Nam,Đà Nẵng,Miền Trung,Dây chuyền,Bạch kim,20,10.26,0,Tự mua sắm,19659000.0,24881000.0,3.8,Có,Không,Không,Tiền mặt,Giao hàng nhanh,Tại cửa hàng,24,Hàng tháng,26.0,94363000.0,110470764.0,13705686.0,0,1,Khách hàng VIP (giá trị cao nhất),0.2603712220423061
938,25,Nữ,Lào Cai,Miền Bắc,Dây chuyền,Vàng đính đá quý,18,6.66,1,Quà tặng người yêu,11809000.0,16035000.0,4.1,Không,Có,Có,Tiền mặt,Giao hàng tiêu chuẩn,Online,9,Nửa năm một lần,189.0,21256000.0,20920155.0,2022905.0,0,0,Khách hàng phổ thông / mới,0.1674101000352975
939,40,Nữ,Bắc Ninh,Miền Bắc,Bông tai,Vàng 18K,18,5.47,0,Tự mua sắm,8108000.0,7546000.0,3.1,Có,Có,Không,Chuyển khoản ngân hàng,Nhận tại cửa hàng,Online,27,Hàng năm,364.0,43783000.0,49142039.0,607853.0,0,2,Khách hàng có nguy cơ rời bỏ,0.37521572520106566
940,42,Nữ,TP. Hồ Chí Minh,Miền Nam,Bông tai,Vàng đính đá quý,18,2.27,1,Quà tặng người yêu,8332000.0,13252000.0,4.6,Không,Có,Không,Thẻ tín dụng,Giao hàng tiêu chuẩn,Online,16,Hàng quý,88.0,26662000.0,27000607.0,2318317.0,0,3,Khách hàng trung thành,0.3594056457344191
941,51,Nam,Bà Rịa - Vũng Tàu,Miền Nam,Trang sức bộ,Vàng 24K,24,18.78,0,Lễ/Tết,41166000.0,24287000.0,2.5,Không,Không,Có,Thẻ tín dụng,Giao hàng nhanh,Online,28,Hàng năm,314.0,230530000.0,205863290.0,4434538.0,1,1,Khách hàng VIP (giá trị cao nhất),0.626824367769233
942,37,Nữ,An Giang,Miền Nam,Nhẫn,Vàng đính đá quý,18,7.27,1,Quà tặng người yêu,18717000.0,15104000.0,3.6,Không,Không,Không,Ví điện tử (Momo/ZaloPay),Giao hàng nhanh,Online,13,Hai tuần một lần,16.0,48664000.0,46508185.0,36634461.0,0,3,Khách hàng trung thành,0.5247641195677003
943,61,Nam,Bà Rịa - Vũng Tàu,Miền Nam,Bông tai,Vàng 24K,24,1.5,0,Sinh nhật,3481000.0,23519000.0,4.9,Có,Không,Không,Chuyển khoản ngân hàng,Giao hàng nhanh,Tại cửa hàng,10,Hàng năm,346.0,6962000.0,8678829.0,271176.0,1,2,Khách hàng có nguy cơ rời bỏ,0.46805915681904614
944,40,Nữ,Đà Nẵng,Miền Trung,Vòng tay,Vàng 18K,18,12.41,0,Quà tặng người yêu,20001000.0,19999000.0,2.8,Có,Không,Không,Chuyển khoản ngân hàng,Giao hàng tiêu chuẩn,Tại cửa hàng,25,Hàng năm,420.0,100005000.0,110175508.0,1099405.0,1,1,Khách hàng VIP (giá trị cao nhất),0.5653804110260308
945,24,Nữ,Hưng Yên,Miền Bắc,Dây chuyền,Vàng 24K,24,9.98,0,Tự mua sắm,20348000.0,19909000.0,4.4,Có,Có,Không,Tiền mặt,Nhận tại cửa hàng,Online,11,Hàng tháng,33.0,44766000.0,54260869.0,21403179.0,0,0,Khách hàng phổ thông / mới,0.14528777802431564
946,23,Nữ,Quảng Ngãi,Miền Trung,Nhẫn,Bạch kim,20,5.26,0,Quà tặng gia đình,9605000.0,22819000.0,4.3,Không,Có,Không,Tiền mặt,Nhận tại cửa hàng,Tại cửa hàng,24,Hàng quý,98.0,46104000.0,45901142.0,3284428.0,0,3,Khách hàng trung thành,0.36171135124187176
947,64,Nam,Kiên Giang,Miền Nam,Lắc chân,Vàng đính đá quý,18,4.08,1,Lễ/Tết,11878000.0,30170000.0,3.3,Không,Có,Có,Thẻ tín dụng,Giao hàng nhanh,Online,2,Nửa năm một lần,187.0,4751000.0,4459289.0,1871544.0,0,0,Khách hàng phổ thông / mới,0.1694860962196039
948,24,Nam,TP. Hồ Chí Minh,Miền Nam,Dây chuyền,Vàng 18K,18,3.47,0,Cưới hỏi,5952000.0,19323000.0,2.7,Không,Không,Không,Tiền mặt,Nhận tại cửa hàng,Online,21,Hàng năm,401.0,24998000.0,22608191.0,593298.0,1,2,Khách hàng có nguy cơ rời bỏ,0.7352994997369038
949,63,Nữ,Quảng Nam,Miền Trung,Bông tai,Vàng 18K,18,3.08,0,Cưới hỏi,4175000.0,14485000.0,4.6,Không,Có,Có,Thẻ tín dụng,Nhận tại cửa hàng,Online,28,Hàng tháng,28.0,23380000.0,23676926.0,3611605.0,0,3,Khách hàng trung thành,0.15905868255610053
950,31,Nam,TP. Hồ Chí Minh,Miền Nam,Vòng tay,Vàng 18K,18,11.81,0,Quà tặng người yêu,16704000.0,22037000.0,4.8,Có,Có,Không,Ví điện tử (Momo/ZaloPay),Nhận tại cửa hàng,Tại cửa hàng,9,Hàng quý,93.0,30067000.0,37274060.0,3908765.0,0,0,Khách hàng phổ thông / mới,0.18660004855264276
951,22,Nam,Bình Dương,Miền Nam,Nhẫn,Vàng 24K,24,7.63,0,Lễ/Tết,16980000.0,24311000.0,2.8,Không,Không,Không,Tiền mặt,Nhận tại cửa hàng,Online,30,Nửa năm một lần,187.0,101880000.0,92720988.0,2384800.0,1,1,Khách hàng VIP (giá trị cao nhất),0.7413189194602684
952,32,Nữ,Tiền Giang,Miền Nam,Trang sức bộ,Bạch kim,20,28.89,0,Quà tặng người yêu,51524000.0,6000000.0,4.6,Không,Có,Có,Tiền mặt,Giao hàng nhanh,Online,1,Hàng quý,88.0,10305000.0,10435874.0,17420871.0,0,0,Khách hàng phổ thông / mới,0.15297787939468663
953,47,Nữ,Bình Dương,Miền Nam,Lắc chân,Vàng 24K,24,8.39,1,Tự mua sắm,24114000.0,15764000.0,4.6,Không,Không,Không,Tiền mặt,Giao hàng nhanh,Online,4,Nửa năm một lần,186.0,19291000.0,19535996.0,4059713.0,0,0,Khách hàng phổ thông / mới,0.5706843858218937
954,38,Nam,Đà Nẵng,Miền Trung,Vòng tay,Vàng đính đá quý,18,8.15,1,Cưới hỏi,17458000.0,20485000.0,3.9,Không,Không,Không,Thẻ tín dụng,Nhận tại cửa hàng,Online,10,Nửa năm một lần,196.0,34916000.0,33966285.0,2556112.0,1,0,Khách hàng phổ thông / mới,0.56907362534918
955,55,Nữ,Hưng Yên,Miền Bắc,Bông tai,Vàng đính đá quý,18,5.51,1,Quà tặng gia đình,14528000.0,17938000.0,4.5,Có,Không,Có,Tiền mặt,Giao hàng nhanh,Tại cửa hàng,10,Hàng năm,331.0,29056000.0,35419264.0,1400179.0,0,2,Khách hàng có nguy cơ rời bỏ,0.12494296951919935
957,37,Nữ,Lào Cai,Miền Bắc,Bông tai,Bạc,5,5.74,0,Sinh nhật,300000.0,15851000.0,3.7,Có,Không,Không,Chuyển khoản ngân hàng,Giao hàng nhanh,Tại cửa hàng,27,Hàng năm,362.0,1620000.0,1885356.0,19261.0,1,2,Khách hàng có nguy cơ rời bỏ,0.4204370720984149
958,48,Nữ,Tiền Giang,Miền Nam,Nhẫn,Vàng đính đá quý,18,7.65,1,Quà tặng gia đình,14740000.0,27440000.0,4.9,Có,Có,Có,Tiền mặt,Nhận tại cửa hàng,Tại cửa hàng,4,Nửa năm một lần,193.0,11792000.0,14699907.0,2886621.0,0,0,Khách hàng phổ thông / mới,0.09757146310231465
959,64,Nữ,Khánh Hòa,Miền Trung,Dây chuyền,Vàng đính đá quý,18,14.73,1,Quà tặng gia đình,27757000.0,22200000.0,4.4,Có,Không,Không,Tiền mặt,Nhận tại cửa hàng,Online,23,Hàng năm,410.0,127682000.0,154763352.0,2000967.0,0,1,Khách hàng VIP (giá trị cao nhất),0.19511692594484073
960,37,Nữ,Đà Nẵng,Miền Trung,Dây chuyền,Bạc,5,6.4,0,Tự mua sắm,396000.0,7622000.0,3.2,Có,Có,Không,Ví điện tử (Momo/ZaloPay),Nhận tại cửa hàng,Tại cửa hàng,25,Hai tuần một lần,16.0,1980000.0,2236014.0,891827.0,0,3,Khách hàng trung thành,0.2960059687047203
961,25,Nữ,Thanh Hóa,Miền Trung,Dây chuyền,Vàng 24K,24,4.65,0,Tự mua sắm,10314000.0,24620000.0,4.1,Có,Không,Có,Tiền mặt,Giao hàng tiêu chuẩn,Online,18,Nửa năm một lần,187.0,37130000.0,44236682.0,1756729.0,0,3,Khách hàng trung thành,0.14141854140529705
962,37,Nữ,Quảng Ngãi,Miền Trung,Dây chuyền,Vàng 24K,24,10.55,0,Tự mua sắm,22692000.0,25784000.0,3.0,Không,Không,Không,Tiền mặt,Nhận tại cửa hàng,Online,30,Hàng năm,415.0,136152000.0,125464068.0,1775251.0,1,1,Khách hàng VIP (giá trị cao nhất),0.7612872694063815
963,58,Nam,Khánh Hòa,Miền Trung,Nhẫn,Bạch kim,20,4.25,0,Sinh nhật,8457000.0,21219000.0,3.1,Không,Không,Không,Tiền mặt,Giao hàng tiêu chuẩn,Tại cửa hàng,3,Nửa năm một lần,186.0,5074000.0,4704613.0,1503925.0,1,0,Khách hàng phổ thông / mới,0.7387104218456884
964,28,Nữ,Bắc Ninh,Miền Bắc,Trang sức bộ,Vàng 18K,18,19.71,0,Quà tặng người yêu,29551000.0,6804000.0,3.0,Không,Có,Có,Chuyển khoản ngân hàng,Giao hàng tiêu chuẩn,Online,23,Hàng tuần,6.0,135935000.0,125264102.0,95797327.0,0,1,Khách hàng VIP (giá trị cao nhất),0.28134897684120186
965,63,Nam,Bà Rịa - Vũng Tàu,Miền Nam,Nhẫn,Bạc,5,5.12,0,Tự mua sắm,784000.0,28094000.0,3.0,Có,Không,Không,Chuyển khoản ngân hàng,Giao hàng tiêu chuẩn,Online,13,Hàng quý,91.0,2038000.0,2273389.0,288363.0,0,0,Khách hàng phổ thông / mới,0.4249185836401147
966,46,Nữ,Thanh Hóa,Miền Trung,Nhẫn,Bạc,5,5.98,0,Tự mua sắm,718000.0,13606000.0,3.7,Có,Không,Không,Chuyển khoản ngân hàng,Nhận tại cửa hàng,Online,13,Hai tuần một lần,12.0,1867000.0,2172815.0,2224449.0,0,0,Khách hàng phổ thông / mới,0.3252062646225249
967,46,Nữ,Đà Nẵng,Miền Trung,Dây chuyền,Vàng 18K,18,6.99,1,Quà tặng người yêu,13212000.0,18231000.0,3.3,Có,Có,Không,Chuyển khoản ngân hàng,Nhận tại cửa hàng,Tại cửa hàng,19,Hàng tháng,32.0,50206000.0,57044057.0,12824399.0,0,3,Khách hàng trung thành,0.28732798719844027
968,33,Nữ,Thái Nguyên,Miền Bắc,Bông tai,Vàng 24K,24,2.68,0,Cưới hỏi,5423000.0,15961000.0,4.4,Có,Có,Không,Tiền mặt,Giao hàng tiêu chuẩn,Online,24,Nửa năm một lần,168.0,26030000.0,31550963.0,1091980.0,0,3,Khách hàng trung thành,0.14278359696170356
969,62,Nữ,Bình Định,Miền Trung,Nhẫn,Vàng 18K,18,5.47,0,Tự mua sắm,8233000.0,11643000.0,4.7,Không,Có,Có,Thẻ tín dụng,Giao hàng tiêu chuẩn,Tại cửa hàng,15,Hàng năm,356.0,24699000.0,25153462.0,682586.0,0,2,Khách hàng có nguy cơ rời bỏ,0.16618016436414196
970,19,Nữ,TP. Hồ Chí Minh,Miền Nam,Vòng tay,Vàng đính đá quý,18,6.07,1,Quà tặng người yêu,16415000.0,19183000.0,3.7,Có,Không,Có,Chuyển khoản ngân hàng,Giao hàng nhanh,Tại cửa hàng,9,Nửa năm một lần,175.0,29547000.0,34386799.0,3543448.0,0,0,Khách hàng phổ thông / mới,0.13068442813732137
971,32,Nam,Bà Rịa - Vũng Tàu,Miền Nam,Bông tai,Vàng 18K,18,4.5,0,Tự mua sắm,7148000.0,21339000.0,3.0,Có,Không,Không,Chuyển khoản ngân hàng,Giao hàng tiêu chuẩn,Tại cửa hàng,8,Hai tuần một lần,13.0,11437000.0,12757973.0,14487061.0,0,0,Khách hàng phổ thông / mới,0.5105618362455099
972,38,Nữ,Hà Nội,Miền Bắc,Nhẫn,Vàng 24K,24,6.69,1,Tự mua sắm,15875000.0,21074000.0,5.0,Không,Có,Không,Thẻ tín dụng,Giao hàng nhanh,Tại cửa hàng,29,Hàng tháng,32.0,92075000.0,95343662.0,19707363.0,0,3,Khách hàng trung thành,0.3283894605061238
973,40,Nữ,Tây Ninh,Miền Nam,Trang sức bộ,Vàng đính đá quý,18,31.99,1,Cưới hỏi,61339000.0,18935000.0,2.6,Không,Không,Không,Ví điện tử (Momo/ZaloPay),Nhận tại cửa hàng,Online,13,Hàng quý,85.0,159481000.0,143325575.0,21492570.0,1,1,Khách hàng VIP (giá trị cao nhất),0.639829650951712
974,40,Nam,TP. Hồ Chí Minh,Miền Nam,Dây chuyền,Bạc,5,12.05,0,Cưới hỏi,1342000.0,15185000.0,3.9,Có,Không,Không,Ví điện tử (Momo/ZaloPay),Giao hàng tiêu chuẩn,Online,11,Hàng tháng,34.0,2952000.0,3476275.0,879161.0,0,0,Khách hàng phổ thông / mới,0.33383049394836467
975,25,Nữ,Hưng Yên,Miền Bắc,Bông tai,Bạc,5,3.53,0,Cưới hỏi,300000.0,29784000.0,3.0,Không,Có,Không,Ví điện tử (Momo/ZaloPay),Giao hàng tiêu chuẩn,Tại cửa hàng,17,Hàng năm,311.0,1020000.0,939930.0,29606.0,1,2,Khách hàng có nguy cơ rời bỏ,0.5819693627830305
976,28,Nữ,Thái Nguyên,Miền Bắc,Nhẫn,Bạch kim,20,7.18,0,Cưới hỏi,13955000.0,20977000.0,4.8,Không,Không,Không,Ví điện tử (Momo/ZaloPay),Giao hàng tiêu chuẩn,Online,21,Hàng tháng,30.0,58611000.0,60023525.0,12244266.0,0,3,Khách hàng trung thành,0.5171934869785239
977,22,Nữ,Vĩnh Phúc,Miền Bắc,Bông tai,Vàng 18K,18,3.45,1,Tự mua sắm,6798000.0,12772000.0,3.3,Không,Không,Có,Ví điện tử (Momo/ZaloPay),Nhận tại cửa hàng,Tại cửa hàng,2,Hàng tháng,30.0,2719000.0,2552053.0,7826645.0,0,0,Khách hàng phổ thông / mới,0.5812994376176898
978,45,Nữ,Bà Rịa - Vũng Tàu,Miền Nam,Lắc chân,Vàng đính đá quý,18,10.08,1,Tự mua sắm,20463000.0,23783000.0,4.9,Không,Có,Không,Ví điện tử (Momo/ZaloPay),Giao hàng tiêu chuẩn,Tại cửa hàng,1,Nửa năm một lần,187.0,4093000.0,4214971.0,2897192.0,1,0,Khách hàng phổ thông / mới,0.449458015871748
979,34,Nam,Vĩnh Phúc,Miền Bắc,Nhẫn,Vàng đính đá quý,18,1.91,1,Lễ/Tết,7264000.0,22591000.0,4.9,Không,Không,Có,Chuyển khoản ngân hàng,Giao hàng tiêu chuẩn,Tại cửa hàng,18,Hàng tháng,27.0,26150000.0,26929270.0,7422896.0,0,3,Khách hàng trung thành,0.3063802950124811
980,45,Nam,Đà Nẵng,Miền Trung,Nhẫn,Vàng 18K,18,6.11,0,Quà tặng người yêu,8167000.0,25007000.0,4.9,Không,Có,Có,Thẻ tín dụng,Nhận tại cửa hàng,Online,19,Hàng quý,100.0,31035000.0,31959843.0,1616779.0,0,3,Khách hàng trung thành,0.20652168731446277
981,46,Nam,TP. Hồ Chí Minh,Miền Nam,Dây chuyền,Vàng 18K,18,4.01,0,Tự mua sắm,5796000.0,20534000.0,4.5,Có,Có,Có,Thẻ tín dụng,Giao hàng tiêu chuẩn,Online,15,Hàng quý,82.0,17388000.0,21195972.0,1947848.0,0,0,Khách hàng phổ thông / mới,0.11057237864166285
982,51,Nam,Bà Rịa - Vũng Tàu,Miền Nam,Nhẫn,Vàng 18K,18,1.68,0,Cưới hỏi,3080000.0,16702000.0,4.4,Không,Không,Không,Ví điện tử (Momo/ZaloPay),Giao hàng nhanh,Tại cửa hàng,9,Hai tuần một lần,14.0,5544000.0,5551207.0,3720431.0,0,0,Khách hàng phổ thông / mới,0.5398067130364618
983,44,Nữ,TP. Hồ Chí Minh,Miền Nam,Trang sức bộ,Bạc,5,22.56,0,Lễ/Tết,1634000.0,11054000.0,4.9,Không,Có,Không,Thẻ tín dụng,Giao hàng tiêu chuẩn,Online,24,Hàng quý,92.0,7843000.0,8076721.0,380916.0,0,3,Khách hàng trung thành,0.2615787256034605
984,49,Nữ,Bình Dương,Miền Nam,Vòng tay,Bạc,5,6.79,1,Quà tặng người yêu,1857000.0,17228000.0,3.1,Không,Không,Có,Chuyển khoản ngân hàng,Nhận tại cửa hàng,Tại cửa hàng,4,Hàng quý,77.0,1486000.0,1377819.0,822536.0,0,0,Khách hàng phổ thông / mới,0.5399915584138728
985,46,Nam,Quảng Ninh,Miền Bắc,Vòng tay,Bạc,5,9.88,1,Sinh nhật,4057000.0,9166000.0,4.5,Không,Có,Không,Chuyển khoản ngân hàng,Nhận tại cửa hàng,Online,20,Nửa năm một lần,189.0,16228000.0,16341596.0,735054.0,0,3,Khách hàng trung thành,0.32371802703921965
986,49,Nữ,Bà Rịa - Vũng Tàu,Miền Nam,Trang sức bộ,Vàng đính đá quý,18,29.36,1,Sinh nhật,52268000.0,23046000.0,2.8,Không,Có,Không,Thẻ tín dụng,Nhận tại cửa hàng,Online,14,Hàng tháng,27.0,146350000.0,133193135.0,62523119.0,0,1,Khách hàng VIP (giá trị cao nhất),0.46309670167735767
987,47,Nữ,Hưng Yên,Miền Bắc,Lắc chân,Vàng 18K,18,7.95,0,Cưới hỏi,12805000.0,9577000.0,3.4,Không,Không,Không,Thẻ tín dụng,Giao hàng nhanh,Tại cửa hàng,12,Hàng quý,97.0,30732000.0,29020228.0,3270995.0,0,0,Khách hàng phổ thông / mới,0.6601316535328754
988,33,Nữ,Bắc Ninh,Miền Bắc,Lắc chân,Bạch kim,20,9.6,0,Quà tặng gia đình,17482000.0,17492000.0,3.5,Không,Có,Có,Tiền mặt,Giao hàng nhanh,Tại cửa hàng,4,Nửa năm một lần,170.0,13986000.0,13286700.0,3058564.0,0,0,Khách hàng phổ thông / mới,0.2570172228319894
989,29,Nữ,Tây Ninh,Miền Nam,Dây chuyền,Bạc,5,12.4,1,Quà tặng người yêu,5394000.0,24843000.0,5.0,Không,Có,Có,Chuyển khoản ngân hàng,Nhận tại cửa hàng,Online,21,Hàng tuần,7.0,22655000.0,23459252.0,16171507.0,0,3,Khách hàng trung thành,0.19891675176317822
990,55,Nữ,Thái Nguyên,Miền Bắc,Dây chuyền,Bạc,5,8.76,1,Quà tặng người yêu,1875000.0,19605000.0,3.3,Không,Có,Có,Tiền mặt,Nhận tại cửa hàng,Online,6,Hai tuần một lần,14.0,2250000.0,2111850.0,3180111.0,0,0,Khách hàng phổ thông / mới,0.29204852561335987
991,34,Nữ,Bắc Ninh,Miền Bắc,Dây chuyền,Vàng 24K,24,14.83,1,Tự mua sắm,33957000.0,19626000.0,3.9,Không,Không,Không,Tiền mặt,Giao hàng tiêu chuẩn,Online,17,Hàng tháng,33.0,115454000.0,112313651.0,39223783.0,0,1,Khách hàng VIP (giá trị cao nhất),0.4988797366067057
992,44,Nam,Quảng Ngãi,Miền Trung,Dây chuyền,Bạc,5,5.43,0,Sinh nhật,300000.0,23744000.0,4.1,Không,Có,Không,Thẻ tín dụng,Giao hàng nhanh,Online,27,Hai tuần một lần,13.0,1620000.0,1594404.0,801641.0,0,3,Khách hàng trung thành,0.3766531350172552
993,27,Nữ,Lào Cai,Miền Bắc,Dây chuyền,Bạc,5,4.02,0,Cưới hỏi,1119000.0,23213000.0,4.2,Có,Có,Có,Chuyển khoản ngân hàng,Giao hàng nhanh,Tại cửa hàng,23,Hàng tuần,7.0,5147000.0,6167650.0,3223480.0,0,3,Khách hàng trung thành,0.07815251318993549
994,38,Nữ,Bắc Ninh,Miền Bắc,Nhẫn,Vàng 24K,24,3.57,0,Cưới hỏi,8063000.0,27545000.0,2.8,Không,Không,Có,Thẻ tín dụng,Giao hàng tiêu chuẩn,Tại cửa hàng,2,Hàng năm,369.0,3225000.0,2935072.0,658701.0,1,2,Khách hàng có nguy cơ rời bỏ,0.6534341861652235
995,43,Nữ,Gia Lai,Miền Trung,Dây chuyền,Bạch kim,20,12.15,0,Quà tặng người yêu,20936000.0,24523000.0,3.9,Không,Có,Không,Ví điện tử (Momo/ZaloPay),Giao hàng nhanh,Tại cửa hàng,30,Hàng quý,79.0,125616000.0,122199245.0,8248590.0,0,1,Khách hàng VIP (giá trị cao nhất),0.35464695765059456
996,48,Nữ,Bình Dương,Miền Nam,Dây chuyền,Vàng 18K,18,4.15,0,Lễ/Tết,6776000.0,23385000.0,4.1,Không,Không,Không,Ví điện tử (Momo/ZaloPay),Nhận tại cửa hàng,Online,19,Hàng quý,91.0,25749000.0,25342166.0,1412880.0,0,3,Khách hàng trung thành,0.49778614352398376
997,43,Nữ,Đồng Nai,Miền Nam,Dây chuyền,Vàng 18K,18,8.6,1,Tự mua sắm,16949000.0,6850000.0,4.8,Có,Không,Có,Thẻ tín dụng,Giao hàng tiêu chuẩn,Online,25,Hàng tháng,30.0,84745000.0,105058376.0,16194906.0,0,3,Khách hàng trung thành,0.15157748962080872
998,35,Nữ,Quảng Ninh,Miền Bắc,Nhẫn,Bạch kim,20,5.21,0,Cưới hỏi,10263000.0,21792000.0,4.9,Có,Không,Không,Ví điện tử (Momo/ZaloPay),Nhận tại cửa hàng,Tại cửa hàng,2,Hàng tuần,6.0,4105000.0,5117293.0,27009430.0,0,0,Khách hàng phổ thông / mới,0.33608324597592587
999,64,Nữ,Bình Định,Miền Trung,Dây chuyền,Vàng 18K,18,12.7,0,Sinh nhật,19025000.0,33450000.0,3.1,Có,Có,Không,Tiền mặt,Nhận tại cửa hàng,Online,28,Nửa năm một lần,189.0,106540000.0,119580496.0,2475389.0,1,1,Khách hàng VIP (giá trị cao nhất),0.5363037235118457
1000,42,Nữ,Cần Thơ,Miền Nam,Vòng tay,Bạc,5,17.69,0,Quà tặng gia đình,1365000.0,25052000.0,3.0,Có,Không,Không,Tiền mặt,Giao hàng tiêu chuẩn,Tại cửa hàng,22,Nửa năm một lần,183.0,6006000.0,6699693.0,212448.0,1,3,Khách hàng trung thành,0.6577026348146804
1001,56,Nữ,Quảng Ninh,Miền Bắc,Bông tai,Bạc,5,2.19,0,Lễ/Tết,300000.0,28148000.0,4.2,Không,Có,Không,Thẻ tín dụng,Giao hàng tiêu chuẩn,Online,27,Hàng năm,326.0,1620000.0,1603638.0,36541.0,0,2,Khách hàng có nguy cơ rời bỏ,0.28051216829459474
1002,53,Nữ,Nam Định,Miền Bắc,Bông tai,Vàng 24K,24,2.37,0,Quà tặng người yêu,4972000.0,16460000.0,3.7,Không,Có,Không,Ví điện tử (Momo/ZaloPay),Nhận tại cửa hàng,Tại cửa hàng,30,Hàng tuần,7.0,29832000.0,28680485.0,16636586.0,0,3,Khách hàng trung thành,0.4034293284727189
1003,44,Nam,Hà Nội,Miền Bắc,Nhẫn,Vàng 18K,18,5.95,0,Tự mua sắm,9701000.0,20158000.0,4.4,Không,Không,Không,Chuyển khoản ngân hàng,Nhận tại cửa hàng,Online,26,Hàng tháng,30.0,50445000.0,50510578.0,8703619.0,0,3,Khách hàng trung thành,0.6292609076909838
1004,60,Nữ,Khánh Hòa,Miền Trung,Nhẫn,Vàng 18K,18,7.09,0,Quà tặng người yêu,10240000.0,25552000.0,4.6,Không,Có,Không,Chuyển khoản ngân hàng,Giao hàng tiêu chuẩn,Tại cửa hàng,13,Nửa năm một lần,204.0,26624000.0,26962125.0,1661086.0,1,0,Khách hàng phổ thông / mới,0.4170253590477641
1005,24,Nam,Thái Nguyên,Miền Bắc,Dây chuyền,Vàng 24K,24,5.02,0,Quà tặng người yêu,10114000.0,22541000.0,2.5,Không,Có,Có,Chuyển khoản ngân hàng,Giao hàng tiêu chuẩn,Online,26,Hàng quý,91.0,52593000.0,46965549.0,4174139.0,0,3,Khách hàng trung thành,0.3310491477554108
1006,62,Nam,TP. Hồ Chí Minh,Miền Nam,Nhẫn,Bạc,5,6.2,0,Lễ/Tết,300000.0,27251000.0,4.7,Không,Không,Có,Thẻ tín dụng,Nhận tại cửa hàng,Online,30,Hai tuần một lần,13.0,1800000.0,1833120.0,807531.0,0,3,Khách hàng trung thành,0.20829098496100934
1007,58,Nữ,Kiên Giang,Miền Nam,Dây chuyền,Vàng 24K,24,5.85,0,Lễ/Tết,11089000.0,13540000.0,3.2,Không,Có,Có,Ví điện tử (Momo/ZaloPay),Giao hàng tiêu chuẩn,Online,28,Hàng tháng,32.0,62098000.0,57931224.0,10507522.0,0,3,Khách hàng trung thành,0.2559558756850288
1008,42,Nữ,Nam Định,Miền Bắc,Trang sức bộ,Vàng đính đá quý,18,14.52,1,Quà tặng người yêu,26743000.0,14968000.0,4.9,Không,Có,Có,Ví điện tử (Momo/ZaloPay),Giao hàng nhanh,Online,20,Hai tuần một lần,14.0,106972000.0,110159766.0,50633174.0,0,1,Khách hàng VIP (giá trị cao nhất),0.19416523081931947
1009,53,Nam,TP. Hồ Chí Minh,Miền Nam,Nhẫn,Vàng 18K,18,3.69,0,Lễ/Tết,5684000.0,12123000.0,3.6,Không,Không,Không,Thẻ tín dụng,Nhận tại cửa hàng,Online,29,Hàng năm,402.0,32967000.0,31506562.0,477490.0,1,2,Khách hàng có nguy cơ rời bỏ,0.5600797836712854
1010,42,Nam,Nam Định,Miền Bắc,Dây chuyền,Vàng 18K,18,12.54,0,Tự mua sắm,19715000.0,22331000.0,4.6,Không,Không,Có,Chuyển khoản ngân hàng,Giao hàng tiêu chuẩn,Online,18,Hàng năm,360.0,70974000.0,71875370.0,1759280.0,1,2,Khách hàng có nguy cơ rời bỏ,0.469290663072995
1011,30,Nam,Hà Nội,Miền Bắc,Bông tai,Vàng đính đá quý,18,4.71,1,Tự mua sắm,13929000.0,18489000.0,3.0,Có,Không,Không,Chuyển khoản ngân hàng,Giao hàng tiêu chuẩn,Online,14,Nửa năm một lần,166.0,39001000.0,43505616.0,2922912.0,1,3,Khách hàng trung thành,0.5818922494184079
1012,56,Nữ,Bình Dương,Miền Nam,Vòng tay,Vàng 18K,18,12.18,0,Tự mua sắm,19135000.0,19998000.0,3.8,Không,Không,Không,Chuyển khoản ngân hàng,Nhận tại cửa hàng,Online,6,Hàng quý,90.0,22962000.0,22206550.0,7107574.0,0,0,Khách hàng phổ thông / mới,0.45623812771654654
1013,29,Nữ,Đà Nẵng,Miền Trung,Nhẫn,Bạc,5,6.14,0,Sinh nhật,496000.0,14975000.0,2.7,Không,Có,Không,Tiền mặt,Nhận tại cửa hàng,Online,14,Nửa năm một lần,160.0,1389000.0,1256212.0,110570.0,1,0,Khách hàng phổ thông / mới,0.664952964122115
1014,33,Nam,Kiên Giang,Miền Nam,Nhẫn,Bạc,5,4.14,0,Quà tặng gia đình,410000.0,14076000.0,4.3,Không,Có,Có,Tiền mặt,Giao hàng nhanh,Online,29,Nửa năm một lần,176.0,2378000.0,2367537.0,63153.0,1,3,Khách hàng trung thành,0.19547365595780455
1015,42,Nam,Bình Định,Miền Trung,Trang sức bộ,Vàng đính đá quý,18,15.26,1,Quà tặng người yêu,25843000.0,20533000.0,3.8,Không,Có,Có,Ví điện tử (Momo/ZaloPay),Giao hàng tiêu chuẩn,Online,4,Nửa năm một lần,186.0,20674000.0,19993825.0,5156641.0,0,0,Khách hàng phổ thông / mới,0.16356357197519242
1016,58,Nữ,Quảng Ninh,Miền Bắc,Nhẫn,Vàng 24K,24,6.98,0,Sinh nhật,12964000.0,29232000.0,4.6,Không,Có,Có,Tiền mặt,Giao hàng tiêu chuẩn,Online,26,Hàng quý,93.0,67413000.0,68269145.0,4330678.0,0,3,Khách hàng trung thành,0.19704569450294251
1017,36,Nữ,Đà Nẵng,Miền Trung,Bông tai,Vàng 24K,24,1.27,1,Cưới hỏi,4321000.0,31132000.0,4.2,Không,Có,Không,Chuyển khoản ngân hàng,Nhận tại cửa hàng,Online,20,Hàng năm,351.0,17284000.0,17109432.0,507273.0,0,2,Khách hàng có nguy cơ rời bỏ,0.3470179950908887
1018,41,Nữ,Thái Nguyên,Miền Bắc,Bông tai,Vàng đính đá quý,18,5.51,1,Lễ/Tết,11312000.0,31456000.0,2.8,Có,Không,Có,Ví điện tử (Momo/ZaloPay),Nhận tại cửa hàng,Online,4,Hàng tháng,27.0,9050000.0,9970385.0,11009670.0,0,0,Khách hàng phổ thông / mới,0.288875000426617
1019,19,Nữ,Bà Rịa - Vũng Tàu,Miền Nam,Dây chuyền,Vàng 24K,24,12.47,1,Quà tặng người yêu,26937000.0,15861000.0,5.0,Có,Có,Có,Chuyển khoản ngân hàng,Nhận tại cửa hàng,Online,7,Nửa năm một lần,172.0,37712000.0,47271992.0,6166412.0,0,0,Khách hàng phổ thông / mới,0.09162057934501355
1020,23,Nữ,TP. Hồ Chí Minh,Miền Nam,Bông tai,Bạc,5,4.62,0,Sinh nhật,443000.0,11099000.0,3.4,Không,Không,Có,Tiền mặt,Nhận tại cửa hàng,Tại cửa hàng,1,Hàng năm,366.0,89000.0,84043.0,37605.0,1,2,Khách hàng có nguy cơ rời bỏ,0.6872490522237706
1021,20,Nữ,Lào Cai,Miền Bắc,Nhẫn,Bạc,5,5.2,1,Tự mua sắm,4314000.0,25386000.0,4.1,Không,Có,Không,Ví điện tử (Momo/ZaloPay),Giao hàng nhanh,Online,23,Hàng năm,370.0,19844000.0,19530465.0,308770.0,0,2,Khách hàng có nguy cơ rời bỏ,0.3427104470689134
1022,21,Nữ,Khánh Hòa,Miền Trung,Dây chuyền,Bạc,5,12.72,0,Cưới hỏi,615000.0,28182000.0,3.2,Không,Có,Không,Tiền mặt,Giao hàng nhanh,Online,11,Hàng năm,402.0,1353000.0,1262214.0,41898.0,1,2,Khách hàng có nguy cơ rời bỏ,0.629349623917776
1023,59,Nam,TP. Hồ Chí Minh,Miền Nam,Dây chuyền,Bạch kim,20,3.34,0,Cưới hỏi,5737000.0,24463000.0,4.6,Có,Có,Không,Chuyển khoản ngân hàng,Giao hàng nhanh,Online,6,Hàng quý,78.0,6884000.0,8439096.0,2079304.0,0,0,Khách hàng phổ thông / mới,0.18522281022026207
1024,58,Nữ,Đồng Nai,Miền Nam,Trang sức bộ,Vàng đính đá quý,18,24.78,1,Cưới hỏi,47106000.0,21319000.0,3.4,Có,Không,Có,Thẻ tín dụng,Nhận tại cửa hàng,Online,5,Nửa năm một lần,184.0,47106000.0,53846869.0,8266718.0,1,0,Khách hàng phổ thông / mới,0.5507353899872618
1025,57,Nữ,Hà Nội,Miền Bắc,Nhẫn,Vàng 24K,24,3.2,0,Tự mua sắm,7075000.0,17032000.0,3.5,Có,Không,Có,Chuyển khoản ngân hàng,Giao hàng tiêu chuẩn,Tại cửa hàng,16,Hàng tháng,27.0,22640000.0,26036000.0,8600923.0,0,3,Khách hàng trung thành,0.173053286150603
1026,20,Nữ,Hà Nội,Miền Bắc,Nhẫn,Bạc,5,5.66,0,Cưới hỏi,646000.0,23439000.0,2.5,Không,Không,Không,Thẻ tín dụng,Giao hàng tiêu chuẩn,Online,11,Nửa năm một lần,203.0,1421000.0,1268953.0,85609.0,1,0,Khách hàng phổ thông / mới,0.70792920315618
1027,21,Nữ,Hải Phòng,Miền Bắc,Trang sức bộ,Bạc,5,26.87,0,Sinh nhật,1802000.0,23290000.0,3.9,Không,Không,Có,Chuyển khoản ngân hàng,Nhận tại cửa hàng,Online,28,Hàng tháng,32.0,10091000.0,9816525.0,1681969.0,0,3,Khách hàng trung thành,0.29510231843460805
1028,31,Nam,Nghệ An,Miền Trung,Nhẫn,Vàng 18K,18,2.9,0,Sinh nhật,4352000.0,21841000.0,3.1,Có,Có,Không,Thẻ tín dụng,Giao hàng tiêu chuẩn,Tại cửa hàng,29,Hàng quý,84.0,25242000.0,28331621.0,2153632.0,0,3,Khách hàng trung thành,0.217488597542029
1029,45,Nữ,Đà Nẵng,Miền Trung,Lắc chân,Vàng đính đá quý,18,4.39,1,Quà tặng gia đình,9580000.0,12955000.0,4.8,Không,Có,Không,Chuyển khoản ngân hàng,Giao hàng tiêu chuẩn,Online,7,Hàng năm,374.0,13412000.0,13735229.0,1007404.0,0,2,Khách hàng có nguy cơ rời bỏ,0.3556697655441176
1030,34,Nữ,Bắc Ninh,Miền Bắc,Bông tai,Vàng 18K,18,3.94,0,Tự mua sắm,6444000.0,13085000.0,4.5,Không,Không,Không,Ví điện tử (Momo/ZaloPay),Nhận tại cửa hàng,Online,26,Hàng năm,405.0,33509000.0,33743563.0,514822.0,1,2,Khách hàng có nguy cơ rời bỏ,0.5835626372361716
1031,41,Nam,Huế,Miền Trung,Vòng tay,Vàng 24K,24,19.11,0,Quà tặng người yêu,41529000.0,19803000.0,4.9,Không,Không,Không,Ví điện tử (Momo/ZaloPay),Giao hàng nhanh,Tại cửa hàng,2,Hàng quý,80.0,16612000.0,17107038.0,15679907.0,0,0,Khách hàng phổ thông / mới,0.39872852850860907
1032,26,Nữ,Đà Nẵng,Miền Trung,Bông tai,Vàng đính đá quý,18,4.32,1,Lễ/Tết,10371000.0,26853000.0,3.5,Có,Có,Không,Thẻ tín dụng,Giao hàng tiêu chuẩn,Online,14,Hàng tháng,28.0,29039000.0,33394850.0,11351863.0,0,0,Khách hàng phổ thông / mới,0.16331009184149456
1033,53,Nữ,Hải Phòng,Miền Bắc,Bông tai,Vàng đính đá quý,18,3.42,1,Lễ/Tết,7091000.0,27548000.0,4.2,Không,Có,Có,Ví điện tử (Momo/ZaloPay),Giao hàng nhanh,Online,18,Hàng quý,89.0,25528000.0,25270167.0,2654185.0,0,3,Khách hàng trung thành,0.14808602839215645
1034,33,Nữ,An Giang,Miền Nam,Nhẫn,Vàng 24K,24,7.58,0,Tự mua sắm,16400000.0,17186000.0,3.6,Không,Không,Có,Ví điện tử (Momo/ZaloPay),Giao hàng nhanh,Online,9,Hàng tháng,28.0,29520000.0,28212264.0,14336482.0,0,0,Khách hàng phổ thông / mới,0.3908099228165742
1035,21,Nữ,Gia Lai,Miền Trung,Trang sức bộ,Bạch kim,20,30.47,0,Sinh nhật,53174000.0,6472000.0,4.8,Có,Có,Có,Chuyển khoản ngân hàng,Giao hàng nhanh,Tại cửa hàng,20,Hai tuần một lần,12.0,212696000.0,263679231.0,126776417.0,0,1,Khách hàng VIP (giá trị cao nhất),0.09491596981881117
1036,53,Nữ,Nghệ An,Miền Trung,Trang sức bộ,Vàng 24K,24,28.32,0,Quà tặng người yêu,61874000.0,30527000.0,3.3,Có,Không,Có,Chuyển khoản ngân hàng,Nhận tại cửa hàng,Online,18,Hàng năm,331.0,222746000.0,253084005.0,3923605.0,1,1,Khách hàng VIP (giá trị cao nhất),0.27381263951837936
1037,61,Nữ,Khánh Hòa,Miền Trung,Lắc chân,Vàng 24K,24,6.94,0,Tự mua sắm,14131000.0,30346000.0,3.3,Không,Có,Không,Tiền mặt,Nhận tại cửa hàng,Online,29,Hàng quý,85.0,81960000.0,76927656.0,5345808.0,0,3,Khách hàng trung thành,0.4010154096592535
1038,18,Nam,Vĩnh Phúc,Miền Bắc,Bông tai,Vàng 18K,18,3.46,0,Sinh nhật,5531000.0,19947000.0,3.4,Không,Không,Không,Chuyển khoản ngân hàng,Nhận tại cửa hàng,Online,29,Hai tuần một lần,15.0,32080000.0,30293144.0,12350671.0,0,3,Khách hàng trung thành,0.6572792664917145
1039,38,Nữ,Long An,Miền Nam,Vòng tay,Vàng đính đá quý,18,8.97,1,Cưới hỏi,20721000.0,17270000.0,3.7,Không,Không,Không,Tiền mặt,Giao hàng nhanh,Online,25,Nửa năm một lần,208.0,103605000.0,99605847.0,2728676.0,1,1,Khách hàng VIP (giá trị cao nhất),0.615358757848334
1040,57,Nam,Đắk Lắk,Miền Trung,Vòng tay,Vàng 24K,24,17.25,0,Quà tặng người yêu,37272000.0,19270000.0,4.7,Không,Không,Không,Tiền mặt,Giao hàng nhanh,Online,24,Hai tuần một lần,13.0,178906000.0,182197870.0,110381110.0,0,1,Khách hàng VIP (giá trị cao nhất),0.4799450199069677
1041,51,Nữ,Quảng Nam,Miền Trung,Nhẫn,Vàng 24K,24,3.35,0,Cưới hỏi,6911000.0,27578000.0,3.0,Có,Có,Không,Ví điện tử (Momo/ZaloPay),Giao hàng tiêu chuẩn,Online,11,Hàng quý,98.0,15204000.0,16960062.0,1648828.0,0,0,Khách hàng phổ thông / mới,0.3474968157381066
1042,59,Nữ,An Giang,Miền Nam,Vòng tay,Bạc,5,15.56,0,Tự mua sắm,334000.0,25298000.0,4.1,Không,Không,Không,Thẻ tín dụng,Giao hàng nhanh,Online,27,Hàng tháng,30.0,1804000.0,1775497.0,245962.0,0,3,Khách hàng trung thành,0.49898570516146135
1043,37,Nữ,Long An,Miền Nam,Bông tai,Vàng 18K,18,5.37,0,Quà tặng người yêu,8827000.0,17224000.0,3.3,Không,Không,Có,Chuyển khoản ngân hàng,Nhận tại cửa hàng,Online,11,Hàng tháng,27.0,19419000.0,18226673.0,10204025.0,0,0,Khách hàng phổ thông / mới,0.4686026897694062
1044,35,Nam,Cần Thơ,Miền Nam,Bông tai,Vàng 24K,24,3.76,1,Tự mua sắm,11046000.0,35511000.0,2.7,Không,Có,Có,Ví điện tử (Momo/ZaloPay),Nhận tại cửa hàng,Online,23,Hàng quý,93.0,50812000.0,45954373.0,4234814.0,0,3,Khách hàng trung thành,0.38040424588804667
1045,52,Nam,Nam Định,Miền Bắc,Dây chuyền,Vàng 18K,18,4.88,0,Lễ/Tết,7970000.0,10410000.0,4.9,Có,Không,Không,Chuyển khoản ngân hàng,Giao hàng tiêu chuẩn,Online,15,Nửa năm một lần,176.0,23910000.0,29806206.0,1770300.0,1,3,Khách hàng trung thành,0.44899005972769335
1046,25,Nữ,Quảng Ninh,Miền Bắc,Vòng tay,Bạch kim,20,5.37,0,Cưới hỏi,9373000.0,15289000.0,4.5,Không,Có,Có,Ví điện tử (Momo/ZaloPay),Nhận tại cửa hàng,Tại cửa hàng,16,Hàng quý,85.0,29994000.0,30203958.0,3034870.0,0,3,Khách hàng trung thành,0.16736293813486317
1047,29,Nam,TP. Hồ Chí Minh,Miền Nam,Bông tai,Bạc,5,4.37,0,Quà tặng người yêu,406000.0,15685000.0,4.9,Không,Không,Có,Ví điện tử (Momo/ZaloPay),Giao hàng nhanh,Online,25,Hàng năm,351.0,2030000.0,2090494.0,41438.0,0,2,Khách hàng có nguy cơ rời bỏ,0.2865835065956547
1048,46,Nam,Đà Nẵng,Miền Trung,Dây chuyền,Bạch kim,20,5.7,0,Quà tặng người yêu,10956000.0,21502000.0,3.5,Có,Không,Không,Thẻ tín dụng,Giao hàng tiêu chuẩn,Online,5,Hàng năm,366.0,10956000.0,12599400.0,891808.0,1,2,Khách hàng có nguy cơ rời bỏ,0.5421001222292815
1049,50,Nữ,TP. Hồ Chí Minh,Miền Nam,Trang sức bộ,Vàng 24K,24,10.98,0,Cưới hỏi,24434000.0,28927000.0,4.4,Không,Không,Có,Ví điện tử (Momo/ZaloPay),Nhận tại cửa hàng,Online,26,Hàng năm,365.0,127057000.0,127222174.0,1945871.0,0,1,Khách hàng VIP (giá trị cao nhất),0.29944980848262154
1050,23,Nữ,Bình Dương,Miền Nam,Bông tai,Vàng 18K,18,2.72,0,Lễ/Tết,4320000.0,25181000.0,4.1,Không,Không,Không,Ví điện tử (Momo/ZaloPay),Giao hàng nhanh,Online,25,Hàng năm,354.0,21600000.0,21258720.0,424333.0,0,2,Khách hàng có nguy cơ rời bỏ,0.46846552110398043
1051,42,Nữ,Vĩnh Phúc,Miền Bắc,Nhẫn,Bạch kim,20,5.28,0,Tự mua sắm,8803000.0,21407000.0,4.0,Không,Có,Có,Thẻ tín dụng,Giao hàng nhanh,Online,15,Hàng năm,322.0,26409000.0,25841206.0,916456.0,0,2,Khách hàng có nguy cơ rời bỏ,0.2150259928254655
1052,35,Nữ,Hưng Yên,Miền Bắc,Nhẫn,Vàng 18K,18,5.08,1,Lễ/Tết,13749000.0,10810000.0,2.6,Có,Không,Không,Ví điện tử (Momo/ZaloPay),Giao hàng tiêu chuẩn,Online,20,Hàng năm,367.0,54996000.0,59830148.0,804990.0,1,2,Khách hàng có nguy cơ rời bỏ,0.5875156050121424
1053,42,Nữ,Quảng Nam,Miền Trung,Bông tai,Vàng 24K,24,1.84,0,Quà tặng gia đình,4058000.0,27206000.0,2.7,Có,Không,Không,Tiền mặt,Giao hàng tiêu chuẩn,Online,8,Hàng tháng,34.0,6493000.0,7108536.0,4532227.0,0,0,Khách hàng phổ thông / mới,0.5335047577109459
1054,64,Nữ,Hưng Yên,Miền Bắc,Dây chuyền,Vàng 18K,18,10.25,0,Quà tặng người yêu,15191000.0,13893000.0,3.0,Không,Có,Có,Tiền mặt,Giao hàng tiêu chuẩn,Online,24,Hàng tháng,29.0,72917000.0,67193016.0,19618649.0,0,3,Khách hàng trung thành,0.25796116201222424
1055,21,Nữ,TP. Hồ Chí Minh,Miền Nam,Lắc chân,Vàng 18K,18,6.7,1,Tự mua sắm,13241000.0,16447000.0,4.4,Không,Không,Có,Chuyển khoản ngân hàng,Giao hàng tiêu chuẩn,Online,4,Nửa năm một lần,184.0,10593000.0,10606771.0,1915768.0,1,0,Khách hàng phổ thông / mới,0.41570685898067516
1056,65,Nữ,TP. Hồ Chí Minh,Miền Nam,Nhẫn,Vàng 24K,24,4.6,0,Sinh nhật,9255000.0,21371000.0,4.5,Có,Có,Không,Chuyển khoản ngân hàng,Giao hàng tiêu chuẩn,Online,23,Hàng năm,380.0,42573000.0,51896487.0,782713.0,0,2,Khách hàng có nguy cơ rời bỏ,0.11680067683213347
1057,39,Nữ,Đà Nẵng,Miền Trung,Nhẫn,Vàng đính đá quý,18,7.18,1,Sinh nhật,12653000.0,14688000.0,4.1,Có,Có,Không,Chuyển khoản ngân hàng,Giao hàng nhanh,Online,21,Hàng năm,357.0,53143000.0,63314570.0,1157830.0,1,2,Khách hàng có nguy cơ rời bỏ,0.30929023144000467
1058,55,Nữ,TP. Hồ Chí Minh,Miền Nam,Dây chuyền,Vàng 18K,18,3.94,0,Cưới hỏi,6909000.0,15511000.0,3.0,Không,Không,Có,Ví điện tử (Momo/ZaloPay),Giao hàng nhanh,Tại cửa hàng,8,Nửa năm một lần,198.0,11054000.0,10186261.0,1095936.0,0,0,Khách hàng phổ thông / mới,0.46054244074373213
1059,38,Nữ,Khánh Hòa,Miền Trung,Bông tai,Bạc,5,3.64,1,Cưới hỏi,1951000.0,26488000.0,4.4,Không,Có,Không,Thẻ tín dụng,Nhận tại cửa hàng,Online,25,Hàng năm,314.0,9755000.0,9767682.0,167937.0,0,2,Khách hàng có nguy cơ rời bỏ,0.3707570744870922
1060,32,Nữ,TP. Hồ Chí Minh,Miền Nam,Trang sức bộ,Vàng 24K,24,14.34,1,Tự mua sắm,33628000.0,30099000.0,2.8,Có,Có,Có,Ví điện tử (Momo/ZaloPay),Nhận tại cửa hàng,Online,9,Nửa năm một lần,161.0,60530000.0,66685901.0,5508566.0,0,0,Khách hàng phổ thông / mới,0.15155007706581308
1061,54,Nữ,Nam Định,Miền Bắc,Lắc chân,Bạc,5,4.64,0,Tự mua sắm,661000.0,20722000.0,4.7,Không,Có,Có,Ví điện tử (Momo/ZaloPay),Giao hàng nhanh,Online,17,Nửa năm một lần,156.0,2247000.0,2288345.0,126531.0,0,0,Khách hàng phổ thông / mới,0.14898795571619416
1062,51,Nữ,TP. Hồ Chí Minh,Miền Nam,Vòng tay,Bạc,5,14.16,0,Cưới hỏi,669000.0,8607000.0,3.5,Không,Không,Không,Tiền mặt,Nhận tại cửa hàng,Tại cửa hàng,26,Hai tuần một lần,16.0,3479000.0,3305050.0,1519163.0,0,3,Khách hàng trung thành,0.5269130207657597
1063,24,Nữ,TP. Hồ Chí Minh,Miền Nam,Lắc chân,Vàng đính đá quý,18,9.03,1,Quà tặng người yêu,19288000.0,21404000.0,4.3,Có,Có,Có,Thẻ tín dụng,Giao hàng nhanh,Tại cửa hàng,2,Hàng quý,79.0,7715000.0,9298118.0,8041250.0,0,0,Khách hàng phổ thông / mới,0.10500609872869912
1064,51,Nam,Hưng Yên,Miền Bắc,Nhẫn,Vàng 18K,18,5.44,0,Tự mua sắm,7840000.0,16187000.0,2.9,Có,Có,Không,Tiền mặt,Giao hàng nhanh,Tại cửa hàng,13,Hàng tuần,8.0,20384000.0,22597702.0,21950967.0,0,0,Khách hàng phổ thông / mới,0.30617763774110857
1065,54,Nữ,Bình Định,Miền Trung,Vòng tay,Bạch kim,20,18.85,0,Tự mua sắm,30918000.0,23764000.0,3.3,Không,Có,Không,Chuyển khoản ngân hàng,Giao hàng tiêu chuẩn,Tại cửa hàng,19,Hai tuần một lần,12.0,117488000.0,110274237.0,88031721.0,0,1,Khách hàng VIP (giá trị cao nhất),0.4216664077883196
1066,36,Nam,Long An,Miền Nam,Trang sức bộ,Vàng 18K,18,29.87,0,Sinh nhật,41628000.0,22228000.0,3.7,Không,Có,Không,Thẻ tín dụng,Giao hàng nhanh,Tại cửa hàng,6,Hàng quý,88.0,49954000.0,48025776.0,6914917.0,0,0,Khách hàng phổ thông / mới,0.38011445494527135
1067,62,Nữ,Hải Dương,Miền Bắc,Dây chuyền,Bạc,5,5.38,0,Quà tặng người yêu,568000.0,8549000.0,3.7,Không,Có,Có,Thẻ tín dụng,Giao hàng tiêu chuẩn,Tại cửa hàng,16,Hai tuần một lần,14.0,1818000.0,1747825.0,1468821.0,0,0,Khách hàng phổ thông / mới,0.21038236632605087
1068,48,Nữ,TP. Hồ Chí Minh,Miền Nam,Trang sức bộ,Vàng đính đá quý,18,25.9,1,Cưới hỏi,52585000.0,18147000.0,2.7,Không,Không,Không,Thẻ tín dụng,Giao hàng tiêu chuẩn,Online,20,Hàng năm,397.0,210340000.0,190231496.0,2729326.0,1,1,Khách hàng VIP (giá trị cao nhất),0.7188270567359416
1069,34,Nữ,Kiên Giang,Miền Nam,Nhẫn,Bạc,5,5.53,0,Tự mua sắm,680000.0,24355000.0,3.9,Không,Không,Không,Thẻ tín dụng,Nhận tại cửa hàng,Tại cửa hàng,27,Hàng quý,81.0,3672000.0,3572122.0,235421.0,0,3,Khách hàng trung thành,0.5903468168694413
1070,18,Nam,Bà Rịa - Vũng Tàu,Miền Nam,Nhẫn,Bạc,5,5.7,0,Tự mua sắm,557000.0,18428000.0,2.7,Không,Không,Có,Tiền mặt,Giao hàng tiêu chuẩn,Online,9,Nửa năm một lần,190.0,1003000.0,907113.0,70222.0,1,0,Khách hàng phổ thông / mới,0.7093392557544863
1071,50,Nữ,Huế,Miền Trung,Vòng tay,Vàng đính đá quý,18,11.44,1,Quà tặng người yêu,24833000.0,13325000.0,4.8,Không,Không,Có,Tiền mặt,Giao hàng nhanh,Tại cửa hàng,25,Hàng tháng,33.0,124165000.0,127157377.0,17314410.0,0,1,Khách hàng VIP (giá trị cao nhất),0.3082058122717637
1072,28,Nữ,Gia Lai,Miền Trung,Trang sức bộ,Vàng đính đá quý,18,33.69,1,Sinh nhật,58320000.0,24274000.0,3.6,Không,Có,Không,Chuyển khoản ngân hàng,Giao hàng tiêu chuẩn,Online,20,Hàng năm,414.0,233280000.0,222945696.0,5109123.0,1,1,Khách hàng VIP (giá trị cao nhất),0.6693791048477539
1073,54,Nam,Tây Ninh,Miền Nam,Dây chuyền,Vàng 24K,24,8.56,0,Sinh nhật,17270000.0,9582000.0,3.6,Không,Có,Không,Ví điện tử (Momo/ZaloPay),Giao hàng nhanh,Tại cửa hàng,16,Hàng quý,103.0,55264000.0,52815805.0,4606632.0,0,3,Khách hàng trung thành,0.4589903986885612
1074,43,Nam,Đắk Lắk,Miền Trung,Lắc chân,Vàng 24K,24,10.1,0,Tự mua sắm,21593000.0,22218000.0,3.9,Có,Không,Có,Chuyển khoản ngân hàng,Nhận tại cửa hàng,Online,18,Hàng quý,102.0,77735000.0,91540736.0,6746991.0,0,3,Khách hàng trung thành,0.12854757822605567
1075,40,Nam,Hải Phòng,Miền Bắc,Nhẫn,Bạc,5,4.63,0,Quà tặng người yêu,300000.0,16627000.0,4.5,Không,Có,Không,Ví điện tử (Momo/ZaloPay),Giao hàng nhanh,Online,30,Nửa năm một lần,174.0,1800000.0,1812600.0,51287.0,0,3,Khách hàng trung thành,0.2925227422663523
1076,25,Nam,Hà Nội,Miền Bắc,Bông tai,Vàng đính đá quý,18,4.94,1,Tự mua sắm,11528000.0,22538000.0,2.7,Không,Không,Không,Tiền mặt,Giao hàng tiêu chuẩn,Tại cửa hàng,20,Hàng quý,82.0,46112000.0,41703693.0,4579712.0,1,3,Khách hàng trung thành,0.7175531599833445
1077,52,Nam,Đồng Nai,Miền Nam,Vòng tay,Vàng 18K,18,10.93,0,Quà tặng gia đình,15103000.0,19523000.0,4.3,Không,Có,Có,Ví điện tử (Momo/ZaloPay),Giao hàng tiêu chuẩn,Online,13,Nửa năm một lần,178.0,39268000.0,39095221.0,2580648.0,0,0,Khách hàng phổ thông / mới,0.1663138920974393
1078,25,Nữ,Huế,Miền Trung,Nhẫn,Vàng 18K,18,4.81,1,Cưới hỏi,6737000.0,22903000.0,4.8,Có,Không,Có,Chuyển khoản ngân hàng,Nhận tại cửa hàng,Tại cửa hàng,30,Nửa năm một lần,166.0,40422000.0,50111153.0,936355.0,0,3,Khách hàng trung thành,0.17044070653628854
1079,38,Nữ,Hải Dương,Miền Bắc,Bông tai,Bạc,5,3.5,0,Cưới hỏi,417000.0,29808000.0,3.6,Không,Có,Có,Chuyển khoản ngân hàng,Giao hàng tiêu chuẩn,Online,21,Hàng năm,412.0,1751000.0,1673431.0,35809.0,1,2,Khách hàng có nguy cơ rời bỏ,0.3847379270364219
1080,58,Nam,Thanh Hóa,Miền Trung,Bông tai,Vàng 24K,24,3.74,0,Quà tặng người yêu,8175000.0,26340000.0,2.5,Không,Không,Không,Tiền mặt,Giao hàng tiêu chuẩn,Online,9,Hàng tháng,30.0,14715000.0,13140495.0,7448437.0,0,0,Khách hàng phổ thông / mới,0.6898553841899555
1081,62,Nam,Bình Dương,Miền Nam,Vòng tay,Vàng 24K,24,6.73,0,Quà tặng người yêu,14783000.0,26453000.0,3.1,Có,Không,Không,Chuyển khoản ngân hàng,Nhận tại cửa hàng,Tại cửa hàng,19,Hàng năm,344.0,56175000.0,63050820.0,927997.0,1,2,Khách hàng có nguy cơ rời bỏ,0.5306945562836155
1082,65,Nam,Đà Nẵng,Miền Trung,Nhẫn,Vàng 24K,24,5.82,1,Quà tặng gia đình,12405000.0,25980000.0,4.9,Không,Có,Có,Thẻ tín dụng,Giao hàng nhanh,Online,30,Hàng quý,101.0,74430000.0,76648014.0,3400711.0,0,3,Khách hàng trung thành,0.1282005919334165
1083,63,Nữ,Bà Rịa - Vũng Tàu,Miền Nam,Nhẫn,Vàng 24K,24,7.05,0,Quà tặng gia đình,14367000.0,9763000.0,2.8,Không,Có,Không,Ví điện tử (Momo/ZaloPay),Nhận tại cửa hàng,Online,21,Hàng tháng,28.0,60341000.0,54916344.0,19551487.0,0,3,Khách hàng trung thành,0.5238635767570261
1084,44,Nữ,TP. Hồ Chí Minh,Miền Nam,Trang sức bộ,Bạc,5,31.71,0,Quà tặng người yêu,1825000.0,21204000.0,2.5,Không,Có,Không,Ví điện tử (Momo/ZaloPay),Nhận tại cửa hàng,Online,23,Hàng tháng,30.0,8395000.0,7496735.0,2104298.0,0,3,Khách hàng trung thành,0.5417375086720382
1085,27,Nữ,Tây Ninh,Miền Nam,Bông tai,Vàng 18K,18,2.88,0,Quà tặng gia đình,3918000.0,21508000.0,4.8,Không,Có,Không,Ví điện tử (Momo/ZaloPay),Giao hàng nhanh,Tại cửa hàng,20,Hàng quý,89.0,15672000.0,16049695.0,1237792.0,0,3,Khách hàng trung thành,0.3827843893458196
1086,58,Nam,Bà Rịa - Vũng Tàu,Miền Nam,Lắc chân,Vàng 24K,24,6.69,0,Quà tặng người yêu,15017000.0,25350000.0,4.7,Không,Không,Có,Ví điện tử (Momo/ZaloPay),Nhận tại cửa hàng,Online,26,Hàng tháng,33.0,78088000.0,79524819.0,12793578.0,0,3,Khách hàng trung thành,0.30019200165845605
1087,56,Nam,Hải Dương,Miền Bắc,Bông tai,Bạc,5,5.29,0,Tự mua sắm,300000.0,20768000.0,3.7,Có,Không,Có,Chuyển khoản ngân hàng,Giao hàng tiêu chuẩn,Online,3,Hàng năm,363.0,180000.0,209484.0,23358.0,0,2,Khách hàng có nguy cơ rời bỏ,0.1545840738403521
1088,65,Nữ,TP. Hồ Chí Minh,Miền Nam,Lắc chân,Vàng 18K,18,11.98,0,Tự mua sắm,18651000.0,26909000.0,2.5,Không,Không,Không,Tiền mặt,Giao hàng tiêu chuẩn,Online,25,Nửa năm một lần,174.0,93255000.0,83276715.0,4417762.0,1,3,Khách hàng trung thành,0.7378726400224217
1089,49,Nam,Hà Nội,Miền Bắc,Nhẫn,Vàng 18K,18,1.84,0,Cưới hỏi,3387000.0,14228000.0,4.0,Không,Không,Có,Thẻ tín dụng,Giao hàng tiêu chuẩn,Online,28,Hàng năm,324.0,18967000.0,18559210.0,335171.0,1,2,Khách hàng có nguy cơ rời bỏ,0.5177396572253374
1090,24,Nam,Tây Ninh,Miền Nam,Vòng tay,Vàng 18K,18,5.93,0,Sinh nhật,9221000.0,33390000.0,4.5,Có,Không,Có,Ví điện tử (Momo/ZaloPay),Nhận tại cửa hàng,Online,1,Hai tuần một lần,14.0,1844000.0,2247836.0,21288803.0,0,0,Khách hàng phổ thông / mới,0.15793552535914715
1091,42,Nam,Hải Dương,Miền Bắc,Bông tai,Vàng 24K,24,1.27,0,Tự mua sắm,3060000.0,24428000.0,3.2,Không,Có,Không,Chuyển khoản ngân hàng,Giao hàng nhanh,Tại cửa hàng,24,Nửa năm một lần,191.0,14688000.0,13702435.0,569761.0,1,3,Khách hàng trung thành,0.6214074482569404
1092,39,Nữ,TP. Hồ Chí Minh,Miền Nam,Nhẫn,Bạc,5,4.51,0,Quà tặng người yêu,300000.0,13898000.0,2.9,Không,Không,Không,Ví điện tử (Momo/ZaloPay),Giao hàng tiêu chuẩn,Online,16,Hai tuần một lần,13.0,960000.0,879168.0,722064.0,0,0,Khách hàng phổ thông / mới,0.5659645306959739
1093,58,Nữ,Long An,Miền Nam,Nhẫn,Vàng 24K,24,6.6,0,Quà tặng gia đình,14560000.0,30968000.0,4.8,Không,Không,Không,Ví điện tử (Momo/ZaloPay),Giao hàng tiêu chuẩn,Tại cửa hàng,12,Hàng quý,94.0,34944000.0,35786150.0,4430139.0,0,0,Khách hàng phổ thông / mới,0.5156509995229719
1094,36,Nữ,Quảng Ninh,Miền Bắc,Bông tai,Vàng 24K,24,1.47,0,Quà tặng người yêu,2869000.0,12348000.0,4.4,Không,Có,Không,Chuyển khoản ngân hàng,Nhận tại cửa hàng,Tại cửa hàng,4,Hàng quý,89.0,2295000.0,2297984.0,932899.0,0,0,Khách hàng phổ thông / mới,0.29848661057220766
1095,33,Nữ,Long An,Miền Nam,Lắc chân,Vàng 24K,24,9.2,0,Quà tặng người yêu,20183000.0,20046000.0,3.6,Không,Không,Không,Tiền mặt,Nhận tại cửa hàng,Tại cửa hàng,10,Nửa năm một lần,157.0,40366000.0,38577786.0,3806919.0,1,0,Khách hàng phổ thông / mới,0.5984246094597158
1096,21,Nam,Hà Nội,Miền Bắc,Bông tai,Vàng 18K,18,1.86,1,Quà tặng gia đình,8425000.0,20067000.0,4.8,Không,Không,Có,Ví điện tử (Momo/ZaloPay),Giao hàng tiêu chuẩn,Online,21,Nửa năm một lần,157.0,35385000.0,36237778.0,1599086.0,0,3,Khách hàng trung thành,0.40040756143791423
1097,58,Nữ,Đà Nẵng,Miền Trung,Nhẫn,Vàng 24K,24,1.71,0,Sinh nhật,3404000.0,18611000.0,4.0,Không,Có,Không,Tiền mặt,Giao hàng nhanh,Tại cửa hàng,16,Hàng tháng,26.0,10893000.0,10658800.0,4442115.0,0,0,Khách hàng phổ thông / mới,0.38799365414151943
1098,54,Nam,Đà Nẵng,Miền Trung,Trang sức bộ,Vàng 18K,18,24.89,0,Sinh nhật,39379000.0,20385000.0,4.9,Không,Không,Có,Tiền mặt,Giao hàng nhanh,Online,2,Hàng tháng,29.0,15752000.0,16221410.0,41117797.0,0,0,Khách hàng phổ thông / mới,0.22141735856545183
1099,19,Nữ,Nghệ An,Miền Trung,Nhẫn,Vàng 18K,18,5.36,0,Cưới hỏi,7661000.0,19583000.0,2.8,Không,Có,Không,Tiền mặt,Giao hàng tiêu chuẩn,Online,10,Hàng quý,99.0,15322000.0,13944552.0,2627665.0,0,0,Khách hàng phổ thông / mới,0.46347480551393505
1100,38,Nữ,Đắk Lắk,Miền Trung,Nhẫn,Vàng 24K,24,3.34,0,Quà tặng người yêu,7042000.0,12767000.0,3.6,Không,Có,Không,Tiền mặt,Nhận tại cửa hàng,Online,1,Hàng tháng,28.0,1408000.0,1345626.0,7435379.0,0,0,Khách hàng phổ thông / mới,0.3491952765933563
1101,41,Nữ,An Giang,Miền Nam,Trang sức bộ,Vàng đính đá quý,18,18.06,1,Cưới hỏi,34404000.0,20389500.0,4.2,Không,Có,Không,Thẻ tín dụng,Nhận tại cửa hàng,Tại cửa hàng,11,Nửa năm một lần,189.0,75689000.0,74924541.0,5538249.0,0,3,Khách hàng trung thành,0.3685663653875022
1102,40,Nữ,Lào Cai,Miền Bắc,Bông tai,Vàng 18K,18,2.77,0,Sinh nhật,4414000.0,20421000.0,3.5,Không,Không,Không,Ví điện tử (Momo/ZaloPay),Nhận tại cửa hàng,Tại cửa hàng,28,Hàng quý,99.0,24718000.0,23482100.0,856482.0,0,3,Khách hàng trung thành,0.5388833192648688
1103,62,Nam,Đắk Lắk,Miền Trung,Trang sức bộ,Vàng 24K,24,33.23,0,Sinh nhật,66900000.0,35327000.0,3.4,Không,Có,Có,Ví điện tử (Momo/ZaloPay),Nhận tại cửa hàng,Online,23,Hàng năm,372.0,307740000.0,290598882.0,6285034.0,1,1,Khách hàng VIP (giá trị cao nhất),0.2890302077629131
1104,25,Nữ,Bà Rịa - Vũng Tàu,Miền Nam,Lắc chân,Bạc,5,10.8,0,Sinh nhật,585000.0,29887000.0,4.2,Có,Có,Không,Thẻ tín dụng,Nhận tại cửa hàng,Tại cửa hàng,28,Hàng năm,411.0,3276000.0,3925631.0,45364.0,0,2,Khách hàng có nguy cơ rời bỏ,0.17334488737588818
1105,32,Nữ,Bình Dương,Miền Nam,Bông tai,Vàng 24K,24,3.64,1,Lễ/Tết,11774000.0,14788000.0,4.0,Có,Có,Có,Thẻ tín dụng,Giao hàng nhanh,Tại cửa hàng,5,Hàng quý,85.0,11774000.0,13946303.0,4902036.0,0,0,Khách hàng phổ thông / mới,0.07319834514663343
1106,26,Nữ,Hà Nội,Miền Bắc,Dây chuyền,Bạch kim,20,14.56,0,Quà tặng gia đình,24481000.0,18573000.0,3.2,Có,Có,Không,Thẻ tín dụng,Giao hàng tiêu chuẩn,Tại cửa hàng,19,Hàng năm,366.0,93028000.0,105056520.0,960526.0,0,2,Khách hàng có nguy cơ rời bỏ,0.20419846275008666
1107,29,Nữ,Tiền Giang,Miền Nam,Dây chuyền,Vàng 24K,24,9.98,0,Cưới hỏi,21849000.0,14884000.0,3.6,Không,Không,Có,Ví điện tử (Momo/ZaloPay),Giao hàng tiêu chuẩn,Tại cửa hàng,10,Nửa năm một lần,184.0,43698000.0,41762179.0,4901446.0,0,0,Khách hàng phổ thông / mới,0.35169436811969457
1108,61,Nam,Hà Nội,Miền Bắc,Trang sức bộ,Vàng 18K,18,12.54,0,Quà tặng gia đình,20546000.0,19875000.0,4.3,Không,Không,Có,Tiền mặt,Nhận tại cửa hàng,Online,14,Hàng tháng,27.0,57529000.0,57275872.0,22255287.0,0,3,Khách hàng trung thành,0.23824588905760757
1109,63,Nữ,Gia Lai,Miền Trung,Lắc chân,Vàng đính đá quý,18,7.38,1,Lễ/Tết,13496000.0,27796000.0,4.1,Không,Có,Có,Tiền mặt,Giao hàng nhanh,Online,30,Hàng năm,365.0,80976000.0,79696579.0,1330528.0,0,2,Khách hàng có nguy cơ rời bỏ,0.1365311990441071
1110,20,Nữ,Đắk Lắk,Miền Trung,Dây chuyền,Vàng 24K,24,13.73,0,Quà tặng gia đình,27870000.0,18482000.0,3.6,Không,Có,Không,Tiền mặt,Giao hàng tiêu chuẩn,Online,25,Hàng quý,94.0,139350000.0,133176795.0,7229747.0,0,1,Khách hàng VIP (giá trị cao nhất),0.4797607045154269
1111,48,Nữ,Đồng Nai,Miền Nam,Dây chuyền,Vàng 24K,24,10.95,0,Tự mua sắm,22567000.0,17387000.0,3.2,Có,Có,Không,Ví điện tử (Momo/ZaloPay),Nhận tại cửa hàng,Online,21,Nửa năm một lần,160.0,94781000.0,107036183.0,4698023.0,0,1,Khách hàng VIP (giá trị cao nhất),0.22124366923490593
1112,29,Nam,Bắc Ninh,Miền Bắc,Dây chuyền,Bạc,5,14.43,0,Quà tặng người yêu,1100000.0,23978000.0,2.8,Không,Không,Không,Tiền mặt,Giao hàng tiêu chuẩn,Tại cửa hàng,29,Nửa năm một lần,190.0,6380000.0,5806438.0,140751.0,1,3,Khách hàng trung thành,0.7614692873319656
1113,27,Nữ,Thái Nguyên,Miền Bắc,Dây chuyền,Vàng đính đá quý,18,9.37,1,Quà tặng người yêu,22774000.0,6063000.0,4.6,Có,Không,Có,Ví điện tử (Momo/ZaloPay),Giao hàng tiêu chuẩn,Online,15,Hàng năm,368.0,68322000.0,83755940.0,1648123.0,0,2,Khách hàng có nguy cơ rời bỏ,0.13672889505744848
1114,32,Nữ,Bình Dương,Miền Nam,Lắc chân,Vàng 18K,18,7.29,0,Quà tặng gia đình,16783000.0,17215000.0,4.6,Không,Có,Không,Tiền mặt,Giao hàng tiêu chuẩn,Online,2,Nửa năm một lần,175.0,6713000.0,6798255.0,3868316.0,1,0,Khách hàng phổ thông / mới,0.4678579656261007
1115,27,Nữ,Bắc Ninh,Miền Bắc,Nhẫn,Bạc,5,6.48,0,Sinh nhật,507000.0,29210000.0,4.0,Có,Có,Không,Chuyển khoản ngân hàng,Nhận tại cửa hàng,Online,28,Hàng năm,352.0,2839000.0,3362795.0,41727.0,0,2,Khách hàng có nguy cơ rời bỏ,0.19946220163320674
1116,41,Nam,Đà Nẵng,Miền Trung,Dây chuyền,Vàng 24K,24,12.87,0,Lễ/Tết,24669000.0,30383000.0,3.9,Có,Có,Có,Ví điện tử (Momo/ZaloPay),Giao hàng tiêu chuẩn,Online,4,Hàng quý,100.0,19735000.0,23239936.0,7690348.0,0,0,Khách hàng phổ thông / mới,0.053963249674159525
1117,65,Nam,TP. Hồ Chí Minh,Miền Nam,Trang sức bộ,Bạc,5,34.79,0,Tự mua sắm,2037000.0,31037000.0,2.8,Có,Không,Không,Tiền mặt,Nhận tại cửa hàng,Online,8,Hàng năm,416.0,3259000.0,3590440.0,169905.0,1,2,Khách hàng có nguy cơ rời bỏ,0.6333556848114698
1118,46,Nữ,TP. Hồ Chí Minh,Miền Nam,Vòng tay,Vàng 18K,18,9.53,0,Quà tặng người yêu,14007000.0,12141000.0,3.6,Không,Có,Không,Thẻ tín dụng,Giao hàng tiêu chuẩn,Tại cửa hàng,28,Nửa năm một lần,174.0,78439000.0,74964152.0,2630473.0,1,3,Khách hàng trung thành,0.5350645684359197
1119,52,Nam,Nam Định,Miền Bắc,Dây chuyền,Bạc,5,10.54,0,Sinh nhật,443000.0,12449000.0,3.7,Có,Không,Không,Chuyển khoản ngân hàng,Giao hàng tiêu chuẩn,Tại cửa hàng,27,Nửa năm một lần,180.0,2392000.0,2783810.0,75832.0,0,3,Khách hàng trung thành,0.28825213516140397
1120,41,Nữ,Vĩnh Phúc,Miền Bắc,Dây chuyền,Vàng 24K,24,6.08,0,Quà tặng gia đình,13336000.0,17004000.0,3.7,Không,Không,Có,Ví điện tử (Momo/ZaloPay),Nhận tại cửa hàng,Tại cửa hàng,3,Hàng năm,363.0,8002000.0,7693123.0,1174552.0,1,2,Khách hàng có nguy cơ rời bỏ,0.5423252697293026
1121,18,Nữ,Kiên Giang,Miền Nam,Nhẫn,Bạc,5,7.05,0,Quà tặng người yêu,311000.0,19168000.0,3.1,Không,Có,Không,Ví điện tử (Momo/ZaloPay),Giao hàng tiêu chuẩn,Tại cửa hàng,26,Hàng tháng,31.0,1617000.0,1499282.0,431171.0,0,3,Khách hàng trung thành,0.40766531564833086
1122,22,Nam,Đà Nẵng,Miền Trung,Nhẫn,Vàng 18K,18,5.31,0,Tự mua sắm,7804000.0,14189000.0,2.8,Không,Có,Không,Tiền mặt,Giao hàng tiêu chuẩn,Tại cửa hàng,22,Hàng quý,83.0,34338000.0,31251014.0,2791468.0,0,3,Khách hàng trung thành,0.5783334973072067
1123,30,Nam,Hà Nội,Miền Bắc,Nhẫn,Bạc,5,2.64,0,Quà tặng gia đình,657000.0,8036000.0,4.8,Có,Không,Không,Ví điện tử (Momo/ZaloPay),Giao hàng tiêu chuẩn,Online,4,Hàng năm,349.0,526000.0,652082.0,58520.0,1,2,Khách hàng có nguy cơ rời bỏ,0.5396704778831415
1124,29,Nữ,Nam Định,Miền Bắc,Nhẫn,Bạch kim,20,4.24,0,Quà tặng người yêu,7608000.0,26235000.0,3.9,Không,Có,Không,Thẻ tín dụng,Giao hàng nhanh,Online,17,Hàng năm,326.0,25867000.0,25163418.0,832528.0,1,2,Khách hàng có nguy cơ rời bỏ,0.46754132807392695
1125,58,Nam,Lào Cai,Miền Bắc,Nhẫn,Vàng đính đá quý,18,2.68,1,Cưới hỏi,7199000.0,26808000.0,4.7,Có,Không,Có,Chuyển khoản ngân hàng,Giao hàng tiêu chuẩn,Online,8,Nửa năm một lần,155.0,11518000.0,14199390.0,1670625.0,0,0,Khách hàng phổ thông / mới,0.1399489600477225
1126,58,Nữ,Tây Ninh,Miền Nam,Dây chuyền,Vàng đính đá quý,18,8.5,1,Sinh nhật,16684000.0,17345000.0,4.2,Không,Không,Không,Ví điện tử (Momo/ZaloPay),Giao hàng tiêu chuẩn,Tại cửa hàng,16,Hàng quý,82.0,53389000.0,52849771.0,7408096.0,0,3,Khách hàng trung thành,0.5707796273401653
1127,58,Nữ,Vĩnh Phúc,Miền Bắc,Nhẫn,Vàng 18K,18,2.0,0,Lễ/Tết,3342000.0,26464000.0,4.6,Không,Có,Không,Ví điện tử (Momo/ZaloPay),Giao hàng nhanh,Online,6,Hàng tháng,26.0,4010000.0,4060927.0,4299501.0,0,0,Khách hàng phổ thông / mới,0.23671091997504107
1128,48,Nữ,Hà Nội,Miền Bắc,Trang sức bộ,Bạc,5,34.13,0,Sinh nhật,1972000.0,27484000.0,3.0,Không,Không,Có,Tiền mặt,Nhận tại cửa hàng,Online,3,Hàng quý,83.0,1183000.0,1090134.0,566125.0,1,0,Khách hàng phổ thông / mới,0.6790698329877799
1129,44,Nữ,Khánh Hòa,Miền Trung,Nhẫn,Vàng 24K,24,5.38,0,Quà tặng người yêu,11505000.0,6000000.0,2.8,Có,Có,Có,Thẻ tín dụng,Giao hàng tiêu chuẩn,Online,20,Hàng quý,86.0,46020000.0,50700234.0,5193374.0,0,3,Khách hàng trung thành,0.1505077812900223
1130,49,Nữ,Hà Nội,Miền Bắc,Dây chuyền,Vàng đính đá quý,18,14.89,1,Quà tặng người yêu,28636000.0,25444000.0,4.0,Không,Có,Không,Thẻ tín dụng,Giao hàng tiêu chuẩn,Tại cửa hàng,22,Hàng năm,317.0,125998000.0,123289043.0,2150838.0,1,1,Khách hàng VIP (giá trị cao nhất),0.5714781202809012
1131,37,Nữ,Hưng Yên,Miền Bắc,Lắc chân,Bạc,5,4.56,0,Cưới hỏi,300000.0,19794000.0,3.9,Không,Không,Có,Chuyển khoản ngân hàng,Giao hàng tiêu chuẩn,Online,6,Nửa năm một lần,207.0,360000.0,350208.0,45847.0,0,0,Khách hàng phổ thông / mới,0.39453239344433666
1132,50,Nam,Tây Ninh,Miền Nam,Nhẫn,Vàng 18K,18,4.0,0,Cưới hỏi,6590000.0,6000000.0,2.7,Có,Không,Không,Ví điện tử (Momo/ZaloPay),Giao hàng tiêu chuẩn,Online,19,Hàng quý,80.0,25042000.0,27415982.0,2135729.0,0,3,Khách hàng trung thành,0.40805874847927176
1133,56,Nữ,TP. Hồ Chí Minh,Miền Nam,Vòng tay,Vàng 18K,18,18.97,0,Quà tặng người yêu,26005000.0,28487000.0,4.0,Không,Có,Có,Thẻ tín dụng,Giao hàng tiêu chuẩn,Tại cửa hàng,15,Hàng quý,100.0,78015000.0,76337678.0,7711432.0,0,3,Khách hàng trung thành,0.19806976665276177
1134,54,Nữ,Hà Nội,Miền Bắc,Lắc chân,Bạch kim,20,9.23,0,Lễ/Tết,17400000.0,21796000.0,3.0,Không,Không,Không,Tiền mặt,Giao hàng nhanh,Tại cửa hàng,28,Hàng năm,388.0,97440000.0,89790960.0,1424976.0,1,1,Khách hàng VIP (giá trị cao nhất),0.7739671058544699
1135,47,Nữ,Đà Nẵng,Miền Trung,Vòng tay,Bạch kim,20,6.05,0,Quà tặng người yêu,10924000.0,9647000.0,2.8,Không,Có,Không,Tiền mặt,Giao hàng tiêu chuẩn,Online,17,Nửa năm một lần,197.0,37142000.0,33802934.0,1759780.0,1,3,Khách hàng trung thành,0.6351442629026173
1136,20,Nữ,Quảng Ninh,Miền Bắc,Nhẫn,Bạch kim,20,7.24,0,Lễ/Tết,13789000.0,21982000.0,5.0,Không,Không,Không,Tiền mặt,Nhận tại cửa hàng,Online,15,Hàng tháng,27.0,41367000.0,42835528.0,16484684.0,0,3,Khách hàng trung thành,0.4650104005123725
1137,52,Nữ,Hải Phòng,Miền Bắc,Bông tai,Bạc,5,1.94,0,Quà tặng gia đình,300000.0,22387000.0,3.9,Có,Có,Không,Thẻ tín dụng,Giao hàng tiêu chuẩn,Online,1,Hàng quý,102.0,60000.0,70656.0,113865.0,0,0,Khách hàng phổ thông / mới,0.18906818604390607
1138,35,Nam,Gia Lai,Miền Trung,Bông tai,Vàng 18K,18,2.31,0,Tự mua sắm,3732000.0,23886000.0,3.3,Có,Không,Có,Ví điện tử (Momo/ZaloPay),Nhận tại cửa hàng,Online,28,Hàng quý,83.0,20899000.0,23745444.0,1459036.0,0,3,Khách hàng trung thành,0.28491068530198765
1139,53,Nam,Khánh Hòa,Miền Trung,Dây chuyền,Vàng đính đá quý,18,11.78,1,Tự mua sắm,21987000.0,20389500.0,2.7,Không,Không,Có,Thẻ tín dụng,Nhận tại cửa hàng,Online,20,Hàng tháng,26.0,87948000.0,79540171.0,24254667.0,0,3,Khách hàng trung thành,0.6138576126150375
1140,43,Nam,TP. Hồ Chí Minh,Miền Nam,Nhẫn,Bạc,5,6.12,0,Quà tặng người yêu,541000.0,18477000.0,4.8,Không,Không,Có,Thẻ tín dụng,Giao hàng nhanh,Online,6,Nửa năm một lần,163.0,649000.0,664641.0,116850.0,1,0,Khách hàng phổ thông / mới,0.3879598553001625
1141,60,Nữ,An Giang,Miền Nam,Nhẫn,Bạc,5,5.79,1,Tự mua sắm,2678000.0,14735000.0,4.9,Có,Có,Không,Chuyển khoản ngân hàng,Giao hàng tiêu chuẩn,Tại cửa hàng,1,Hàng tháng,29.0,536000.0,668178.0,3363489.0,0,0,Khách hàng phổ thông / mới,0.18120181269353947
1142,34,Nam,Hải Dương,Miền Bắc,Lắc chân,Bạc,5,3.05,0,Cưới hỏi,694000.0,18899000.0,3.1,Không,Không,Có,Chuyển khoản ngân hàng,Nhận tại cửa hàng,Online,7,Hàng quý,79.0,972000.0,901238.0,205309.0,0,0,Khách hàng phổ thông / mới,0.5796127417134
1143,62,Nữ,Tiền Giang,Miền Nam,Dây chuyền,Bạc,5,5.99,0,Cưới hỏi,300000.0,9833000.0,3.6,Không,Có,Không,Thẻ tín dụng,Nhận tại cửa hàng,Tại cửa hàng,16,Hàng quý,98.0,960000.0,917472.0,101712.0,0,0,Khách hàng phổ thông / mới,0.3756928232410643
1144,58,Nam,Khánh Hòa,Miền Trung,Nhẫn,Bạc,5,3.74,0,Tự mua sắm,413000.0,13660000.0,4.1,Có,Không,Không,Tiền mặt,Giao hàng nhanh,Online,29,Hàng quý,92.0,2395000.0,2853403.0,151671.0,0,3,Khách hàng trung thành,0.2676616923238172
1145,33,Nữ,Hải Dương,Miền Bắc,Vòng tay,Bạc,5,11.01,0,Quà tặng người yêu,448000.0,30757000.0,2.8,Có,Không,Không,Tiền mặt,Giao hàng tiêu chuẩn,Online,19,Nửa năm một lần,205.0,1702000.0,1875093.0,62049.0,1,3,Khách hàng trung thành,0.6250307154270297
1146,41,Nữ,Long An,Miền Nam,Trang sức bộ,Vàng đính đá quý,18,11.85,1,Cưới hỏi,24596000.0,28591000.0,3.8,Không,Không,Không,Tiền mặt,Nhận tại cửa hàng,Online,3,Nửa năm một lần,187.0,14758000.0,14272462.0,4922990.0,1,0,Khách hàng phổ thông / mới,0.5959613235453511
1147,43,Nữ,Hà Nội,Miền Bắc,Nhẫn,Vàng đính đá quý,18,5.89,1,Tự mua sắm,10814000.0,27381000.0,3.0,Không,Có,Không,Tiền mặt,Giao hàng nhanh,Online,6,Hàng tháng,26.0,12977000.0,11958306.0,12140670.0,0,0,Khách hàng phổ thông / mới,0.5444713195251144
1148,54,Nữ,Đắk Lắk,Miền Trung,Nhẫn,Vàng 18K,18,7.29,0,Sinh nhật,11700000.0,31535000.0,3.1,Không,Không,Không,Thẻ tín dụng,Giao hàng tiêu chuẩn,Online,8,Hàng tháng,30.0,18720000.0,17357184.0,11964464.0,0,0,Khách hàng phổ thông / mới,0.6159821449560144
1149,51,Nữ,TP. Hồ Chí Minh,Miền Nam,Dây chuyền,Vàng 24K,24,14.88,0,Quà tặng người yêu,32318000.0,7973000.0,4.0,Có,Không,Có,Chuyển khoản ngân hàng,Nhận tại cửa hàng,Online,3,Nửa năm một lần,159.0,19391000.0,22968640.0,5907774.0,0,0,Khách hàng phổ thông / mới,0.16545329728392888
1150,58,Nữ,Hưng Yên,Miền Bắc,Bông tai,Bạc,5,4.99,0,Quà tặng người yêu,300000.0,21084000.0,3.3,Không,Không,Có,Chuyển khoản ngân hàng,Giao hàng tiêu chuẩn,Online,5,Hàng năm,413.0,300000.0,281580.0,21853.0,0,2,Khách hàng có nguy cơ rời bỏ,0.4586472309528991
1151,35,Nam,Bà Rịa - Vũng Tàu,Miền Nam,Vòng tay,Bạc,5,8.04,0,Cưới hỏi,361000.0,21808000.0,3.9,Không,Không,Không,Ví điện tử (Momo/ZaloPay),Giao hàng nhanh,Online,3,Hai tuần một lần,15.0,217000.0,211098.0,579528.0,0,0,Khách hàng phổ thông / mới,0.43521494234916164
1152,42,Nữ,Hải Dương,Miền Bắc,Lắc chân,Bạc,5,7.6,0,Sinh nhật,517000.0,17808000.0,3.2,Không,Có,Có,Thẻ tín dụng,Giao hàng tiêu chuẩn,Online,22,Hai tuần một lần,13.0,2275000.0,2122348.0,883820.0,0,3,Khách hàng trung thành,0.35489063550699873
1153,38,Nam,Long An,Miền Nam,Nhẫn,Vàng đính đá quý,18,7.45,1,Sinh nhật,14575000.0,7254000.0,3.7,Không,Có,Không,Chuyển khoản ngân hàng,Giao hàng nhanh,Online,21,Hàng năm,377.0,61215000.0,58852101.0,1492694.0,1,2,Khách hàng có nguy cơ rời bỏ,0.5899246949118853
1154,61,Nữ,Hà Nội,Miền Bắc,Dây chuyền,Vàng 24K,24,3.8,0,Quà tặng người yêu,8803000.0,27845000.0,4.8,Có,Không,Không,Ví điện tử (Momo/ZaloPay),Nhận tại cửa hàng,Tại cửa hàng,24,Hàng tháng,32.0,42254000.0,52382284.0,6994646.0,0,3,Khách hàng trung thành,0.24045200600466923
1155,32,Nữ,Quảng Ninh,Miền Bắc,Dây chuyền,Vàng 18K,18,5.74,0,Tự mua sắm,7716000.0,24245000.0,3.7,Không,Có,Không,Tiền mặt,Giao hàng tiêu chuẩn,Tại cửa hàng,6,Hàng năm,413.0,9259000.0,8901603.0,460465.0,1,2,Khách hàng có nguy cơ rời bỏ,0.4870383646280408
1156,46,Nữ,Nghệ An,Miền Trung,Dây chuyền,Vàng đính đá quý,18,6.18,1,Quà tặng gia đình,14016000.0,16415000.0,3.8,Không,Không,Có,Ví điện tử (Momo/ZaloPay),Giao hàng tiêu chuẩn,Online,28,Hàng năm,379.0,78490000.0,75907679.0,679413.0,1,2,Khách hàng có nguy cơ rời bỏ,0.3360649726681645
1157,23,Nam,Long An,Miền Nam,Vòng tay,Vàng đính đá quý,18,14.14,1,Tự mua sắm,23711000.0,25299000.0,3.7,Có,Có,Có,Tiền mặt,Nhận tại cửa hàng,Tại cửa hàng,12,Hàng tháng,32.0,56906000.0,66227203.0,19672429.0,0,3,Khách hàng trung thành,0.10866265528261271
1158,58,Nam,Bắc Ninh,Miền Bắc,Bông tai,Vàng 18K,18,5.76,0,Sinh nhật,9356000.0,22350000.0,4.6,Không,Không,Không,Chuyển khoản ngân hàng,Giao hàng tiêu chuẩn,Online,5,Hai tuần một lần,14.0,9356000.0,9474821.0,15273881.0,0,0,Khách hàng phổ thông / mới,0.5071711616340256
1159,36,Nam,Bà Rịa - Vũng Tàu,Miền Nam,Dây chuyền,Vàng 24K,24,8.79,0,Tự mua sắm,19308000.0,24597000.0,3.8,Không,Không,Có,Ví điện tử (Momo/ZaloPay),Giao hàng tiêu chuẩn,Tại cửa hàng,5,Hàng năm,335.0,19308000.0,18672767.0,2240125.0,0,2,Khách hàng có nguy cơ rời bỏ,0.3592944889917898
1160,34,Nữ,Nam Định,Miền Bắc,Bông tai,Vàng 18K,18,3.82,0,Lễ/Tết,6233000.0,13639000.0,2.6,Có,Không,Có,Thẻ tín dụng,Giao hàng nhanh,Online,10,Hàng tháng,29.0,12466000.0,13561761.0,7619953.0,0,0,Khách hàng phổ thông / mới,0.25561536096067994
1161,45,Nữ,Đà Nẵng,Miền Trung,Nhẫn,Vàng 18K,18,5.66,0,Quà tặng gia đình,9161000.0,22371000.0,2.8,Có,Không,Không,Chuyển khoản ngân hàng,Giao hàng tiêu chuẩn,Online,3,Hàng quý,94.0,5497000.0,6056045.0,2561570.0,0,0,Khách hàng phổ thông / mới,0.4803584459599216
1162,41,Nữ,Thanh Hóa,Miền Trung,Vòng tay,Bạc,5,17.77,0,Quà tặng người yêu,1110000.0,22205000.0,3.9,Không,Có,Không,Chuyển khoản ngân hàng,Nhận tại cửa hàng,Online,10,Hàng tháng,33.0,2220000.0,2159616.0,1418215.0,0,0,Khách hàng phổ thông / mới,0.33838046894544477
1163,58,Nam,Hải Phòng,Miền Bắc,Dây chuyền,Vàng 18K,18,6.44,0,Quà tặng người yêu,9645000.0,19859000.0,4.4,Không,Có,Không,Chuyển khoản ngân hàng,Giao hàng tiêu chuẩn,Online,20,Nửa năm một lần,191.0,38580000.0,38630154.0,1782635.0,0,3,Khách hàng trung thành,0.36164593534539285
1164,43,Nữ,Tiền Giang,Miền Nam,Vòng tay,Vàng 18K,18,14.39,0,Quà tặng người yêu,22916000.0,6000000.0,2.8,Không,Không,Không,Chuyển khoản ngân hàng,Giao hàng nhanh,Tại cửa hàng,30,Hàng năm,415.0,137496000.0,125135110.0,1559719.0,1,1,Khách hàng VIP (giá trị cao nhất),0.6703765716864035
1165,42,Nam,Đà Nẵng,Miền Trung,Nhẫn,Bạc,5,7.51,0,Tự mua sắm,574000.0,21722000.0,3.8,Không,Không,Không,Ví điện tử (Momo/ZaloPay),Nhận tại cửa hàng,Online,1,Nửa năm một lần,191.0,115000.0,111216.0,49596.0,1,0,Khách hàng phổ thông / mới,0.6365385644286986
1166,23,Nữ,TP. Hồ Chí Minh,Miền Nam,Trang sức bộ,Bạc,5,33.47,0,Quà tặng người yêu,2129000.0,21059000.0,3.8,Có,Không,Có,Tiền mặt,Nhận tại cửa hàng,Tại cửa hàng,18,Hai tuần một lần,15.0,7664000.0,8972245.0,6013870.0,0,3,Khách hàng trung thành,0.16200164600248318
1167,19,Nữ,Đắk Lắk,Miền Trung,Trang sức bộ,Bạc,5,19.57,0,Quà tặng gia đình,1766000.0,12521000.0,3.5,Không,Không,Không,Thẻ tín dụng,Giao hàng tiêu chuẩn,Online,8,Nửa năm một lần,155.0,2826000.0,2684700.0,256313.0,1,0,Khách hàng phổ thông / mới,0.5740115248257728
1168,37,Nữ,Quảng Nam,Miền Trung,Lắc chân,Vàng 18K,18,4.01,0,Quà tặng người yêu,5678000.0,24226000.0,4.2,Không,Có,Không,Ví điện tử (Momo/ZaloPay),Giao hàng tiêu chuẩn,Online,11,Nửa năm một lần,188.0,12492000.0,12365831.0,637713.0,0,0,Khách hàng phổ thông / mới,0.3133410527292332
1169,65,Nữ,Quảng Ngãi,Miền Trung,Lắc chân,Vàng 18K,18,11.32,0,Tự mua sắm,17817000.0,23613000.0,3.4,Có,Không,Không,Thẻ tín dụng,Giao hàng tiêu chuẩn,Online,20,Hàng tháng,26.0,71268000.0,81466451.0,24342052.0,0,3,Khách hàng trung thành,0.4016907228616605
1170,62,Nam,An Giang,Miền Nam,Nhẫn,Vàng 18K,18,7.49,0,Cưới hỏi,12452000.0,24587000.0,4.1,Có,Không,Không,Thẻ tín dụng,Nhận tại cửa hàng,Tại cửa hàng,9,Nửa năm một lần,183.0,22414000.0,26704040.0,2937765.0,0,0,Khách hàng phổ thông / mới,0.3317636286576004
1171,48,Nữ,TP. Hồ Chí Minh,Miền Nam,Vòng tay,Vàng đính đá quý,18,6.46,1,Sinh nhật,10941000.0,18238000.0,4.4,Không,Có,Có,Chuyển khoản ngân hàng,Giao hàng tiêu chuẩn,Online,14,Nửa năm một lần,187.0,30635000.0,30674826.0,2192592.0,0,0,Khách hàng phổ thông / mới,0.18585426910824715
1172,48,Nữ,Bình Định,Miền Trung,Dây chuyền,Vàng 18K,18,3.98,0,Sinh nhật,6494000.0,8919000.0,4.9,Không,Có,Không,Ví điện tử (Momo/ZaloPay),Giao hàng tiêu chuẩn,Online,10,Hàng tuần,7.0,12988000.0,13375042.0,21459494.0,0,0,Khách hàng phổ thông / mới,0.34438515514188967
1173,36,Nam,TP. Hồ Chí Minh,Miền Nam,Lắc chân,Bạc,5,4.67,0,Tự mua sắm,300000.0,8354000.0,4.1,Không,Không,Không,Thẻ tín dụng,Giao hàng nhanh,Tại cửa hàng,11,Hàng năm,406.0,660000.0,649572.0,24541.0,1,2,Khách hàng có nguy cơ rời bỏ,0.6382828448544647
1174,26,Nữ,Gia Lai,Miền Trung,Nhẫn,Bạc,5,5.7,0,Sinh nhật,441000.0,24372000.0,3.4,Không,Không,Không,Ví điện tử (Momo/ZaloPay),Giao hàng tiêu chuẩn,Online,22,Hàng quý,89.0,1940000.0,1831942.0,171487.0,1,3,Khách hàng trung thành,0.6909594011747745
1175,18,Nữ,Đà Nẵng,Miền Trung,Nhẫn,Vàng đính đá quý,18,3.47,1,Sinh nhật,8323000.0,11423000.0,4.3,Có,Có,Có,Chuyển khoản ngân hàng,Giao hàng tiêu chuẩn,Online,9,Hàng tháng,30.0,14981000.0,18055101.0,9459981.0,0,0,Khách hàng phổ thông / mới,0.10375138521577389
1176,34,Nữ,Quảng Ngãi,Miền Trung,Bông tai,Vàng 18K,18,2.2,0,Tự mua sắm,3767000.0,14454000.0,4.5,Có,Không,Không,Tiền mặt,Giao hàng nhanh,Online,17,Hai tuần một lần,14.0,12808000.0,15612952.0,8480710.0,0,3,Khách hàng trung thành,0.3521022345095648
1177,33,Nữ,Đà Nẵng,Miền Trung,Nhẫn,Vàng 18K,18,6.7,0,Quà tặng gia đình,9972000.0,25857000.0,3.5,Không,Có,Không,Ví điện tử (Momo/ZaloPay),Nhận tại cửa hàng,Tại cửa hàng,24,Hàng quý,86.0,47866000.0,45472700.0,3543850.0,0,3,Khách hàng trung thành,0.4552148636422453
1178,27,Nữ,Bình Dương,Miền Nam,Bông tai,Vàng đính đá quý,18,2.22,1,Tự mua sắm,5763000.0,6000000.0,3.4,Không,Không,Không,Thẻ tín dụng,Giao hàng tiêu chuẩn,Tại cửa hàng,19,Hàng tháng,28.0,21899000.0,20679226.0,6105075.0,0,3,Khách hàng trung thành,0.6557615542706753
1179,30,Nữ,Kiên Giang,Miền Nam,Dây chuyền,Vàng 24K,24,14.53,0,Tự mua sắm,31679000.0,8554000.0,2.9,Có,Không,Có,Thẻ tín dụng,Nhận tại cửa hàng,Online,23,Hàng tháng,26.0,145723000.0,161548518.0,31591994.0,0,1,Khách hàng VIP (giá trị cao nhất),0.21325803758414216
1180,19,Nữ,Kiên Giang,Miền Nam,Bông tai,Bạc,5,3.19,0,Sinh nhật,300000.0,24664000.0,4.2,Không,Không,Có,Chuyển khoản ngân hàng,Giao hàng nhanh,Tại cửa hàng,15,Nửa năm một lần,201.0,900000.0,890910.0,42514.0,1,0,Khách hàng phổ thông / mới,0.5288713790229506
1181,47,Nữ,Cần Thơ,Miền Nam,Lắc chân,Vàng 18K,18,6.8,0,Quà tặng gia đình,10699000.0,21410000.0,3.6,Không,Không,Không,Chuyển khoản ngân hàng,Giao hàng nhanh,Online,14,Nửa năm một lần,157.0,29957000.0,28629905.0,1421402.0,1,0,Khách hàng phổ thông / mới,0.6543610592230226
1182,62,Nam,Gia Lai,Miền Trung,Vòng tay,Vàng đính đá quý,18,19.15,1,Sinh nhật,37050000.0,7766000.0,2.8,Có,Không,Có,Chuyển khoản ngân hàng,Nhận tại cửa hàng,Tại cửa hàng,1,Hàng tháng,34.0,7410000.0,8163597.0,32112506.0,0,0,Khách hàng phổ thông / mới,0.3562674031193827
1183,51,Nam,TP. Hồ Chí Minh,Miền Nam,Nhẫn,Bạc,5,2.28,0,Quà tặng gia đình,595000.0,17983000.0,3.9,Có,Không,Không,Tiền mặt,Giao hàng nhanh,Online,22,Nửa năm một lần,170.0,2618000.0,3082957.0,86316.0,0,3,Khách hàng trung thành,0.3053743848771125
1184,39,Nữ,Quảng Ninh,Miền Bắc,Nhẫn,Vàng 24K,24,2.25,0,Lễ/Tết,5414000.0,21572000.0,5.0,Không,Không,Không,Ví điện tử (Momo/ZaloPay),Giao hàng tiêu chuẩn,Online,21,Nửa năm một lần,193.0,22739000.0,23546234.0,674383.0,1,3,Khách hàng trung thành,0.46889283489405925
1185,38,Nam,Quảng Nam,Miền Trung,Nhẫn,Bạch kim,20,4.32,0,Quà tặng người yêu,8041000.0,12567000.0,2.6,Không,Không,Không,Thẻ tín dụng,Giao hàng tiêu chuẩn,Tại cửa hàng,16,Hàng quý,96.0,25731000.0,23124450.0,2594180.0,0,3,Khách hàng trung thành,0.6838415098577578
1186,32,Nam,Hải Dương,Miền Bắc,Nhẫn,Bạc,5,5.32,0,Quà tặng người yêu,300000.0,9798000.0,3.8,Có,Không,Không,Tiền mặt,Giao hàng tiêu chuẩn,Online,22,Hàng năm,354.0,1320000.0,1545324.0,31794.0,0,2,Khách hàng có nguy cơ rời bỏ,0.2947950845306352
1187,24,Nam,Hà Nội,Miền Bắc,Vòng tay,Bạc,5,12.62,0,Tự mua sắm,537000.0,7620000.0,4.8,Không,Không,Không,Chuyển khoản ngân hàng,Giao hàng nhanh,Tại cửa hàng,20,Hàng tháng,29.0,2148000.0,2199767.0,647343.0,0,3,Khách hàng trung thành,0.45390505989596686
1188,46,Nữ,Kiên Giang,Miền Nam,Dây chuyền,Vàng 18K,18,14.46,0,Tự mua sắm,20684000.0,26685000.0,4.9,Có,Có,Có,Chuyển khoản ngân hàng,Giao hàng tiêu chuẩn,Tại cửa hàng,6,Hai tuần một lần,14.0,24821000.0,30941859.0,31793224.0,0,0,Khách hàng phổ thông / mới,0.08775088138800022
1189,45,Nam,Bà Rịa - Vũng Tàu,Miền Nam,Dây chuyền,Vàng 24K,24,14.92,0,Tự mua sắm,32818000.0,28003000.0,3.4,Không,Không,Có,Tiền mặt,Giao hàng tiêu chuẩn,Online,7,Hàng tuần,6.0,45945000.0,43385864.0,80916087.0,0,0,Khách hàng phổ thông / mới,0.4952812953269028
1190,18,Nữ,Khánh Hòa,Miền Trung,Nhẫn,Bạc,5,1.77,0,Quà tặng gia đình,406000.0,24363000.0,2.9,Không,Có,Không,Ví điện tử (Momo/ZaloPay),Giao hàng tiêu chuẩn,Online,20,Hàng quý,77.0,1624000.0,1487259.0,184968.0,0,3,Khách hàng trung thành,0.4331373651807828
1191,37,Nữ,Hải Dương,Miền Bắc,Trang sức bộ,Vàng 18K,18,14.14,0,Sinh nhật,23255000.0,28846000.0,3.6,Không,Không,Có,Chuyển khoản ngân hàng,Giao hàng tiêu chuẩn,Tại cửa hàng,3,Hàng quý,96.0,13953000.0,13334882.0,5982002.0,0,0,Khách hàng phổ thông / mới,0.31840566223827726
1192,31,Nữ,TP. Hồ Chí Minh,Miền Nam,Nhẫn,Vàng đính đá quý,18,5.1,1,Cưới hỏi,12358000.0,28823000.0,3.3,Không,Có,Có,Ví điện tử (Momo/ZaloPay),Nhận tại cửa hàng,Online,27,Hai tuần một lần,14.0,66733000.0,62635594.0,25410679.0,0,3,Khách hàng trung thành,0.34302640649275307
1193,26,Nữ,Đà Nẵng,Miền Trung,Dây chuyền,Vàng 18K,18,14.4,1,Tự mua sắm,22878000.0,8948000.0,3.7,Không,Có,Không,Chuyển khoản ngân hàng,Giao hàng tiêu chuẩn,Online,11,Nửa năm một lần,209.0,50332000.0,48389185.0,3609063.0,1,0,Khách hàng phổ thông / mới,0.526860791992459
1194,51,Nữ,Đồng Nai,Miền Nam,Vòng tay,Bạc,5,9.2,0,Quà tặng người yêu,336000.0,28069000.0,4.0,Không,Có,Không,Tiền mặt,Giao hàng nhanh,Online,19,Hàng năm,343.0,1277000.0,1249544.0,24265.0,0,2,Khách hàng có nguy cơ rời bỏ,0.3203145041506665
1195,43,Nữ,Tây Ninh,Miền Nam,Nhẫn,Vàng 18K,18,3.89,0,Tự mua sắm,6233000.0,21365000.0,4.4,Không,Không,Không,Tiền mặt,Giao hàng tiêu chuẩn,Online,16,Nửa năm một lần,175.0,19946000.0,19971930.0,1088781.0,0,3,Khách hàng trung thành,0.5590268731804208
1196,48,Nữ,Thanh Hóa,Miền Trung,Trang sức bộ,Bạc,5,15.78,0,Quà tặng gia đình,1847000.0,34177000.0,4.1,Có,Không,Có,Ví điện tử (Momo/ZaloPay),Giao hàng tiêu chuẩn,Online,21,Nửa năm một lần,189.0,7757000.0,9241690.0,222776.0,1,3,Khách hàng trung thành,0.42181316872649904
1197,52,Nữ,Hải Dương,Miền Bắc,Nhẫn,Vàng 24K,24,7.79,0,Quà tặng người yêu,15921000.0,44821000.0,4.7,Có,Có,Không,Chuyển khoản ngân hàng,Giao hàng tiêu chuẩn,Tại cửa hàng,11,Nửa năm một lần,192.0,35026000.0,43180053.0,2218377.0,0,0,Khách hàng phổ thông / mới,0.1456917987952592
1198,65,Nam,Hưng Yên,Miền Bắc,Bông tai,Vàng 18K,18,1.77,1,Lễ/Tết,6577000.0,20531000.0,4.3,Không,Có,Không,Tiền mặt,Giao hàng tiêu chuẩn,Online,22,Nửa năm một lần,176.0,28939000.0,28811668.0,1185610.0,1,3,Khách hàng trung thành,0.2807146983950447
1199,56,Nữ,Hà Nội,Miền Bắc,Bông tai,Vàng 24K,24,3.82,0,Lễ/Tết,8750000.0,19225000.0,3.8,Không,Không,Có,Tiền mặt,Giao hàng tiêu chuẩn,Tại cửa hàng,6,Hàng quý,80.0,10500000.0,10154550.0,2340388.0,0,0,Khách hàng phổ thông / mới,0.32144194674748455
1200,47,Nam,Nghệ An,Miền Trung,Lắc chân,Bạc,5,3.21,0,Quà tặng người yêu,526000.0,18134000.0,2.8,Không,Không,Không,Chuyển khoản ngân hàng,Nhận tại cửa hàng,Online,10,Hàng quý,78.0,1052000.0,957425.0,218348.0,0,0,Khách hàng phổ thông / mới,0.6321349909973826
1201,60,Nữ,Hà Nội,Miền Bắc,Bông tai,Vàng 18K,18,4.01,0,Lễ/Tết,5592000.0,22103000.0,4.5,Không,Có,Không,Chuyển khoản ngân hàng,Giao hàng nhanh,Online,2,Hàng tháng,26.0,2237000.0,2252659.0,6429500.0,0,0,Khách hàng phổ thông / mới,0.24737761653591922
1202,40,Nữ,Hải Phòng,Miền Bắc,Bông tai,Bạch kim,20,2.96,0,Tự mua sắm,5384000.0,22024000.0,4.3,Có,Không,Không,Tiền mặt,Nhận tại cửa hàng,Tại cửa hàng,5,Hai tuần một lần,13.0,5384000.0,6488797.0,13660221.0,0,0,Khách hàng phổ thông / mới,0.3330523231570625
1203,65,Nam,Hưng Yên,Miền Bắc,Dây chuyền,Vàng 24K,24,9.79,0,Sinh nhật,21866000.0,40367000.0,3.3,Không,Không,Không,Tiền mặt,Nhận tại cửa hàng,Tại cửa hàng,2,Nửa năm một lần,170.0,8746000.0,8208996.0,4014229.0,1,0,Khách hàng phổ thông / mới,0.7353927957230275
1204,54,Nữ,Quảng Ninh,Miền Bắc,Vòng tay,Bạc,5,6.2,0,Cưới hỏi,536000.0,22242000.0,3.1,Có,Có,Không,Chuyển khoản ngân hàng,Nhận tại cửa hàng,Tại cửa hàng,15,Hàng quý,77.0,1608000.0,1804819.0,260109.0,0,0,Khách hàng phổ thông / mới,0.2836152428723314
1205,49,Nam,TP. Hồ Chí Minh,Miền Nam,Bông tai,Bạc,5,1.46,0,Cưới hỏi,300000.0,17933000.0,4.1,Không,Không,Không,Thẻ tín dụng,Giao hàng tiêu chuẩn,Online,3,Hai tuần một lần,15.0,180000.0,177156.0,613524.0,0,0,Khách hàng phổ thông / mới,0.5816451610371746
1206,61,Nữ,Hải Phòng,Miền Bắc,Vòng tay,Vàng 24K,24,6.38,0,Tự mua sắm,12515000.0,21752000.0,2.7,Không,Có,Có,Tiền mặt,Giao hàng tiêu chuẩn,Online,7,Hàng tháng,29.0,17521000.0,15845992.0,11945874.0,0,0,Khách hàng phổ thông / mới,0.343691131105646
1207,42,Nữ,Bà Rịa - Vũng Tàu,Miền Nam,Vòng tay,Vàng 24K,24,17.53,1,Cưới hỏi,40854000.0,14745000.0,4.5,Không,Không,Không,Tiền mặt,Giao hàng nhanh,Online,15,Nửa năm một lần,184.0,122562000.0,123419934.0,6807610.0,0,1,Khách hàng VIP (giá trị cao nhất),0.46680844658158105
1208,52,Nam,Nam Định,Miền Bắc,Nhẫn,Vàng 18K,18,6.21,0,Cưới hỏi,10224000.0,9373000.0,3.1,Không,Không,Không,Tiền mặt,Giao hàng nhanh,Tại cửa hàng,21,Hàng tháng,33.0,42941000.0,39814895.0,10203493.0,1,3,Khách hàng trung thành,0.7036260678700078
1209,31,Nam,Hải Phòng,Miền Bắc,Dây chuyền,Bạc,5,4.54,0,Quà tặng gia đình,537000.0,18824000.0,4.0,Không,Không,Không,Chuyển khoản ngân hàng,Nhận tại cửa hàng,Tại cửa hàng,1,Hàng quý,86.0,107000.0,104700.0,188973.0,0,0,Khách hàng phổ thông / mới,0.5094745525498003
1210,64,Nữ,Hà Nội,Miền Bắc,Dây chuyền,Vàng đính đá quý,18,6.79,1,Tự mua sắm,16034000.0,38174000.0,3.3,Không,Không,Không,Thẻ tín dụng,Giao hàng tiêu chuẩn,Online,22,Hàng tháng,27.0,70550000.0,66218230.0,17945725.0,0,3,Khách hàng trung thành,0.6484326602173349
1211,47,Nữ,TP. Hồ Chí Minh,Miền Nam,Nhẫn,Vàng 24K,24,4.34,0,Tự mua sắm,8678000.0,27039000.0,3.7,Có,Có,Không,Tiền mặt,Giao hàng tiêu chuẩn,Online,16,Hàng tháng,28.0,27770000.0,32318726.0,8122994.0,0,3,Khách hàng trung thành,0.15876980387377715
1212,55,Nữ,Hải Dương,Miền Bắc,Dây chuyền,Bạc,5,4.18,0,Quà tặng gia đình,704000.0,17942000.0,4.5,Có,Không,Có,Ví điện tử (Momo/ZaloPay),Nhận tại cửa hàng,Tại cửa hàng,1,Nửa năm một lần,157.0,141000.0,171879.0,118471.0,0,0,Khách hàng phổ thông / mới,0.24276533978556894
1213,40,Nữ,Khánh Hòa,Miền Trung,Nhẫn,Bạc,5,6.96,0,Quà tặng người yêu,575000.0,22856000.0,3.2,Không,Không,Không,Chuyển khoản ngân hàng,Giao hàng nhanh,Online,3,Hai tuần một lần,13.0,345000.0,321850.0,991916.0,0,0,Khách hàng phổ thông / mới,0.6457728895517767
1214,59,Nữ,Hải Phòng,Miền Bắc,Vòng tay,Bạc,5,10.44,0,Cưới hỏi,300000.0,39139000.0,2.6,Có,Không,Không,Chuyển khoản ngân hàng,Giao hàng nhanh,Online,29,Hàng tháng,34.0,1740000.0,1892946.0,348068.0,0,3,Khách hàng trung thành,0.3772171976674597
1215,21,Nam,Tây Ninh,Miền Nam,Bông tai,Bạc,5,4.35,0,Tự mua sắm,733000.0,20652000.0,2.7,Không,Không,Có,Tiền mặt,Giao hàng tiêu chuẩn,Online,14,Hàng năm,324.0,2052000.0,1855829.0,52675.0,1,2,Khách hàng có nguy cơ rời bỏ,0.69053202691774
1216,23,Nữ,Bắc Ninh,Miền Bắc,Vòng tay,Vàng đính đá quý,18,14.63,1,Sinh nhật,27652000.0,13149000.0,2.7,Không,Có,Không,Chuyển khoản ngân hàng,Nhận tại cửa hàng,Online,28,Hàng quý,85.0,154851000.0,140047244.0,8542292.0,0,1,Khách hàng VIP (giá trị cao nhất),0.516429298852471
1217,42,Nữ,Huế,Miền Trung,Bông tai,Bạc,5,5.57,0,Quà tặng người yêu,300000.0,21000000.0,3.6,Không,Có,Có,Ví điện tử (Momo/ZaloPay),Nhận tại cửa hàng,Online,16,Nửa năm một lần,162.0,960000.0,917472.0,48371.0,0,0,Khách hàng phổ thông / mới,0.24205931389012464
1218,53,Nam,Long An,Miền Nam,Nhẫn,Bạch kim,20,6.32,0,Tự mua sắm,9974000.0,25673000.0,2.7,Không,Có,Có,Chuyển khoản ngân hàng,Giao hàng tiêu chuẩn,Online,4,Nửa năm một lần,158.0,7979000.0,7216208.0,2198862.0,0,0,Khách hàng phổ thông / mới,0.43479286525925354
1219,56,Nữ,Hải Dương,Miền Bắc,Nhẫn,Vàng 18K,18,1.72,0,Quà tặng người yêu,2802000.0,24277000.0,3.5,Không,Không,Không,Thẻ tín dụng,Giao hàng tiêu chuẩn,Online,22,Hàng tháng,29.0,12329000.0,11712550.0,2744730.0,0,3,Khách hàng trung thành,0.5456162710929084
1220,39,Nam,Hưng Yên,Miền Bắc,Bông tai,Bạch kim,20,1.78,0,Sinh nhật,3296000.0,30509000.0,4.2,Không,Có,Không,Thẻ tín dụng,Nhận tại cửa hàng,Online,15,Hàng quý,99.0,9888000.0,9788131.0,1223109.0,0,0,Khách hàng phổ thông / mới,0.37702059416857164
1221,49,Nữ,Cần Thơ,Miền Nam,Lắc chân,Vàng đính đá quý,18,7.0,1,Tự mua sắm,17328000.0,21639000.0,4.7,Không,Không,Không,Ví điện tử (Momo/ZaloPay),Nhận tại cửa hàng,Online,12,Hàng quý,78.0,41587000.0,42352201.0,5856675.0,0,0,Khách hàng phổ thông / mới,0.538471397474747
1222,44,Nữ,Hưng Yên,Miền Bắc,Bông tai,Vàng đính đá quý,18,1.47,1,Tự mua sắm,6390000.0,6000000.0,3.1,Có,Có,Không,Tiền mặt,Giao hàng tiêu chuẩn,Tại cửa hàng,7,Hàng tháng,32.0,8946000.0,10040990.0,6291468.0,0,0,Khách hàng phổ thông / mới,0.32398579478369827
1223,64,Nữ,Hà Nội,Miền Bắc,Bông tai,Vàng 18K,18,2.96,0,Cưới hỏi,5322000.0,25142000.0,4.7,Không,Không,Không,Tiền mặt,Nhận tại cửa hàng,Online,14,Hàng tháng,26.0,14902000.0,15176197.0,5217428.0,0,0,Khách hàng phổ thông / mới,0.4869330271533365
1224,49,Nữ,Đà Nẵng,Miền Trung,Bông tai,Vàng đính đá quý,18,5.89,1,Quà tặng người yêu,11725000.0,23767000.0,4.9,Không,Có,Có,Tiền mặt,Nhận tại cửa hàng,Online,29,Nửa năm một lần,194.0,68005000.0,70031549.0,2513248.0,0,3,Khách hàng trung thành,0.20533681583783495
1225,38,Nữ,Hà Nội,Miền Bắc,Bông tai,Vàng 24K,24,2.03,0,Lễ/Tết,4606000.0,22651000.0,4.1,Có,Không,Không,Chuyển khoản ngân hàng,Giao hàng tiêu chuẩn,Online,7,Hai tuần một lần,16.0,6448000.0,7682147.0,6790099.0,0,0,Khách hàng phổ thông / mới,0.31129452681731473
1226,64,Nam,An Giang,Miền Nam,Bông tai,Bạc,5,4.52,0,Quà tặng gia đình,300000.0,15900000.0,4.3,Không,Có,Không,Thẻ tín dụng,Giao hàng tiêu chuẩn,Online,17,Hàng tháng,28.0,1020000.0,1015512.0,339354.0,0,0,Khách hàng phổ thông / mới,0.3028828449319498
1227,23,Nam,Quảng Ngãi,Miền Trung,Bông tai,Vàng 18K,18,2.3,0,Sinh nhật,3299000.0,33333000.0,3.7,Không,Có,Không,Tiền mặt,Giao hàng tiêu chuẩn,Online,1,Nửa năm một lần,180.0,660000.0,634524.0,612558.0,0,0,Khách hàng phổ thông / mới,0.34125444235941144
1228,65,Nữ,Đắk Lắk,Miền Trung,Nhẫn,Bạc,5,1.72,0,Quà tặng người yêu,300000.0,14288000.0,2.7,Có,Có,Không,Ví điện tử (Momo/ZaloPay),Nhận tại cửa hàng,Tại cửa hàng,22,Hàng quý,91.0,1320000.0,1445136.0,106268.0,0,3,Khách hàng trung thành,0.2761760477680984
1229,25,Nữ,Thái Nguyên,Miền Bắc,Nhẫn,Vàng 18K,18,2.14,0,Tự mua sắm,3332000.0,12631000.0,4.9,Không,Không,Có,Chuyển khoản ngân hàng,Nhận tại cửa hàng,Tại cửa hàng,27,Nửa năm một lần,167.0,17993000.0,18529191.0,578600.0,0,3,Khách hàng trung thành,0.38779239880237176
1230,31,Nữ,TP. Hồ Chí Minh,Miền Nam,Dây chuyền,Vàng 24K,24,4.25,1,Cưới hỏi,12925000.0,18258000.0,4.9,Có,Không,Không,Tiền mặt,Giao hàng tiêu chuẩn,Online,30,Hàng tuần,6.0,77550000.0,96673830.0,37868916.0,0,3,Khách hàng trung thành,0.21182986171328183
1231,57,Nữ,TP. Hồ Chí Minh,Miền Nam,Vòng tay,Vàng 18K,18,9.49,0,Quà tặng người yêu,14738000.0,30705000.0,3.3,Không,Không,Có,Ví điện tử (Momo/ZaloPay),Giao hàng tiêu chuẩn,Online,25,Nửa năm một lần,158.0,73690000.0,69165434.0,2820422.0,1,3,Khách hàng trung thành,0.5699619922554229
1232,53,Nam,Hà Nội,Miền Bắc,Bông tai,Vàng 24K,24,5.8,0,Quà tặng người yêu,12373000.0,30768000.0,3.0,Không,Không,Không,Chuyển khoản ngân hàng,Giao hàng nhanh,Online,21,Hàng năm,351.0,51967000.0,47887590.0,1029539.0,1,2,Khách hàng có nguy cơ rời bỏ,0.6892021215803448
1233,64,Nam,Bà Rịa - Vũng Tàu,Miền Nam,Dây chuyền,Vàng 18K,18,10.45,1,Quà tặng người yêu,20210000.0,26321000.0,2.7,Có,Không,Không,Tiền mặt,Nhận tại cửa hàng,Online,18,Hàng quý,82.0,72756000.0,79653269.0,8676732.0,0,3,Khách hàng trung thành,0.3480106048596299
1234,53,Nam,Đắk Lắk,Miền Trung,Dây chuyền,Vàng đính đá quý,18,4.48,1,Cưới hỏi,13573000.0,27433000.0,3.7,Không,Không,Có,Ví điện tử (Momo/ZaloPay),Nhận tại cửa hàng,Online,27,Hàng năm,366.0,73294000.0,70464852.0,1555215.0,0,2,Khách hàng có nguy cơ rời bỏ,0.38576801941211547
1235,48,Nữ,Đồng Nai,Miền Nam,Bông tai,Bạc,5,1.35,1,Cưới hỏi,1674000.0,11762000.0,4.8,Không,Không,Không,Tiền mặt,Giao hàng tiêu chuẩn,Online,1,Hàng quý,78.0,335000.0,343074.0,579237.0,0,0,Khách hàng phổ thông / mới,0.5317618175897257
1236,34,Nữ,Hưng Yên,Miền Bắc,Dây chuyền,Bạch kim,20,14.65,0,Lễ/Tết,23514000.0,8141000.0,2.6,Có,Có,Không,Ví điện tử (Momo/ZaloPay),Giao hàng nhanh,Online,8,Hai tuần một lần,15.0,37622000.0,40928974.0,35432563.0,0,0,Khách hàng phổ thông / mới,0.2881566275715425
1237,18,Nữ,Hải Phòng,Miền Bắc,Lắc chân,Bạch kim,20,4.54,0,Sinh nhật,8561000.0,16476000.0,4.0,Không,Có,Không,Thẻ tín dụng,Giao hàng tiêu chuẩn,Online,2,Hàng quý,81.0,3424000.0,3350384.0,3120355.0,0,0,Khách hàng phổ thông / mới,0.2864537778838969
1238,23,Nam,TP. Hồ Chí Minh,Miền Nam,Nhẫn,Vàng 18K,18,3.26,0,Sinh nhật,5112000.0,25579000.0,4.6,Không,Không,Có,Thẻ tín dụng,Giao hàng tiêu chuẩn,Online,7,Hàng quý,77.0,7157000.0,7247894.0,2916524.0,0,0,Khách hàng phổ thông / mới,0.3793219102289267
1239,32,Nam,Đồng Nai,Miền Nam,Dây chuyền,Bạc,5,13.1,0,Quà tặng người yêu,1174000.0,26302000.0,3.4,Không,Không,Không,Tiền mặt,Giao hàng nhanh,Tại cửa hàng,7,Hàng năm,338.0,1644000.0,1552429.0,89127.0,1,2,Khách hàng có nguy cơ rời bỏ,0.7275696147501368
1240,19,Nữ,Nghệ An,Miền Trung,Dây chuyền,Bạc,5,9.66,0,Lễ/Tết,558000.0,13056000.0,4.0,Không,Có,Không,Ví điện tử (Momo/ZaloPay),Giao hàng nhanh,Online,14,Hàng quý,95.0,1562000.0,1528417.0,228200.0,0,0,Khách hàng phổ thông / mới,0.3094610946019243
1241,42,Nữ,Hà Nội,Miền Bắc,Dây chuyền,Vàng 24K,24,5.72,0,Quà tặng người yêu,12965000.0,13680000.0,3.6,Có,Không,Không,Chuyển khoản ngân hàng,Giao hàng nhanh,Tại cửa hàng,21,Hàng tháng,27.0,54453000.0,62996676.0,18755834.0,0,3,Khách hàng trung thành,0.24870378813044586
1242,55,Nữ,Cần Thơ,Miền Nam,Nhẫn,Bạc,5,5.82,0,Cưới hỏi,477000.0,29480000.0,2.7,Có,Có,Có,Chuyển khoản ngân hàng,Giao hàng tiêu chuẩn,Tại cửa hàng,27,Hàng năm,395.0,2576000.0,2820205.0,32618.0,0,2,Khách hàng có nguy cơ rời bỏ,0.13253658787846445
1243,64,Nữ,Thái Nguyên,Miền Bắc,Nhẫn,Bạc,5,3.91,0,Tự mua sắm,300000.0,23172000.0,3.8,Có,Không,Không,Ví điện tử (Momo/ZaloPay),Giao hàng nhanh,Tại cửa hàng,18,Hàng tháng,31.0,1080000.0,1264356.0,320057.0,0,3,Khách hàng trung thành,0.2742309536724976
1244,41,Nữ,Lào Cai,Miền Bắc,Dây chuyền,Bạc,5,9.98,0,Tự mua sắm,558000.0,6000000.0,2.7,Không,Không,Không,Chuyển khoản ngân hàng,Giao hàng nhanh,Tại cửa hàng,2,Nửa năm một lần,171.0,223000.0,201681.0,126589.0,1,0,Khách hàng phổ thông / mới,0.7581381018131481
1245,60,Nữ,Quảng Ngãi,Miền Trung,Dây chuyền,Bạch kim,20,4.16,0,Lễ/Tết,7155000.0,13731000.0,4.2,Không,Có,Không,Thẻ tín dụng,Giao hàng tiêu chuẩn,Tại cửa hàng,3,Hàng quý,79.0,4293000.0,4249641.0,2531666.0,0,0,Khách hàng phổ thông / mới,0.27203160909759877
1246,65,Nữ,Hải Phòng,Miền Bắc,Bông tai,Vàng 24K,24,5.4,1,Sinh nhật,12664000.0,25296000.0,3.3,Không,Có,Có,Ví điện tử (Momo/ZaloPay),Giao hàng tiêu chuẩn,Online,14,Hàng năm,410.0,35459000.0,33281817.0,892678.0,0,2,Khách hàng có nguy cơ rời bỏ,0.2898929258671158
1247,59,Nữ,Hà Nội,Miền Bắc,Nhẫn,Bạch kim,20,5.37,0,Cưới hỏi,10359000.0,13236000.0,4.5,Không,Không,Có,Chuyển khoản ngân hàng,Giao hàng nhanh,Online,19,Hàng tháng,28.0,39364000.0,39639548.0,9936842.0,0,3,Khách hàng trung thành,0.36706481107023203
1248,40,Nữ,Hà Nội,Miền Bắc,Dây chuyền,Vàng 24K,24,3.05,0,Cưới hỏi,6703000.0,13510000.0,4.0,Có,Không,Không,Tiền mặt,Giao hàng tiêu chuẩn,Online,25,Nửa năm một lần,189.0,33515000.0,39698518.0,869628.0,0,3,Khách hàng trung thành,0.25327227929173357
1249,33,Nữ,An Giang,Miền Nam,Nhẫn,Vàng đính đá quý,18,4.81,1,Tự mua sắm,13219000.0,13344000.0,4.8,Không,Không,Không,Ví điện tử (Momo/ZaloPay),Giao hàng tiêu chuẩn,Online,12,Hàng quý,95.0,31726000.0,32490597.0,3686557.0,0,0,Khách hàng phổ thông / mới,0.4787710880121857
1250,64,Nam,Vĩnh Phúc,Miền Bắc,Trang sức bộ,Vàng 18K,18,19.05,0,Cưới hỏi,30387000.0,27964000.0,4.3,Có,Không,Không,Ví điện tử (Momo/ZaloPay),Giao hàng tiêu chuẩn,Online,6,Hàng năm,368.0,36464000.0,43946413.0,1931451.0,1,2,Khách hàng có nguy cơ rời bỏ,0.2759207922009042
1251,29,Nữ,TP. Hồ Chí Minh,Miền Nam,Bông tai,Vàng 18K,18,5.53,0,Cưới hỏi,8113000.0,19673000.0,4.3,Có,Có,Không,Tiền mặt,Giao hàng nhanh,Online,5,Hàng năm,374.0,8113000.0,9777788.0,654768.0,0,2,Khách hàng có nguy cơ rời bỏ,0.20562983903420815
1252,37,Nam,Tây Ninh,Miền Nam,Trang sức bộ,Vàng 18K,18,13.46,0,Quà tặng người yêu,19192000.0,31955000.0,3.3,Không,Có,Không,Chuyển khoản ngân hàng,Giao hàng tiêu chuẩn,Online,19,Nửa năm một lần,171.0,72930000.0,68452098.0,2900365.0,1,3,Khách hàng trung thành,0.5149490839908489
1253,21,Nữ,TP. Hồ Chí Minh,Miền Nam,Trang sức bộ,Vàng 18K,18,18.34,0,Quà tặng gia đình,29585000.0,16257000.0,3.6,Có,Không,Không,Ví điện tử (Momo/ZaloPay),Giao hàng tiêu chuẩn,Online,30,Hai tuần một lần,14.0,177510000.0,205361319.0,66064243.0,0,1,Khách hàng VIP (giá trị cao nhất),0.2423141550102848
1254,56,Nữ,Khánh Hòa,Miền Trung,Dây chuyền,Vàng 18K,18,12.17,0,Quà tặng người yêu,19343000.0,19884000.0,4.4,Có,Không,Không,Ví điện tử (Momo/ZaloPay),Giao hàng tiêu chuẩn,Tại cửa hàng,3,Hàng quý,99.0,11606000.0,14067633.0,4219932.0,0,0,Khách hàng phổ thông / mới,0.31650386126654134
1255,49,Nữ,Khánh Hòa,Miền Trung,Bông tai,Vàng 24K,24,2.13,0,Cưới hỏi,4546000.0,23282000.0,4.3,Không,Có,Có,Tiền mặt,Nhận tại cửa hàng,Tại cửa hàng,1,Hàng năm,395.0,909000.0,905000.0,365829.0,0,2,Khách hàng có nguy cơ rời bỏ,0.15917734900073402
1256,22,Nữ,Nghệ An,Miền Trung,Dây chuyền,Bạc,5,6.76,0,Quà tặng gia đình,442000.0,14947000.0,4.2,Không,Có,Không,Ví điện tử (Momo/ZaloPay),Nhận tại cửa hàng,Online,1,Nửa năm một lần,167.0,88000.0,87111.0,91314.0,1,0,Khách hàng phổ thông / mới,0.5136775544525106
1257,28,Nữ,Gia Lai,Miền Trung,Lắc chân,Vàng đính đá quý,18,9.94,1,Tự mua sắm,20090000.0,8491000.0,2.5,Không,Có,Không,Tiền mặt,Giao hàng nhanh,Tại cửa hàng,17,Hàng năm,396.0,68306000.0,60997258.0,975777.0,1,2,Khách hàng có nguy cơ rời bỏ,0.6578215824130389
1258,44,Nam,Kiên Giang,Miền Nam,Dây chuyền,Vàng 18K,18,11.55,0,Tự mua sắm,16085000.0,18172000.0,2.5,Có,Có,Có,Chuyển khoản ngân hàng,Giao hàng tiêu chuẩn,Tại cửa hàng,10,Nửa năm một lần,192.0,32170000.0,34775770.0,2682501.0,0,0,Khách hàng phổ thông / mới,0.16959627966610713
1259,43,Nam,Đồng Nai,Miền Nam,Dây chuyền,Bạc,5,7.32,1,Tự mua sắm,4539000.0,15339000.0,2.7,Có,Không,Không,Chuyển khoản ngân hàng,Giao hàng nhanh,Tại cửa hàng,25,Hàng tháng,29.0,22695000.0,24846486.0,5733135.0,0,3,Khách hàng trung thành,0.4500763639652509
1260,56,Nam,Huế,Miền Trung,Trang sức bộ,Vàng đính đá quý,18,21.69,1,Quà tặng người yêu,44735000.0,20473000.0,2.6,Có,Không,Không,Tiền mặt,Nhận tại cửa hàng,Tại cửa hàng,25,Hàng tháng,30.0,223675000.0,243336032.0,34994608.0,0,1,Khách hàng VIP (giá trị cao nhất),0.22384894842625386
1261,30,Nữ,Lào Cai,Miền Bắc,Lắc chân,Vàng 18K,18,7.97,0,Lễ/Tết,10880000.0,15613000.0,4.4,Có,Có,Không,Chuyển khoản ngân hàng,Nhận tại cửa hàng,Tại cửa hàng,16,Hàng quý,90.0,34816000.0,42200474.0,4718522.0,0,3,Khách hàng trung thành,0.15466045888292176
1262,62,Nữ,Bà Rịa - Vũng Tàu,Miền Nam,Trang sức bộ,Bạch kim,20,32.2,0,Cưới hỏi,61013000.0,24875000.0,3.9,Không,Không,Có,Thẻ tín dụng,Nhận tại cửa hàng,Tại cửa hàng,2,Nửa năm một lần,197.0,24405000.0,23741184.0,9992103.0,0,0,Khách hàng phổ thông / mới,0.21826165943260373
1263,39,Nam,Bắc Ninh,Miền Bắc,Nhẫn,Vàng 18K,18,5.8,0,Quà tặng gia đình,8147000.0,17876000.0,3.8,Có,Có,Có,Ví điện tử (Momo/ZaloPay),Giao hàng tiêu chuẩn,Online,18,Hàng quý,93.0,29329000.0,34335460.0,2294558.0,0,3,Khách hàng trung thành,0.13083612357375002
1264,57,Nữ,Long An,Miền Nam,Dây chuyền,Vàng 18K,18,10.11,0,Cưới hỏi,15295000.0,10108000.0,2.7,Không,Có,Không,Ví điện tử (Momo/ZaloPay),Giao hàng nhanh,Tại cửa hàng,11,Hai tuần một lần,15.0,33649000.0,30432156.0,30282924.0,0,0,Khách hàng phổ thông / mới,0.5363247674340247
1265,29,Nữ,Hải Dương,Miền Bắc,Dây chuyền,Vàng 24K,24,12.73,0,Tự mua sắm,25186000.0,15382000.0,4.4,Có,Có,Có,Chuyển khoản ngân hàng,Giao hàng tiêu chuẩn,Online,26,Nửa năm một lần,199.0,130967000.0,158745101.0,4178467.0,0,1,Khách hàng VIP (giá trị cao nhất),0.06587830229012906
1266,19,Nữ,TP. Hồ Chí Minh,Miền Nam,Dây chuyền,Vàng 24K,24,6.65,0,Sinh nhật,12703000.0,10724000.0,2.7,Không,Có,Có,Chuyển khoản ngân hàng,Nhận tại cửa hàng,Tại cửa hàng,22,Hai tuần một lần,16.0,55893000.0,50549629.0,24143980.0,0,3,Khách hàng trung thành,0.32153008994100946
1267,20,Nữ,Đồng Nai,Miền Nam,Vòng tay,Bạc,5,11.66,0,Quà tặng người yêu,737000.0,32651000.0,3.1,Có,Có,Không,Tiền mặt,Giao hàng tiêu chuẩn,Tại cửa hàng,29,Hàng quý,100.0,4275000.0,4798260.0,242541.0,0,3,Khách hàng trung thành,0.28844624452590334
1268,35,Nam,Quảng Nam,Miền Trung,Dây chuyền,Bạch kim,20,11.24,0,Cưới hỏi,21431000.0,20422000.0,4.5,Có,Không,Có,Ví điện tử (Momo/ZaloPay),Giao hàng nhanh,Online,12,Hàng quý,77.0,51434000.0,62698046.0,6966011.0,0,3,Khách hàng trung thành,0.1610733456064722
1269,63,Nữ,Thái Nguyên,Miền Bắc,Bông tai,Vàng 24K,24,3.02,1,Tự mua sắm,11776000.0,26450000.0,4.2,Có,Không,Có,Chuyển khoản ngân hàng,Giao hàng tiêu chuẩn,Online,10,Hàng quý,86.0,23552000.0,28222362.0,4233136.0,0,0,Khách hàng phổ thông / mới,0.10767759280592659
1270,20,Nữ,Long An,Miền Nam,Nhẫn,Vàng đính đá quý,18,4.61,1,Quà tặng người yêu,13729000.0,18529000.0,2.7,Không,Không,Không,Thẻ tín dụng,Giao hàng nhanh,Online,15,Hàng tháng,29.0,41187000.0,37249523.0,10588345.0,0,3,Khách hàng trung thành,0.6024506160803389
1271,35,Nam,Thanh Hóa,Miền Trung,Bông tai,Vàng 18K,18,1.8,1,Quà tặng gia đình,4156000.0,32937000.0,2.7,Không,Không,Không,Tiền mặt,Nhận tại cửa hàng,Online,25,Nửa năm một lần,192.0,20780000.0,18793432.0,636374.0,1,3,Khách hàng trung thành,0.79192834272751
1272,23,Nữ,Lào Cai,Miền Bắc,Lắc chân,Vàng 18K,18,8.49,0,Cưới hỏi,12403000.0,10553000.0,3.5,Không,Có,Không,Chuyển khoản ngân hàng,Giao hàng tiêu chuẩn,Tại cửa hàng,16,Hàng năm,372.0,39690000.0,37705500.0,837499.0,0,2,Khách hàng có nguy cơ rời bỏ,0.4533223327084252
1273,62,Nữ,Khánh Hòa,Miền Trung,Vòng tay,Vàng đính đá quý,18,14.6,1,Tự mua sắm,25625000.0,16179000.0,4.0,Có,Có,Có,Ví điện tử (Momo/ZaloPay),Giao hàng tiêu chuẩn,Online,11,Nửa năm một lần,209.0,56375000.0,66776187.0,3191249.0,0,3,Khách hàng trung thành,0.09970110639537502
1274,50,Nữ,Đà Nẵng,Miền Trung,Dây chuyền,Vàng đính đá quý,18,13.27,1,Tự mua sắm,23667000.0,28790000.0,3.1,Không,Có,Không,Ví điện tử (Momo/ZaloPay),Giao hàng nhanh,Tại cửa hàng,28,Hàng năm,378.0,132535000.0,122886452.0,2296256.0,1,1,Khách hàng VIP (giá trị cao nhất),0.6985329517507002
1275,54,Nữ,TP. Hồ Chí Minh,Miền Nam,Nhẫn,Bạc,5,2.06,0,Sinh nhật,766000.0,17616000.0,4.0,Không,Có,Không,Tiền mặt,Giao hàng nhanh,Tại cửa hàng,12,Hàng tháng,31.0,1838000.0,1798483.0,886906.0,0,0,Khách hàng phổ thông / mới,0.38052598755424605
1276,52,Nữ,Bắc Ninh,Miền Bắc,Nhẫn,Vàng 18K,18,7.35,1,Tự mua sắm,16256000.0,15882000.0,3.4,Không,Có,Không,Ví điện tử (Momo/ZaloPay),Giao hàng tiêu chuẩn,Tại cửa hàng,27,Hàng tháng,33.0,87782000.0,82892543.0,16398534.0,0,3,Khách hàng trung thành,0.557684586050783
1277,49,Nữ,Đà Nẵng,Miền Trung,Bông tai,Vàng 24K,24,1.43,0,Tự mua sắm,3056000.0,17010000.0,4.0,Không,Không,Có,Tiền mặt,Giao hàng tiêu chuẩn,Tại cửa hàng,20,Hai tuần một lần,15.0,12224000.0,11961184.0,4910281.0,0,3,Khách hàng trung thành,0.4500247011178977
1278,55,Nữ,An Giang,Miền Nam,Vòng tay,Vàng 18K,18,16.18,0,Tự mua sắm,25214000.0,34823000.0,4.3,Không,Không,Có,Thẻ tín dụng,Giao hàng nhanh,Online,2,Nửa năm một lần,163.0,10086000.0,10041622.0,4376314.0,0,0,Khách hàng phổ thông / mới,0.28267531392537837
1279,18,Nữ,Hà Nội,Miền Bắc,Nhẫn,Bạch kim,20,5.33,0,Sinh nhật,9857000.0,33392000.0,4.6,Không,Không,Không,Thẻ tín dụng,Giao hàng nhanh,Online,15,Hàng tháng,30.0,29571000.0,29946552.0,12009351.0,0,3,Khách hàng trung thành,0.5728850225876779
1280,59,Nam,Đà Nẵng,Miền Trung,Trang sức bộ,Vàng 18K,18,20.15,0,Tự mua sắm,32272000.0,24408000.0,3.0,Không,Không,Có,Tiền mặt,Giao hàng tiêu chuẩn,Online,21,Hàng năm,419.0,135542000.0,124901953.0,2369587.0,1,1,Khách hàng VIP (giá trị cao nhất),0.6080993278191864
1281,53,Nam,TP. Hồ Chí Minh,Miền Nam,Bông tai,Bạc,5,3.49,0,Sinh nhật,467000.0,22557000.0,2.7,Không,Không,Không,Tiền mặt,Giao hàng nhanh,Online,28,Nửa năm một lần,193.0,2615000.0,2365006.0,102896.0,1,3,Khách hàng trung thành,0.7599554397693141
1282,53,Nam,Bà Rịa - Vũng Tàu,Miền Nam,Lắc chân,Vàng 24K,24,7.11,0,Quà tặng người yêu,15740000.0,26664000.0,2.8,Có,Không,Không,Ví điện tử (Momo/ZaloPay),Giao hàng nhanh,Online,17,Hàng năm,313.0,53516000.0,58958577.0,1615433.0,1,2,Khách hàng có nguy cơ rời bỏ,0.5787542547800003
1283,36,Nữ,Gia Lai,Miền Trung,Dây chuyền,Vàng 18K,18,3.3,0,Quà tặng người yêu,5897000.0,22907000.0,2.9,Có,Không,Không,Chuyển khoản ngân hàng,Giao hàng tiêu chuẩn,Online,1,Hàng quý,78.0,1179000.0,1307039.0,2346482.0,1,0,Khách hàng phổ thông / mới,0.6230170572184528
1284,56,Nữ,Cần Thơ,Miền Nam,Trang sức bộ,Vàng 18K,18,23.77,0,Tự mua sắm,33921000.0,22590000.0,3.3,Có,Có,Không,Ví điện tử (Momo/ZaloPay),Giao hàng nhanh,Tại cửa hàng,11,Nửa năm một lần,195.0,74626000.0,84790061.0,4928247.0,0,3,Khách hàng trung thành,0.20540533955834958
1285,36,Nữ,Nam Định,Miền Bắc,Nhẫn,Bạc,5,4.96,0,Quà tặng gia đình,486000.0,17006000.0,2.6,Có,Không,Không,Chuyển khoản ngân hàng,Giao hàng nhanh,Tại cửa hàng,30,Hàng quý,97.0,2916000.0,3172316.0,153922.0,0,3,Khách hàng trung thành,0.4521094907885102
1286,20,Nữ,Thanh Hóa,Miền Trung,Nhẫn,Bạc,5,6.34,0,Quà tặng người yêu,643000.0,14890000.0,4.6,Không,Không,Có,Thẻ tín dụng,Giao hàng tiêu chuẩn,Online,15,Hàng quý,99.0,1929000.0,1953498.0,189501.0,0,0,Khách hàng phổ thông / mới,0.4156276804760785
1287,61,Nam,Tiền Giang,Miền Nam,Lắc chân,Vàng đính đá quý,18,6.22,1,Sinh nhật,13586000.0,25133000.0,4.6,Không,Có,Không,Tiền mặt,Nhận tại cửa hàng,Online,12,Nửa năm một lần,171.0,32606000.0,33020096.0,2687310.0,0,0,Khách hàng phổ thông / mới,0.3591942956362721
1288,29,Nữ,Bà Rịa - Vũng Tàu,Miền Nam,Lắc chân,Vàng đính đá quý,18,3.67,1,Cưới hỏi,12616000.0,20714000.0,4.3,Không,Không,Không,Chuyển khoản ngân hàng,Giao hàng tiêu chuẩn,Online,27,Hàng tháng,33.0,68126000.0,67826246.0,13444142.0,0,3,Khách hàng trung thành,0.539729272650439
1289,22,Nữ,Bình Định,Miền Trung,Vòng tay,Bạc,5,10.24,0,Tự mua sắm,1419000.0,29600000.0,3.4,Không,Không,Có,Ví điện tử (Momo/ZaloPay),Giao hàng nhanh,Online,13,Hàng năm,419.0,3689000.0,3483523.0,87225.0,1,2,Khách hàng có nguy cơ rời bỏ,0.6479081114791021
1290,47,Nữ,Đà Nẵng,Miền Trung,Nhẫn,Vàng 24K,24,5.42,0,Tự mua sắm,12196000.0,19007000.0,4.3,Không,Không,Không,Tiền mặt,Nhận tại cửa hàng,Online,24,Nửa năm một lần,186.0,58541000.0,58283420.0,1495737.0,1,3,Khách hàng trung thành,0.6217946032181783
1291,29,Nữ,Đà Nẵng,Miền Trung,Dây chuyền,Vàng đính đá quý,18,9.54,1,Tự mua sắm,18257000.0,13264000.0,3.9,Có,Có,Không,Thẻ tín dụng,Nhận tại cửa hàng,Tại cửa hàng,1,Nửa năm một lần,187.0,3651000.0,4299418.0,1960869.0,0,0,Khách hàng phổ thông / mới,0.16028983166094035
1292,59,Nữ,Hà Nội,Miền Bắc,Bông tai,Vàng đính đá quý,18,5.23,1,Tự mua sắm,13609000.0,11312000.0,4.2,Có,Không,Có,Thẻ tín dụng,Giao hàng tiêu chuẩn,Tại cửa hàng,18,Hàng tháng,28.0,48992000.0,58707114.0,15914342.0,0,3,Khách hàng trung thành,0.1311522051919603
1293,39,Nữ,An Giang,Miền Nam,Lắc chân,Vàng đính đá quý,18,5.43,1,Tự mua sắm,10617000.0,14963000.0,2.7,Không,Có,Không,Ví điện tử (Momo/ZaloPay),Giao hàng nhanh,Tại cửa hàng,1,Hai tuần một lần,13.0,2123000.0,1920041.0,19634770.0,0,0,Khách hàng phổ thông / mới,0.4838328552490718
1294,18,Nữ,Cần Thơ,Miền Nam,Dây chuyền,Vàng 18K,18,9.83,0,Quà tặng người yêu,15264000.0,9014000.0,4.7,Không,Có,Không,Tiền mặt,Giao hàng tiêu chuẩn,Tại cửa hàng,6,Hai tuần một lần,12.0,18317000.0,18654033.0,23372225.0,0,0,Khách hàng phổ thông / mới,0.3220894768185004
1295,63,Nữ,Đà Nẵng,Miền Trung,Nhẫn,Vàng 24K,24,7.84,0,Sinh nhật,15730000.0,29813000.0,3.4,Không,Có,Có,Tiền mặt,Nhận tại cửa hàng,Online,17,Nửa năm một lần,166.0,53482000.0,50503053.0,3041606.0,1,3,Khách hàng trung thành,0.4868113328685896
1296,42,Nam,Hưng Yên,Miền Bắc,Bông tai,Bạch kim,20,2.57,0,Cưới hỏi,4623000.0,17544000.0,3.2,Không,Có,Có,Tiền mặt,Giao hàng tiêu chuẩn,Online,19,Hàng tháng,27.0,17567000.0,16388254.0,7441694.0,0,3,Khách hàng trung thành,0.4225672742343385
1297,30,Nam,Lào Cai,Miền Bắc,Bông tai,Vàng 18K,18,3.18,0,Quà tặng gia đình,4829000.0,14425000.0,3.5,Có,Có,Có,Tiền mặt,Nhận tại cửa hàng,Online,4,Hàng năm,383.0,3863000.0,4442450.0,377837.0,0,2,Khách hàng có nguy cơ rời bỏ,0.1568918045145876
1298,50,Nữ,Hải Phòng,Miền Bắc,Dây chuyền,Vàng 18K,18,14.93,0,Tự mua sắm,24048000.0,24358000.0,3.1,Không,Không,Không,Ví điện tử (Momo/ZaloPay),Nhận tại cửa hàng,Online,15,Hàng năm,315.0,72144000.0,66891917.0,2635955.0,1,2,Khách hàng có nguy cơ rời bỏ,0.7557301968547587
1299,43,Nam,TP. Hồ Chí Minh,Miền Nam,Vòng tay,Vàng 18K,18,7.17,0,Quà tặng người yêu,11836000.0,34223000.0,5.0,Không,Không,Không,Thẻ tín dụng,Giao hàng nhanh,Online,13,Hàng tuần,8.0,30774000.0,31866477.0,36031007.0,0,0,Khách hàng phổ thông / mới,0.4612469073603344
1300,19,Nam,Bình Định,Miền Trung,Trang sức bộ,Bạc,5,24.34,0,Cưới hỏi,1929000.0,16152000.0,4.1,Không,Không,Không,Thẻ tín dụng,Nhận tại cửa hàng,Tại cửa hàng,14,Nửa năm một lần,205.0,5401000.0,5315664.0,277268.0,1,0,Khách hàng phổ thông / mới,0.4712272750165128
1301,54,Nữ,Nam Định,Miền Bắc,Dây chuyền,Vàng 18K,18,7.44,0,Sinh nhật,10487000.0,13302000.0,4.7,Không,Có,Không,Thẻ tín dụng,Giao hàng nhanh,Online,25,Hàng tháng,28.0,52435000.0,53399804.0,13094897.0,0,3,Khách hàng trung thành,0.37432043255568054
1302,37,Nam,Quảng Ngãi,Miền Trung,Vòng tay,Bạc,5,5.69,0,Quà tặng gia đình,531000.0,17451000.0,4.9,Có,Không,Không,Ví điện tử (Momo/ZaloPay),Giao hàng nhanh,Tại cửa hàng,29,Hàng quý,101.0,3080000.0,3839528.0,149482.0,0,3,Khách hàng trung thành,0.26042344630723974
1303,51,Nữ,Tây Ninh,Miền Nam,Vòng tay,Bạc,5,16.41,0,Quà tặng người yêu,1154000.0,8049000.0,4.0,Không,Không,Có,Chuyển khoản ngân hàng,Giao hàng tiêu chuẩn,Online,3,Hàng tháng,30.0,692000.0,677122.0,1209543.0,0,0,Khách hàng phổ thông / mới,0.3877729790025491
1304,60,Nữ,Hải Phòng,Miền Bắc,Vòng tay,Bạc,5,7.98,0,Tự mua sắm,526000.0,25203000.0,4.5,Có,Không,Không,Thẻ tín dụng,Nhận tại cửa hàng,Tại cửa hàng,30,Hàng năm,404.0,3156000.0,3847164.0,41321.0,0,2,Khách hàng có nguy cơ rời bỏ,0.26494751715553044
1305,47,Nữ,Đà Nẵng,Miền Trung,Lắc chân,Vàng 24K,24,11.03,0,Cưới hỏi,24143000.0,24858000.0,4.8,Không,Không,Không,Ví điện tử (Momo/ZaloPay),Giao hàng tiêu chuẩn,Online,2,Hàng năm,386.0,9657000.0,9889734.0,1650750.0,1,2,Khách hàng có nguy cơ rời bỏ,0.5757863825113299
1306,50,Nữ,Quảng Nam,Miền Trung,Vòng tay,Vàng đính đá quý,18,11.27,1,Tự mua sắm,20369000.0,17924000.0,2.9,Không,Có,Có,Tiền mặt,Giao hàng nhanh,Tại cửa hàng,29,Hai tuần một lần,12.0,118140000.0,108192612.0,60015610.0,0,1,Khách hàng VIP (giá trị cao nhất),0.42022871422987085
1307,30,Nữ,Quảng Ninh,Miền Bắc,Vòng tay,Vàng 18K,18,7.17,0,Tự mua sắm,10508000.0,11957000.0,3.2,Không,Có,Có,Chuyển khoản ngân hàng,Nhận tại cửa hàng,Online,19,Hàng tháng,32.0,39930000.0,37250697.0,9541007.0,0,3,Khách hàng trung thành,0.3377247599569466
1308,29,Nữ,Khánh Hòa,Miền Trung,Nhẫn,Vàng 18K,18,3.1,0,Cưới hỏi,5210000.0,36542000.0,3.5,Không,Không,Không,Thẻ tín dụng,Nhận tại cửa hàng,Online,23,Hàng quý,94.0,23966000.0,22767700.0,1436573.0,0,3,Khách hàng trung thành,0.5895999104156593
1309,37,Nam,Gia Lai,Miền Trung,Bông tai,Vàng 18K,18,5.16,0,Tự mua sắm,7366000.0,11614000.0,4.1,Có,Có,Không,Thẻ tín dụng,Nhận tại cửa hàng,Online,8,Hàng quý,98.0,11786000.0,14041840.0,2472657.0,0,0,Khách hàng phổ thông / mới,0.20318969995225974
1310,58,Nữ,Quảng Ninh,Miền Bắc,Nhẫn,Vàng 18K,18,3.93,0,Quà tặng người yêu,5382000.0,16229000.0,4.4,Không,Có,Không,Tiền mặt,Giao hàng nhanh,Online,18,Hai tuần một lần,15.0,19375000.0,19400188.0,9023200.0,0,3,Khách hàng trung thành,0.3764857899257182
1311,43,Nữ,Quảng Ninh,Miền Bắc,Nhẫn,Bạc,5,3.17,0,Lễ/Tết,540000.0,20819000.0,3.4,Không,Có,Không,Tiền mặt,Nhận tại cửa hàng,Online,18,Hàng năm,390.0,1944000.0,1835719.0,41749.0,1,2,Khách hàng có nguy cơ rời bỏ,0.6055526644666932
1312,34,Nam,Long An,Miền Nam,Vòng tay,Vàng 24K,24,8.73,0,Quà tặng người yêu,19262000.0,26066000.0,4.6,Không,Không,Có,Chuyển khoản ngân hàng,Nhận tại cửa hàng,Online,10,Hàng năm,381.0,38524000.0,39013255.0,1514203.0,0,2,Khách hàng có nguy cơ rời bỏ,0.333712102391333
1313,55,Nữ,Vĩnh Phúc,Miền Bắc,Vòng tay,Vàng đính đá quý,18,13.75,1,Tự mua sắm,28578000.0,20245000.0,4.1,Có,Không,Có,Ví điện tử (Momo/ZaloPay),Giao hàng tiêu chuẩn,Tại cửa hàng,16,Hàng quý,100.0,91450000.0,108953530.0,10249167.0,0,1,Khách hàng VIP (giá trị cao nhất),0.13334055370263256
1314,58,Nữ,Quảng Ngãi,Miền Trung,Trang sức bộ,Vàng 24K,24,16.42,0,Cưới hỏi,36287000.0,21728000.0,3.4,Không,Không,Không,Ví điện tử (Momo/ZaloPay),Giao hàng nhanh,Tại cửa hàng,29,Hàng năm,396.0,210465000.0,198742100.0,2983907.0,1,1,Khách hàng VIP (giá trị cao nhất),0.7317319515734592
1315,61,Nữ,Quảng Ngãi,Miền Trung,Bông tai,Vàng đính đá quý,18,5.68,1,Tự mua sắm,13657000.0,25944000.0,4.2,Không,Không,Không,Tiền mặt,Giao hàng nhanh,Online,4,Nửa năm một lần,195.0,10926000.0,10815647.0,2091612.0,1,0,Khách hàng phổ thông / mới,0.584537015477017
1316,32,Nữ,Long An,Miền Nam,Lắc chân,Bạc,5,3.44,1,Cưới hỏi,1275000.0,42360000.0,4.6,Có,Có,Không,Ví điện tử (Momo/ZaloPay),Giao hàng tiêu chuẩn,Online,14,Nửa năm một lần,161.0,3570000.0,4376463.0,272549.0,0,0,Khách hàng phổ thông / mới,0.1844900201275694
1317,52,Nam,TP. Hồ Chí Minh,Miền Nam,Dây chuyền,Vàng 24K,24,4.87,0,Tự mua sắm,10304000.0,17066000.0,3.3,Không,Có,Có,Tiền mặt,Nhận tại cửa hàng,Online,11,Hàng năm,417.0,22669000.0,21277123.0,926795.0,1,2,Khách hàng có nguy cơ rời bỏ,0.5224040278363741
1318,46,Nữ,Long An,Miền Nam,Vòng tay,Bạc,5,11.43,0,Quà tặng người yêu,1095000.0,17191000.0,3.5,Không,Không,Có,Ví điện tử (Momo/ZaloPay),Giao hàng tiêu chuẩn,Online,7,Hàng quý,100.0,1533000.0,1456350.0,361483.0,0,0,Khách hàng phổ thông / mới,0.3421941458297359
1319,39,Nam,Quảng Ngãi,Miền Trung,Trang sức bộ,Vàng 18K,18,15.21,0,Cưới hỏi,24393000.0,19587000.0,4.2,Có,Không,Không,Chuyển khoản ngân hàng,Giao hàng tiêu chuẩn,Online,15,Hàng quý,91.0,73179000.0,87690396.0,8056634.0,0,3,Khách hàng trung thành,0.3006603471934568
1320,37,Nam,Đà Nẵng,Miền Trung,Dây chuyền,Vàng đính đá quý,18,12.34,1,Lễ/Tết,24198000.0,24973000.0,3.6,Không,Không,Có,Ví điện tử (Momo/ZaloPay),Giao hàng tiêu chuẩn,Tại cửa hàng,4,Hàng tháng,34.0,19358000.0,18500441.0,16309512.0,0,0,Khách hàng phổ thông / mới,0.3098497097193283
1321,23,Nam,Nghệ An,Miền Trung,Lắc chân,Bạch kim,20,11.25,0,Sinh nhật,21088000.0,37056000.0,2.9,Không,Không,Có,Tiền mặt,Giao hàng tiêu chuẩn,Online,4,Nửa năm một lần,184.0,16870000.0,15449546.0,2779076.0,1,0,Khách hàng phổ thông / mới,0.6758373356875299
1322,31,Nữ,Nghệ An,Miền Trung,Vòng tay,Bạc,5,14.0,0,Sinh nhật,839000.0,19085000.0,4.6,Có,Có,Không,Ví điện tử (Momo/ZaloPay),Giao hàng nhanh,Online,26,Hàng tháng,30.0,4363000.0,5348602.0,792905.0,0,3,Khách hàng trung thành,0.14046830043201008
1323,44,Nữ,Huế,Miền Trung,Nhẫn,Vàng 18K,18,7.05,0,Tự mua sắm,11042000.0,24523000.0,3.0,Có,Không,Không,Thẻ tín dụng,Nhận tại cửa hàng,Tại cửa hàng,10,Hàng tháng,33.0,22084000.0,24634702.0,8936871.0,0,0,Khách hàng phổ thông / mới,0.4521981634360673
1324,60,Nữ,Bắc Ninh,Miền Bắc,Vòng tay,Vàng đính đá quý,18,17.01,1,Sinh nhật,29222000.0,6486000.0,3.1,Không,Có,Có,Chuyển khoản ngân hàng,Nhận tại cửa hàng,Tại cửa hàng,10,Hàng quý,87.0,58444000.0,54189277.0,9737427.0,0,0,Khách hàng phổ thông / mới,0.30898992153533317
1325,59,Nam,Huế,Miền Trung,Nhẫn,Bạc,5,2.53,0,Lễ/Tết,407000.0,21992000.0,4.7,Không,Không,Không,Chuyển khoản ngân hàng,Nhận tại cửa hàng,Online,20,Hàng quý,96.0,1628000.0,1657955.0,128484.0,0,3,Khách hàng trung thành,0.5296422663385362
1326,27,Nam,Nghệ An,Miền Trung,Nhẫn,Bạc,5,4.81,0,Sinh nhật,300000.0,19521000.0,4.1,Có,Có,Không,Chuyển khoản ngân hàng,Nhận tại cửa hàng,Online,23,Hàng tháng,33.0,1380000.0,1644132.0,298730.0,0,3,Khách hàng trung thành,0.18920386161555505
1327,50,Nữ,Hà Nội,Miền Bắc,Nhẫn,Vàng 18K,18,5.59,0,Quà tặng gia đình,8978000.0,28134000.0,3.8,Không,Không,Không,Chuyển khoản ngân hàng,Giao hàng nhanh,Tại cửa hàng,26,Hàng tháng,34.0,46686000.0,45150031.0,7821239.0,0,3,Khách hàng trung thành,0.642889200810801
1328,22,Nam,Hưng Yên,Miền Bắc,Nhẫn,Vàng 18K,18,7.89,0,Lễ/Tết,12803000.0,15699000.0,3.5,Không,Không,Có,Thẻ tín dụng,Nhận tại cửa hàng,Tại cửa hàng,19,Hàng năm,379.0,48651000.0,46218450.0,1102176.0,1,2,Khách hàng có nguy cơ rời bỏ,0.5378587295254769
1329,50,Nữ,TP. Hồ Chí Minh,Miền Nam,Dây chuyền,Bạc,5,12.98,0,Sinh nhật,401000.0,12443000.0,3.0,Không,Có,Không,Thẻ tín dụng,Giao hàng tiêu chuẩn,Tại cửa hàng,8,Nửa năm một lần,170.0,642000.0,591603.0,71586.0,1,0,Khách hàng phổ thông / mới,0.6473417946530479
1330,34,Nữ,Đắk Lắk,Miền Trung,Lắc chân,Bạc,5,8.55,0,Cưới hỏi,611000.0,21648000.0,2.7,Không,Không,Không,Tiền mặt,Giao hàng nhanh,Online,9,Hàng quý,98.0,1100000.0,994840.0,120532.0,1,0,Khách hàng phổ thông / mới,0.7473080222489789
1331,39,Nữ,Đồng Nai,Miền Nam,Dây chuyền,Vàng đính đá quý,18,4.33,1,Tự mua sắm,8918000.0,9426000.0,4.8,Có,Có,Không,Chuyển khoản ngân hàng,Giao hàng tiêu chuẩn,Tại cửa hàng,22,Hàng năm,320.0,39239000.0,48644588.0,694701.0,0,2,Khách hàng có nguy cơ rời bỏ,0.16523926611194933
1332,52,Nữ,Bình Định,Miền Trung,Lắc chân,Bạc,5,7.29,0,Tự mua sắm,686000.0,15494000.0,2.6,Có,Không,Không,Chuyển khoản ngân hàng,Nhận tại cửa hàng,Online,26,Hàng năm,381.0,3567000.0,3880539.0,52615.0,1,2,Khách hàng có nguy cơ rời bỏ,0.5652119440268238
1333,38,Nam,Long An,Miền Nam,Vòng tay,Bạc,5,15.24,0,Quà tặng người yêu,657000.0,20665000.0,2.7,Không,Có,Không,Chuyển khoản ngân hàng,Nhận tại cửa hàng,Online,28,Hai tuần một lần,15.0,3679000.0,3327288.0,1027883.0,0,3,Khách hàng trung thành,0.5635958452038097
1334,56,Nam,Đồng Nai,Miền Nam,Nhẫn,Vàng 18K,18,7.57,0,Cưới hỏi,11788000.0,6000000.0,4.4,Không,Không,Không,Chuyển khoản ngân hàng,Nhận tại cửa hàng,Online,26,Nửa năm một lần,203.0,61298000.0,61377687.0,1930190.0,1,3,Khách hàng trung thành,0.6321820698619459
1335,43,Nữ,Hải Phòng,Miền Bắc,Nhẫn,Bạch kim,20,6.11,0,Quà tặng người yêu,11752000.0,18790000.0,4.7,Không,Không,Không,Thẻ tín dụng,Giao hàng tiêu chuẩn,Online,19,Hàng tháng,29.0,44658000.0,45479707.0,15506989.0,1,3,Khách hàng trung thành,0.6290853141857853
1336,65,Nữ,Tây Ninh,Miền Nam,Trang sức bộ,Vàng 18K,18,12.59,0,Tự mua sắm,21407000.0,32963000.0,4.3,Không,Không,Có,Tiền mặt,Giao hàng tiêu chuẩn,Online,6,Hàng quý,97.0,25688000.0,25574973.0,8073157.0,0,0,Khách hàng phổ thông / mới,0.23418340686045405
1337,48,Nữ,Hà Nội,Miền Bắc,Vòng tay,Vàng đính đá quý,18,14.14,1,Tự mua sắm,29983000.0,9603000.0,3.1,Không,Không,Không,Ví điện tử (Momo/ZaloPay),Nhận tại cửa hàng,Online,13,Nửa năm một lần,186.0,77956000.0,72280803.0,4650171.0,1,3,Khách hàng trung thành,0.7822246512320271
1338,32,Nam,Gia Lai,Miền Trung,Trang sức bộ,Vàng 18K,18,20.09,0,Quà tặng người yêu,32158000.0,15136000.0,3.2,Không,Không,Không,Ví điện tử (Momo/ZaloPay),Giao hàng nhanh,Tại cửa hàng,4,Hàng tuần,7.0,25726000.0,23999785.0,122360936.0,0,0,Khách hàng phổ thông / mới,0.5674326869511759
1339,55,Nữ,Đồng Nai,Miền Nam,Dây chuyền,Bạc,5,8.06,0,Sinh nhật,543000.0,25419000.0,4.9,Có,Không,Không,Ví điện tử (Momo/ZaloPay),Giao hàng nhanh,Tại cửa hàng,14,Hàng quý,95.0,1520000.0,1894832.0,176062.0,0,0,Khách hàng phổ thông / mới,0.2618966913092061
1340,37,Nữ,Lào Cai,Miền Bắc,Bông tai,Vàng đính đá quý,18,4.16,1,Tự mua sắm,11573000.0,25928000.0,4.3,Không,Không,Không,Tiền mặt,Giao hàng nhanh,Tại cửa hàng,19,Hàng tháng,27.0,43977000.0,43783501.0,12078670.0,0,3,Khách hàng trung thành,0.573788044345528
1341,43,Nữ,Gia Lai,Miền Trung,Bông tai,Bạch kim,20,5.5,0,Quà tặng gia đình,9363000.0,20986000.0,4.6,Không,Có,Không,Chuyển khoản ngân hàng,Nhận tại cửa hàng,Tại cửa hàng,21,Hàng quý,96.0,39325000.0,39824428.0,2602877.0,0,3,Khách hàng trung thành,0.37587578803490235
1342,24,Nam,Thanh Hóa,Miền Trung,Trang sức bộ,Vàng 18K,18,28.99,0,Quà tặng người yêu,46459000.0,18136000.0,3.6,Không,Không,Không,Chuyển khoản ngân hàng,Giao hàng tiêu chuẩn,Online,8,Hai tuần một lần,12.0,74334000.0,71041004.0,109823902.0,0,0,Khách hàng phổ thông / mới,0.4202803992560193
1343,23,Nữ,Hà Nội,Miền Bắc,Nhẫn,Bạc,5,1.64,0,Cưới hỏi,300000.0,30954000.0,4.4,Không,Có,Không,Tiền mặt,Giao hàng nhanh,Online,21,Hàng năm,417.0,1260000.0,1261638.0,20075.0,0,2,Khách hàng có nguy cơ rời bỏ,0.4174457217651189
1344,45,Nam,Hà Nội,Miền Bắc,Trang sức bộ,Vàng 24K,24,13.67,0,Cưới hỏi,28006000.0,22189000.0,5.0,Không,Có,Không,Ví điện tử (Momo/ZaloPay),Giao hàng tiêu chuẩn,Online,10,Hàng quý,80.0,56012000.0,58000426.0,10824406.0,0,0,Khách hàng phổ thông / mới,0.29222387550939805
1345,26,Nữ,Hà Nội,Miền Bắc,Dây chuyền,Vàng 24K,24,7.36,0,Tự mua sắm,16490000.0,12156000.0,3.4,Có,Không,Không,Ví điện tử (Momo/ZaloPay),Nhận tại cửa hàng,Tại cửa hàng,21,Hàng tháng,34.0,69258000.0,79168820.0,14970543.0,0,3,Khách hàng trung thành,0.37413457105942316
1346,65,Nữ,Hải Phòng,Miền Bắc,Lắc chân,Bạch kim,20,9.16,0,Quà tặng người yêu,17537000.0,22741000.0,3.3,Có,Không,Không,Thẻ tín dụng,Giao hàng tiêu chuẩn,Online,29,Nửa năm một lần,168.0,101715000.0,115568583.0,3133324.0,1,1,Khách hàng VIP (giá trị cao nhất),0.6507474091581108
1347,59,Nữ,Gia Lai,Miền Trung,Vòng tay,Bạch kim,20,14.51,0,Quà tặng người yêu,27467000.0,20596000.0,2.6,Có,Không,Không,Chuyển khoản ngân hàng,Giao hàng tiêu chuẩn,Tại cửa hàng,9,Hàng tuần,7.0,49441000.0,53786864.0,88881746.0,0,0,Khách hàng phổ thông / mới,0.46275043256825094
1348,51,Nữ,Khánh Hòa,Miền Trung,Vòng tay,Vàng 24K,24,12.56,0,Tự mua sắm,27521000.0,17989000.0,4.3,Không,Không,Không,Ví điện tử (Momo/ZaloPay),Giao hàng tiêu chuẩn,Online,6,Nửa năm một lần,186.0,33025000.0,32879690.0,5390194.0,1,0,Khách hàng phổ thông / mới,0.4209404270817835
1349,53,Nữ,Đà Nẵng,Miền Trung,Dây chuyền,Vàng đính đá quý,18,8.16,1,Sinh nhật,18761000.0,9412000.0,3.1,Không,Không,Không,Ví điện tử (Momo/ZaloPay),Nhận tại cửa hàng,Tại cửa hàng,30,Hàng quý,89.0,112566000.0,104371195.0,7404818.0,1,1,Khách hàng VIP (giá trị cao nhất),0.7951898212824589
1350,46,Nam,TP. Hồ Chí Minh,Miền Nam,Lắc chân,Vàng 18K,18,10.11,0,Quà tặng người yêu,15823000.0,20710000.0,3.1,Không,Không,Có,Ví điện tử (Momo/ZaloPay),Giao hàng tiêu chuẩn,Tại cửa hàng,15,Hàng tuần,7.0,47469000.0,44013257.0,34781408.0,0,3,Khách hàng trung thành,0.3916753545720122
1351,20,Nam,Hà Nội,Miền Bắc,Dây chuyền,Vàng đính đá quý,18,4.15,1,Sinh nhật,8306000.0,23278000.0,4.1,Không,Có,Không,Ví điện tử (Momo/ZaloPay),Nhận tại cửa hàng,Online,7,Hàng tháng,32.0,11628000.0,11444278.0,4207203.0,0,0,Khách hàng phổ thông / mới,0.3179266252932086
1352,36,Nữ,Hưng Yên,Miền Bắc,Vòng tay,Bạch kim,20,13.93,0,Quà tặng người yêu,23594000.0,25413000.0,4.3,Không,Có,Không,Chuyển khoản ngân hàng,Nhận tại cửa hàng,Tại cửa hàng,9,Hai tuần một lần,13.0,42469000.0,42282136.0,63604574.0,0,0,Khách hàng phổ thông / mới,0.2666710147321336
1353,41,Nữ,Bình Dương,Miền Nam,Vòng tay,Vàng đính đá quý,18,17.13,1,Cưới hỏi,28797000.0,20538000.0,3.5,Không,Có,Không,Ví điện tử (Momo/ZaloPay),Nhận tại cửa hàng,Online,15,Nửa năm một lần,197.0,86391000.0,82071450.0,3306371.0,0,3,Khách hàng trung thành,0.39076922926148316
1354,61,Nam,An Giang,Miền Nam,Bông tai,Bạch kim,20,2.36,0,Sinh nhật,4136000.0,21909000.0,4.9,Không,Có,Có,Ví điện tử (Momo/ZaloPay),Giao hàng nhanh,Online,11,Nửa năm một lần,181.0,9099000.0,9370150.0,657790.0,0,0,Khách hàng phổ thông / mới,0.12138974512897564
1355,28,Nam,Đà Nẵng,Miền Trung,Vòng tay,Vàng đính đá quý,18,8.03,1,Quà tặng người yêu,16263000.0,15760000.0,2.9,Có,Không,Không,Tiền mặt,Giao hàng nhanh,Online,28,Hai tuần một lần,14.0,91073000.0,100963528.0,27509317.0,0,1,Khách hàng VIP (giá trị cao nhất),0.43294351602564624
1356,41,Nữ,Hà Nội,Miền Bắc,Bông tai,Bạc,5,4.37,0,Quà tặng người yêu,343000.0,27236000.0,3.8,Không,Có,Có,Chuyển khoản ngân hàng,Nhận tại cửa hàng,Online,12,Hai tuần một lần,15.0,823000.0,795923.0,463491.0,0,0,Khách hàng phổ thông / mới,0.21518053630065087
1357,34,Nam,Đồng Nai,Miền Nam,Vòng tay,Vàng 18K,18,7.63,0,Lễ/Tết,11622000.0,11716000.0,4.0,Có,Có,Không,Thẻ tín dụng,Giao hàng tiêu chuẩn,Tại cửa hàng,15,Hàng năm,378.0,34866000.0,41298777.0,1012279.0,0,2,Khách hàng có nguy cơ rời bỏ,0.1403062156324625
1358,24,Nam,Bà Rịa - Vũng Tàu,Miền Nam,Bông tai,Vàng 18K,18,3.44,0,Lễ/Tết,5244000.0,15793000.0,4.0,Có,Không,Không,Thẻ tín dụng,Giao hàng tiêu chuẩn,Online,8,Hàng tháng,26.0,8390000.0,9937955.0,6877594.0,0,0,Khách hàng phổ thông / mới,0.308409626416084
1359,22,Nữ,Huế,Miền Trung,Bông tai,Bạch kim,20,3.49,0,Quà tặng người yêu,9395000.0,13679000.0,4.1,Không,Có,Không,Tiền mặt,Giao hàng tiêu chuẩn,Online,22,Hàng tháng,32.0,41338000.0,40684860.0,7893809.0,0,3,Khách hàng trung thành,0.39440395964879993
1360,35,Nữ,Hải Dương,Miền Bắc,Bông tai,Vàng 24K,24,1.3,0,Tự mua sắm,3041000.0,19318000.0,4.1,Không,Không,Không,Chuyển khoản ngân hàng,Nhận tại cửa hàng,Online,23,Nửa năm một lần,181.0,13989000.0,13767974.0,268958.0,1,3,Khách hàng trung thành,0.5840007401691573
1361,21,Nữ,Hà Nội,Miền Bắc,Lắc chân,Vàng đính đá quý,18,11.18,1,Quà tặng người yêu,21006000.0,28449000.0,4.5,Có,Không,Không,Ví điện tử (Momo/ZaloPay),Giao hàng tiêu chuẩn,Tại cửa hàng,17,Hai tuần một lần,12.0,71420000.0,87060980.0,47351515.0,0,3,Khách hàng trung thành,0.2531033004619203
1362,21,Nữ,Gia Lai,Miền Trung,Vòng tay,Vàng 24K,24,7.86,0,Lễ/Tết,17269000.0,10946000.0,4.5,Không,Không,Không,Thẻ tín dụng,Nhận tại cửa hàng,Online,25,Hàng năm,331.0,86345000.0,86949415.0,1675549.0,1,2,Khách hàng có nguy cơ rời bỏ,0.5972620080959896
1363,34,Nam,An Giang,Miền Nam,Nhẫn,Vàng đính đá quý,18,4.64,1,Lễ/Tết,9750000.0,21995000.0,4.9,Có,Có,Không,Chuyển khoản ngân hàng,Nhận tại cửa hàng,Online,9,Hàng tuần,6.0,17550000.0,21877830.0,21463531.0,0,0,Khách hàng phổ thông / mới,0.15618108393073332
1364,27,Nữ,TP. Hồ Chí Minh,Miền Nam,Bông tai,Vàng 18K,18,1.66,0,Tự mua sắm,2933000.0,21731000.0,4.8,Có,Không,Có,Thẻ tín dụng,Nhận tại cửa hàng,Tại cửa hàng,17,Hàng năm,407.0,9972000.0,12362288.0,223327.0,0,2,Khách hàng có nguy cơ rời bỏ,0.1868023039967361
1365,44,Nữ,Lào Cai,Miền Bắc,Nhẫn,Vàng đính đá quý,18,6.11,1,Tự mua sắm,17192000.0,13892000.0,3.8,Không,Không,Có,Chuyển khoản ngân hàng,Giao hàng nhanh,Tại cửa hàng,22,Hàng quý,93.0,75645000.0,73156280.0,5530523.0,0,3,Khách hàng trung thành,0.44617909819068113
1366,18,Nữ,TP. Hồ Chí Minh,Miền Nam,Nhẫn,Vàng đính đá quý,18,7.99,1,Cưới hỏi,13289000.0,17732000.0,4.3,Không,Có,Có,Tiền mặt,Giao hàng nhanh,Tại cửa hàng,27,Hàng tháng,26.0,71761000.0,71445252.0,16932319.0,0,3,Khách hàng trung thành,0.28752771283176465
1367,32,Nam,Cần Thơ,Miền Nam,Bông tai,Vàng 18K,18,2.51,0,Cưới hỏi,4563000.0,13643000.0,3.5,Không,Không,Không,Ví điện tử (Momo/ZaloPay),Nhận tại cửa hàng,Online,10,Hàng quý,98.0,9126000.0,8669700.0,1426903.0,0,0,Khách hàng phổ thông / mới,0.5014368598712796
1368,39,Nam,Đà Nẵng,Miền Trung,Dây chuyền,Bạc,5,14.1,1,Sinh nhật,6444000.0,21045000.0,4.1,Không,Không,Không,Thẻ tín dụng,Giao hàng nhanh,Tại cửa hàng,5,Hàng năm,387.0,6444000.0,6342185.0,412040.0,1,2,Khách hàng có nguy cơ rời bỏ,0.6262183591335644
1369,64,Nam,Cần Thơ,Miền Nam,Vòng tay,Vàng 18K,18,15.95,1,Quà tặng người yêu,27215000.0,20389500.0,2.5,Không,Không,Không,Chuyển khoản ngân hàng,Nhận tại cửa hàng,Online,24,Hàng quý,90.0,130632000.0,116654376.0,11025548.0,1,1,Khách hàng VIP (giá trị cao nhất),0.7440730853503315
1370,48,Nữ,Nghệ An,Miền Trung,Trang sức bộ,Bạch kim,20,34.14,0,Tự mua sắm,59253000.0,31414000.0,3.4,Có,Có,Không,Ví điện tử (Momo/ZaloPay),Giao hàng nhanh,Tại cửa hàng,16,Hai tuần một lần,15.0,189610000.0,216743191.0,115124393.0,0,1,Khách hàng VIP (giá trị cao nhất),0.17368717660140628
1371,60,Nữ,Thanh Hóa,Miền Trung,Nhẫn,Bạch kim,20,5.87,1,Sinh nhật,17292000.0,16243000.0,4.8,Không,Không,Không,Tiền mặt,Nhận tại cửa hàng,Online,2,Hàng năm,394.0,6917000.0,7083700.0,1310179.0,1,2,Khách hàng có nguy cơ rời bỏ,0.6281370655599576
1372,34,Nữ,Đắk Lắk,Miền Trung,Nhẫn,Vàng 18K,18,5.93,0,Quà tặng người yêu,9272000.0,18836000.0,4.2,Không,Không,Không,Ví điện tử (Momo/ZaloPay),Giao hàng nhanh,Online,25,Hàng tháng,30.0,46360000.0,45891764.0,7714413.0,0,3,Khách hàng trung thành,0.5506462367594142
1373,39,Nữ,Đà Nẵng,Miền Trung,Nhẫn,Vàng 24K,24,7.63,0,Tự mua sắm,16450000.0,17725000.0,2.5,Không,Không,Không,Chuyển khoản ngân hàng,Giao hàng tiêu chuẩn,Tại cửa hàng,15,Hai tuần một lần,15.0,49350000.0,44069550.0,30274883.0,0,3,Khách hàng trung thành,0.6826130795362233
1374,38,Nữ,Tây Ninh,Miền Nam,Dây chuyền,Vàng 18K,18,11.73,0,Tự mua sắm,16175000.0,29777000.0,3.8,Không,Có,Có,Ví điện tử (Momo/ZaloPay),Nhận tại cửa hàng,Online,19,Hai tuần một lần,12.0,61465000.0,59442802.0,33997242.0,0,3,Khách hàng trung thành,0.2579595647148512
1375,60,Nữ,Khánh Hòa,Miền Trung,Bông tai,Vàng 24K,24,5.24,1,Tự mua sắm,13915000.0,18154000.0,3.4,Không,Có,Không,Chuyển khoản ngân hàng,Giao hàng nhanh,Online,11,Hàng năm,365.0,30613000.0,28907856.0,1108095.0,1,2,Khách hàng có nguy cơ rời bỏ,0.47255355578079644
1376,64,Nam,Nghệ An,Miền Trung,Bông tai,Bạch kim,20,2.42,0,Sinh nhật,4473000.0,20389500.0,4.5,Không,Không,Có,Tiền mặt,Giao hàng tiêu chuẩn,Tại cửa hàng,30,Hàng tháng,29.0,26838000.0,27025866.0,6052929.0,0,3,Khách hàng trung thành,0.2598367088783803
1377,64,Nữ,Nghệ An,Miền Trung,Vòng tay,Vàng 18K,18,7.53,0,Lễ/Tết,12313000.0,16408000.0,2.8,Không,Không,Có,Chuyển khoản ngân hàng,Giao hàng tiêu chuẩn,Tại cửa hàng,13,Hàng tháng,28.0,32014000.0,29135941.0,9934715.0,0,0,Khách hàng phổ thông / mới,0.35759358434832555
1378,54,Nữ,Bình Định,Miền Trung,Dây chuyền,Vàng đính đá quý,18,10.68,1,Quà tặng người yêu,20514000.0,15693000.0,4.0,Có,Không,Có,Chuyển khoản ngân hàng,Giao hàng tiêu chuẩn,Online,18,Hàng năm,361.0,73850000.0,87475325.0,1209631.0,0,2,Khách hàng có nguy cơ rời bỏ,0.1476547449668914
1379,42,Nam,Thanh Hóa,Miền Trung,Vòng tay,Vàng đính đá quý,18,8.79,1,Tự mua sắm,19929000.0,16451000.0,4.3,Không,Không,Có,Ví điện tử (Momo/ZaloPay),Giao hàng nhanh,Tại cửa hàng,17,Nửa năm một lần,176.0,67759000.0,67460860.0,4296547.0,1,3,Khách hàng trung thành,0.48024191318938403
1380,43,Nữ,TP. Hồ Chí Minh,Miền Nam,Nhẫn,Vàng đính đá quý,18,4.29,1,Sinh nhật,9276000.0,14590000.0,4.0,Không,Có,Không,Chuyển khoản ngân hàng,Nhận tại cửa hàng,Tại cửa hàng,29,Hàng tháng,27.0,53801000.0,52644278.0,9918329.0,0,3,Khách hàng trung thành,0.40996753723068036
1381,65,Nữ,Nghệ An,Miền Trung,Bông tai,Bạc,5,5.28,0,Quà tặng người yêu,916000.0,22008000.0,3.2,Không,Không,Không,Thẻ tín dụng,Giao hàng tiêu chuẩn,Tại cửa hàng,19,Nửa năm một lần,209.0,3481000.0,3247425.0,115648.0,1,3,Khách hàng trung thành,0.7430561366910703
1382,31,Nam,Nghệ An,Miền Trung,Vòng tay,Vàng 18K,18,14.47,0,Quà tặng gia đình,22879000.0,10770000.0,4.5,Không,Không,Không,Tiền mặt,Giao hàng tiêu chuẩn,Online,3,Hàng tháng,26.0,13727000.0,13823089.0,31340257.0,1,0,Khách hàng phổ thông / mới,0.5828487351665732
1383,34,Nữ,Quảng Ngãi,Miền Trung,Nhẫn,Bạch kim,20,7.64,1,Sinh nhật,17987000.0,24076000.0,4.5,Không,Không,Không,Thẻ tín dụng,Nhận tại cửa hàng,Tại cửa hàng,26,Hàng quý,99.0,93532000.0,94186724.0,4856431.0,0,1,Khách hàng VIP (giá trị cao nhất),0.5236243176799454
1384,61,Nam,Hà Nội,Miền Bắc,Lắc chân,Bạc,5,6.19,0,Cưới hỏi,953000.0,21948000.0,3.4,Không,Không,Không,Chuyển khoản ngân hàng,Nhận tại cửa hàng,Online,2,Hàng quý,97.0,381000.0,359778.0,391619.0,0,0,Khách hàng phổ thông / mới,0.5784152505770582
1385,36,Nam,TP. Hồ Chí Minh,Miền Nam,Bông tai,Vàng đính đá quý,18,2.4,1,Quà tặng người yêu,7839000.0,31512000.0,3.2,Có,Có,Có,Thẻ tín dụng,Giao hàng nhanh,Online,16,Nửa năm một lần,159.0,25085000.0,28328490.0,1659541.0,0,3,Khách hàng trung thành,0.1734376279973268
1386,29,Nam,Khánh Hòa,Miền Trung,Dây chuyền,Vàng 18K,18,5.56,0,Quà tặng gia đình,7868000.0,23008000.0,4.2,Không,Có,Không,Thẻ tín dụng,Giao hàng tiêu chuẩn,Online,11,Nửa năm một lần,173.0,17310000.0,17135169.0,1244567.0,0,0,Khách hàng phổ thông / mới,0.38325241970686774
1387,44,Nữ,Đà Nẵng,Miền Trung,Bông tai,Vàng 24K,24,5.88,0,Lễ/Tết,12259000.0,23201000.0,3.4,Có,Có,Có,Tiền mặt,Nhận tại cửa hàng,Online,15,Hàng quý,93.0,36777000.0,42039789.0,5490116.0,0,3,Khách hàng trung thành,0.18500056177361446
1388,33,Nữ,TP. Hồ Chí Minh,Miền Nam,Vòng tay,Vàng đính đá quý,18,11.44,1,Quà tặng người yêu,20333000.0,34047000.0,3.4,Không,Có,Không,Ví điện tử (Momo/ZaloPay),Giao hàng nhanh,Online,26,Hàng tháng,27.0,105732000.0,99842728.0,20129022.0,1,1,Khách hàng VIP (giá trị cao nhất),0.652465622917867
1389,60,Nam,Bình Dương,Miền Nam,Nhẫn,Bạch kim,20,7.48,0,Tự mua sắm,14330000.0,24641000.0,3.6,Không,Không,Không,Ví điện tử (Momo/ZaloPay),Giao hàng tiêu chuẩn,Online,4,Hàng quý,97.0,11464000.0,10956145.0,5023967.0,0,0,Khách hàng phổ thông / mới,0.5457647035988633
1390,61,Nữ,Long An,Miền Nam,Nhẫn,Vàng 18K,18,3.74,0,Quà tặng người yêu,5197000.0,20157000.0,3.6,Có,Có,Không,Thẻ tín dụng,Giao hàng tiêu chuẩn,Online,2,Nửa năm một lần,174.0,2079000.0,2405195.0,944306.0,0,0,Khách hàng phổ thông / mới,0.15914405413919844
1391,32,Nam,Nghệ An,Miền Trung,Bông tai,Bạc,5,2.44,0,Tự mua sắm,382000.0,13836000.0,4.6,Không,Không,Không,Tiền mặt,Giao hàng tiêu chuẩn,Tại cửa hàng,28,Nửa năm một lần,162.0,2139000.0,2166165.0,87316.0,0,3,Khách hàng trung thành,0.5305535987984686
1392,43,Nam,Lào Cai,Miền Bắc,Trang sức bộ,Vàng 24K,24,29.27,0,Sinh nhật,60041000.0,30750000.0,4.9,Không,Có,Có,Ví điện tử (Momo/ZaloPay),Giao hàng nhanh,Online,8,Nửa năm một lần,192.0,96066000.0,98928767.0,12018257.0,0,1,Khách hàng VIP (giá trị cao nhất),0.1346484790394028
1393,65,Nữ,TP. Hồ Chí Minh,Miền Nam,Vòng tay,Bạc,5,14.27,0,Quà tặng người yêu,638000.0,14841000.0,4.3,Không,Không,Không,Ví điện tử (Momo/ZaloPay),Nhận tại cửa hàng,Tại cửa hàng,14,Hàng năm,338.0,1786000.0,1778142.0,56953.0,1,2,Khách hàng có nguy cơ rời bỏ,0.4447617685761631
1394,53,Nữ,Đắk Lắk,Miền Trung,Vòng tay,Vàng 18K,18,12.87,0,Sinh nhật,20390000.0,13203000.0,2.7,Không,Không,Có,Ví điện tử (Momo/ZaloPay),Nhận tại cửa hàng,Online,30,Hàng năm,349.0,122340000.0,110644296.0,1515026.0,1,1,Khách hàng VIP (giá trị cao nhất),0.6333365371254664
1395,28,Nữ,Quảng Ngãi,Miền Trung,Bông tai,Vàng 18K,18,3.2,0,Quà tặng gia đình,4293000.0,11734000.0,3.3,Không,Có,Không,Chuyển khoản ngân hàng,Nhận tại cửa hàng,Online,22,Hàng năm,358.0,18889000.0,17729215.0,389534.0,1,2,Khách hàng có nguy cơ rời bỏ,0.646198125301116
1396,46,Nữ,Bình Định,Miền Trung,Dây chuyền,Vàng 18K,18,8.6,1,Cưới hỏi,16252000.0,15493000.0,3.0,Không,Không,Có,Chuyển khoản ngân hàng,Nhận tại cửa hàng,Tại cửa hàng,20,Nửa năm một lần,178.0,65008000.0,59904872.0,2404962.0,1,3,Khách hàng trung thành,0.6198652986887774
1397,47,Nữ,Bình Dương,Miền Nam,Nhẫn,Vàng 18K,18,4.81,0,Quà tặng người yêu,10798000.0,21124000.0,3.8,Có,Không,Không,Chuyển khoản ngân hàng,Nhận tại cửa hàng,Online,1,Hàng tháng,33.0,2160000.0,2528712.0,13373909.0,0,0,Khách hàng phổ thông / mới,0.3075719462577023
1398,49,Nam,Thái Nguyên,Miền Bắc,Dây chuyền,Vàng 18K,18,4.84,0,Quà tặng gia đình,7783000.0,19105000.0,4.0,Không,Không,Không,Tiền mặt,Giao hàng tiêu chuẩn,Online,12,Nửa năm một lần,190.0,18679000.0,18277402.0,1259096.0,1,0,Khách hàng phổ thông / mới,0.6355929987598672
1399,19,Nam,Bình Định,Miền Trung,Trang sức bộ,Vàng 18K,18,11.28,0,Quà tặng người yêu,16555000.0,22818000.0,5.0,Không,Có,Không,Chuyển khoản ngân hàng,Giao hàng nhanh,Tại cửa hàng,16,Hàng tháng,33.0,52976000.0,54856648.0,14060344.0,0,3,Khách hàng trung thành,0.32889786332189896
1400,32,Nữ,Quảng Ninh,Miền Bắc,Lắc chân,Vàng 18K,18,3.05,0,Sinh nhật,5020000.0,12290000.0,3.6,Không,Không,Không,Thẻ tín dụng,Giao hàng nhanh,Online,3,Hai tuần một lần,15.0,3012000.0,2878568.0,10373754.0,0,0,Khách hàng phổ thông / mới,0.5207724265585731
1401,59,Nữ,Huế,Miền Trung,Trang sức bộ,Bạc,5,22.38,0,Sinh nhật,1829000.0,15438000.0,2.8,Không,Có,Không,Ví điện tử (Momo/ZaloPay),Nhận tại cửa hàng,Online,20,Hàng tháng,34.0,7316000.0,6658292.0,1222499.0,1,3,Khách hàng trung thành,0.6380725041346171
1402,29,Nữ,TP. Hồ Chí Minh,Miền Nam,Nhẫn,Bạc,5,6.82,0,Cưới hỏi,585000.0,20815000.0,4.0,Có,Không,Có,Ví điện tử (Momo/ZaloPay),Nhận tại cửa hàng,Online,23,Hàng quý,86.0,2691000.0,3187489.0,168380.0,0,3,Khách hàng trung thành,0.1731250700115777
1403,32,Nữ,Quảng Nam,Miền Trung,Vòng tay,Bạc,5,15.06,0,Quà tặng người yêu,979000.0,13171000.0,3.8,Không,Có,Không,Tiền mặt,Nhận tại cửa hàng,Online,12,Nửa năm một lần,186.0,2350000.0,2272685.0,192022.0,1,0,Khách hàng phổ thông / mới,0.4173718921471872
1404,33,Nữ,Nghệ An,Miền Trung,Vòng tay,Vàng 18K,18,19.86,0,Quà tặng người yêu,30995000.0,10445000.0,2.9,Không,Không,Có,Tiền mặt,Giao hàng tiêu chuẩn,Online,28,Hàng quý,99.0,173572000.0,158957238.0,8281855.0,0,1,Khách hàng VIP (giá trị cao nhất),0.4354728063869044
1405,26,Nữ,Bà Rịa - Vũng Tàu,Miền Nam,Nhẫn,Vàng 24K,24,5.46,0,Quà tặng người yêu,11969000.0,8851000.0,3.4,Không,Không,Không,Thẻ tín dụng,Giao hàng nhanh,Online,29,Hàng tuần,8.0,69420000.0,65553306.0,29140542.0,0,3,Khách hàng trung thành,0.5931619811413282
1406,25,Nữ,Bình Dương,Miền Nam,Nhẫn,Bạch kim,20,4.81,1,Sinh nhật,14205000.0,19160000.0,3.1,Có,Có,Không,Tiền mặt,Giao hàng tiêu chuẩn,Tại cửa hàng,23,Hàng năm,399.0,65343000.0,73340983.0,1171216.0,0,2,Khách hàng có nguy cơ rời bỏ,0.22501809839882705
1407,34,Nam,Khánh Hòa,Miền Trung,Bông tai,Vàng đính đá quý,18,3.91,1,Lễ/Tết,10066000.0,19558000.0,3.0,Không,Không,Không,Tiền mặt,Giao hàng tiêu chuẩn,Tại cửa hàng,10,Nửa năm một lần,178.0,20132000.0,18551638.0,2058599.0,1,0,Khách hàng phổ thông / mới,0.7525460439186201
1408,59,Nam,Kiên Giang,Miền Nam,Bông tai,Vàng đính đá quý,18,5.41,1,Quà tặng người yêu,11835000.0,20728000.0,3.7,Không,Không,Có,Ví điện tử (Momo/ZaloPay),Giao hàng nhanh,Online,4,Hàng tháng,30.0,9468000.0,9102535.0,13366586.0,0,0,Khách hàng phổ thông / mới,0.2726765513305916
1409,18,Nam,Huế,Miền Trung,Bông tai,Vàng đính đá quý,18,1.07,1,Tự mua sắm,6925000.0,27599000.0,4.5,Không,Có,Có,Chuyển khoản ngân hàng,Giao hàng nhanh,Tại cửa hàng,21,Hàng tháng,26.0,29085000.0,29288595.0,9422969.0,0,3,Khách hàng trung thành,0.23285320616291913
1410,31,Nam,Đồng Nai,Miền Nam,Dây chuyền,Bạc,5,8.6,0,Sinh nhật,677000.0,21975000.0,4.7,Không,Không,Không,Ví điện tử (Momo/ZaloPay),Nhận tại cửa hàng,Tại cửa hàng,16,Hàng tháng,27.0,2166000.0,2205854.0,649752.0,0,0,Khách hàng phổ thông / mới,0.512916462917821
1411,20,Nữ,Quảng Ninh,Miền Bắc,Vòng tay,Vàng đính đá quý,18,11.17,1,Quà tặng người yêu,24552000.0,19202000.0,3.2,Không,Không,Có,Chuyển khoản ngân hàng,Nhận tại cửa hàng,Online,22,Hàng năm,359.0,108029000.0,100780254.0,1526616.0,1,1,Khách hàng VIP (giá trị cao nhất),0.6798764845205215
1412,44,Nữ,Hưng Yên,Miền Bắc,Nhẫn,Vàng 18K,18,7.7,0,Sinh nhật,10324000.0,30076000.0,3.6,Không,Có,Không,Chuyển khoản ngân hàng,Giao hàng nhanh,Tại cửa hàng,13,Hàng tháng,28.0,26842000.0,25652899.0,14050670.0,0,0,Khách hàng phổ thông / mới,0.49570835714951833
1413,30,Nữ,Lào Cai,Miền Bắc,Nhẫn,Bạch kim,20,2.72,0,Cưới hỏi,4790000.0,26625000.0,4.6,Có,Có,Không,Chuyển khoản ngân hàng,Giao hàng nhanh,Online,5,Hàng năm,337.0,4790000.0,5872061.0,401643.0,0,2,Khách hàng có nguy cơ rời bỏ,0.17761388258573446
1414,56,Nữ,Hải Phòng,Miền Bắc,Vòng tay,Vàng đính đá quý,18,5.38,1,Tự mua sắm,12757000.0,16251000.0,5.0,Không,Có,Không,Tiền mặt,Giao hàng tiêu chuẩn,Online,28,Hàng tháng,27.0,71439000.0,73975084.0,13534469.0,0,3,Khách hàng trung thành,0.4066338583493115
1415,46,Nam,Quảng Nam,Miền Trung,Dây chuyền,Bạch kim,20,10.58,1,Cưới hỏi,24311000.0,26602000.0,4.6,Không,Có,Không,Tiền mặt,Giao hàng tiêu chuẩn,Online,29,Nửa năm một lần,196.0,141004000.0,142794751.0,4610686.0,0,1,Khách hàng VIP (giá trị cao nhất),0.35157590867647587
1416,55,Nữ,Thái Nguyên,Miền Bắc,Trang sức bộ,Vàng 18K,18,25.63,0,Tự mua sắm,41285000.0,33711000.0,3.7,Có,Không,Có,Thẻ tín dụng,Nhận tại cửa hàng,Tại cửa hàng,23,Hàng tuần,8.0,189911000.0,221018422.0,136255536.0,0,1,Khách hàng VIP (giá trị cao nhất),0.12680096574810976
1417,48,Nữ,Quảng Ngãi,Miền Trung,Vòng tay,Vàng 18K,18,9.79,0,Quà tặng gia đình,14679000.0,33317000.0,4.7,Không,Có,Không,Thẻ tín dụng,Nhận tại cửa hàng,Tại cửa hàng,1,Hàng quý,90.0,2936000.0,2990022.0,5294519.0,0,0,Khách hàng phổ thông / mới,0.25419290294462715
1418,39,Nam,Thái Nguyên,Miền Bắc,Nhẫn,Vàng 18K,18,5.01,0,Cưới hỏi,7555000.0,27177000.0,4.3,Có,Không,Có,Ví điện tử (Momo/ZaloPay),Nhận tại cửa hàng,Online,25,Hàng quý,99.0,37775000.0,45526430.0,3181572.0,0,3,Khách hàng trung thành,0.2489731660414513
1419,59,Nữ,Hải Phòng,Miền Bắc,Nhẫn,Vàng 18K,18,5.38,0,Quà tặng gia đình,8846000.0,24256000.0,2.8,Không,Không,Có,Thẻ tín dụng,Giao hàng tiêu chuẩn,Online,30,Hàng quý,101.0,53076000.0,48304468.0,2323170.0,0,3,Khách hàng trung thành,0.46092794896065875
1420,40,Nữ,Kiên Giang,Miền Nam,Bông tai,Bạch kim,20,2.77,0,Quà tặng người yêu,5451000.0,22432000.0,2.7,Không,Không,Không,Thẻ tín dụng,Giao hàng nhanh,Online,13,Hàng năm,327.0,14173000.0,12818061.0,583613.0,1,2,Khách hàng có nguy cơ rời bỏ,0.7339899786692172
1421,63,Nam,TP. Hồ Chí Minh,Miền Nam,Nhẫn,Bạc,5,4.23,0,Quà tặng người yêu,469000.0,31980000.0,4.8,Không,Không,Có,Chuyển khoản ngân hàng,Giao hàng tiêu chuẩn,Tại cửa hàng,16,Nửa năm một lần,200.0,1501000.0,1537174.0,71072.0,0,0,Khách hàng phổ thông / mới,0.2853052800335938
1422,65,Nữ,Tiền Giang,Miền Nam,Nhẫn,Vàng 18K,18,2.42,0,Quà tặng người yêu,4406000.0,12536000.0,4.8,Có,Không,Không,Tiền mặt,Nhận tại cửa hàng,Online,1,Hàng tháng,26.0,881000.0,1092176.0,5329633.0,0,0,Khách hàng phổ thông / mới,0.23846703718636386
1423,46,Nữ,Quảng Nam,Miền Trung,Dây chuyền,Bạc,5,12.25,0,Lễ/Tết,774000.0,29633000.0,3.6,Có,Không,Không,Ví điện tử (Momo/ZaloPay),Giao hàng nhanh,Online,19,Nửa năm một lần,161.0,2941000.0,3402443.0,183903.0,1,3,Khách hàng trung thành,0.3258338297340461
1424,50,Nữ,Hà Nội,Miền Bắc,Dây chuyền,Vàng 18K,18,7.67,0,Tự mua sắm,12533000.0,21913000.0,4.2,Không,Không,Không,Tiền mặt,Nhận tại cửa hàng,Online,23,Hàng tháng,29.0,57652000.0,57069715.0,14150324.0,0,3,Khách hàng trung thành,0.6011608369182138
1425,30,Nam,Đắk Lắk,Miền Trung,Vòng tay,Bạc,5,14.68,0,Quà tặng gia đình,592000.0,13341000.0,3.3,Không,Không,Có,Ví điện tử (Momo/ZaloPay),Giao hàng nhanh,Online,7,Hàng năm,384.0,829000.0,778099.0,50731.0,1,2,Khách hàng có nguy cơ rời bỏ,0.7397792666406321
1426,57,Nữ,Bình Định,Miền Trung,Vòng tay,Vàng 18K,18,11.4,0,Tự mua sắm,15530000.0,13146000.0,4.3,Có,Có,Không,Chuyển khoản ngân hàng,Giao hàng nhanh,Online,19,Hàng quý,90.0,59014000.0,71123673.0,6176029.0,0,3,Khách hàng trung thành,0.14742789841265436
1427,50,Nữ,Hà Nội,Miền Bắc,Nhẫn,Bạc,5,2.55,0,Sinh nhật,300000.0,9061000.0,3.6,Không,Có,Không,Ví điện tử (Momo/ZaloPay),Giao hàng nhanh,Tại cửa hàng,8,Hàng tháng,27.0,480000.0,458736.0,311436.0,0,0,Khách hàng phổ thông / mới,0.4077947934668638
1428,61,Nam,Long An,Miền Nam,Bông tai,Bạc,5,4.5,0,Lễ/Tết,348000.0,25611000.0,3.4,Không,Không,Có,Thẻ tín dụng,Nhận tại cửa hàng,Tại cửa hàng,5,Hàng tháng,31.0,348000.0,328616.0,285902.0,0,0,Khách hàng phổ thông / mới,0.37826669711138533
1429,30,Nữ,Quảng Ngãi,Miền Trung,Dây chuyền,Bạc,5,8.01,0,Quà tặng gia đình,753000.0,33257000.0,3.6,Không,Có,Không,Ví điện tử (Momo/ZaloPay),Giao hàng tiêu chuẩn,Online,1,Hàng tháng,33.0,151000.0,144311.0,555806.0,0,0,Khách hàng phổ thông / mới,0.443557723237941
1430,55,Nữ,TP. Hồ Chí Minh,Miền Nam,Vòng tay,Bạch kim,20,7.78,0,Tự mua sắm,12878000.0,17806000.0,3.6,Có,Có,Không,Ví điện tử (Momo/ZaloPay),Giao hàng nhanh,Tại cửa hàng,23,Hàng năm,397.0,59239000.0,68533599.0,628708.0,0,2,Khách hàng có nguy cơ rời bỏ,0.20060559952379395
1431,40,Nữ,Quảng Nam,Miền Trung,Nhẫn,Vàng 18K,18,7.57,0,Sinh nhật,11130000.0,14422000.0,4.9,Có,Có,Không,Thẻ tín dụng,Giao hàng nhanh,Online,7,Hàng tháng,28.0,15582000.0,19424521.0,16338649.0,0,0,Khách hàng phổ thông / mới,0.16202174042154113
1432,26,Nam,Quảng Ngãi,Miền Trung,Bông tai,Bạc,5,5.47,0,Lễ/Tết,300000.0,28019000.0,4.7,Không,Không,Không,Thẻ tín dụng,Giao hàng tiêu chuẩn,Online,5,Hàng tháng,34.0,300000.0,305520.0,212141.0,0,0,Khách hàng phổ thông / mới,0.5365513949408478
1433,26,Nữ,Hải Dương,Miền Bắc,Dây chuyền,Vàng 18K,18,11.73,0,Quà tặng người yêu,16682000.0,20355000.0,3.0,Không,Có,Có,Tiền mặt,Nhận tại cửa hàng,Online,29,Hàng năm,353.0,96756000.0,89160654.0,1361272.0,0,1,Khách hàng VIP (giá trị cao nhất),0.282263100476212
1434,44,Nam,Tây Ninh,Miền Nam,Vòng tay,Vàng 18K,18,13.64,0,Quà tặng gia đình,18706000.0,29421000.0,3.2,Không,Có,Không,Tiền mặt,Nhận tại cửa hàng,Online,23,Hàng tháng,34.0,86048000.0,80274179.0,15682895.0,0,3,Khách hàng trung thành,0.46262341047289995
1435,33,Nam,Huế,Miền Trung,Dây chuyền,Bạc,5,10.5,0,Quà tặng gia đình,869000.0,13149000.0,3.2,Có,Không,Không,Chuyển khoản ngân hàng,Giao hàng tiêu chuẩn,Online,8,Hai tuần một lần,12.0,1390000.0,1569727.0,2292711.0,0,0,Khách hàng phổ thông / mới,0.600909665252291
1436,22,Nam,Quảng Ninh,Miền Bắc,Trang sức bộ,Bạc,5,19.01,0,Tự mua sắm,1608000.0,23888000.0,2.5,Không,Có,Không,Ví điện tử (Momo/ZaloPay),Nhận tại cửa hàng,Tại cửa hàng,22,Nửa năm một lần,206.0,7075000.0,6317975.0,268559.0,1,3,Khách hàng trung thành,0.6581601367538782
1437,38,Nữ,Hà Nội,Miền Bắc,Nhẫn,Vàng đính đá quý,18,3.21,1,Quà tặng người yêu,10521000.0,32986000.0,3.8,Không,Không,Có,Chuyển khoản ngân hàng,Nhận tại cửa hàng,Tại cửa hàng,15,Hàng tuần,7.0,31563000.0,30524577.0,36451642.0,0,3,Khách hàng trung thành,0.3572468336769315
1438,49,Nữ,Quảng Ngãi,Miền Trung,Trang sức bộ,Vàng 18K,18,24.8,0,Quà tặng người yêu,34454000.0,13591000.0,3.7,Có,Có,Không,Ví điện tử (Momo/ZaloPay),Giao hàng tiêu chuẩn,Tại cửa hàng,1,Hàng năm,358.0,6891000.0,8019746.0,2584183.0,0,2,Khách hàng có nguy cơ rời bỏ,0.20202600596643253
1439,33,Nữ,Tây Ninh,Miền Nam,Trang sức bộ,Vàng đính đá quý,18,28.5,1,Quà tặng gia đình,53638000.0,17735000.0,2.8,Không,Không,Có,Ví điện tử (Momo/ZaloPay),Giao hàng nhanh,Tại cửa hàng,9,Nửa năm một lần,200.0,96548000.0,87868335.0,7803670.0,1,3,Khách hàng trung thành,0.7117451091586151
1440,63,Nữ,An Giang,Miền Nam,Dây chuyền,Vàng 18K,18,8.94,0,Lễ/Tết,14336000.0,19249000.0,5.0,Không,Không,Có,Chuyển khoản ngân hàng,Giao hàng nhanh,Online,24,Hàng tháng,32.0,68813000.0,71255862.0,14123617.0,0,3,Khách hàng trung thành,0.2459284582964316
1441,55,Nữ,TP. Hồ Chí Minh,Miền Nam,Dây chuyền,Bạc,5,13.75,0,Tự mua sắm,1032000.0,26547000.0,4.4,Không,Có,Không,Chuyển khoản ngân hàng,Giao hàng tiêu chuẩn,Online,22,Hàng quý,91.0,4541000.0,4546903.0,324990.0,0,3,Khách hàng trung thành,0.35438762056781076
1442,42,Nữ,Tây Ninh,Miền Nam,Dây chuyền,Bạch kim,20,7.66,0,Quà tặng gia đình,14783000.0,29345000.0,3.0,Không,Không,Không,Ví điện tử (Momo/ZaloPay),Nhận tại cửa hàng,Tại cửa hàng,13,Hàng tháng,32.0,38436000.0,35418774.0,17868797.0,0,0,Khách hàng phổ thông / mới,0.6735968265609231
1443,62,Nữ,TP. Hồ Chí Minh,Miền Nam,Trang sức bộ,Bạc,5,19.41,1,Sinh nhật,5499000.0,16948000.0,4.3,Không,Không,Không,Ví điện tử (Momo/ZaloPay),Nhận tại cửa hàng,Online,30,Hàng quý,91.0,32994000.0,32848826.0,1973069.0,0,3,Khách hàng trung thành,0.4195619695401857
1444,38,Nữ,Lào Cai,Miền Bắc,Vòng tay,Vàng đính đá quý,18,11.38,1,Lễ/Tết,23416000.0,37766000.0,3.4,Không,Không,Có,Tiền mặt,Giao hàng tiêu chuẩn,Online,16,Nửa năm một lần,156.0,74931000.0,70757343.0,5098735.0,1,3,Khách hàng trung thành,0.6973761665650503
1445,24,Nam,Gia Lai,Miền Trung,Vòng tay,Bạch kim,20,15.56,0,Quà tặng người yêu,29123000.0,19835000.0,4.1,Có,Không,Không,Chuyển khoản ngân hàng,Giao hàng tiêu chuẩn,Tại cửa hàng,1,Nửa năm một lần,180.0,5825000.0,6939905.0,5432986.0,1,0,Khách hàng phổ thông / mới,0.5445758809199869
1446,19,Nữ,Hà Nội,Miền Bắc,Nhẫn,Vàng 18K,18,1.68,0,Quà tặng người yêu,2710000.0,15166000.0,3.7,Không,Không,Không,Thẻ tín dụng,Nhận tại cửa hàng,Tại cửa hàng,29,Hàng quý,93.0,15718000.0,15111285.0,1058845.0,0,3,Khách hàng trung thành,0.5165711307405131
1447,63,Nữ,Nam Định,Miền Bắc,Lắc chân,Vàng đính đá quý,18,6.18,1,Sinh nhật,11400000.0,31774000.0,2.8,Có,Có,Không,Ví điện tử (Momo/ZaloPay),Nhận tại cửa hàng,Online,1,Nửa năm một lần,162.0,2280000.0,2511876.0,2179899.0,1,0,Khách hàng phổ thông / mới,0.5990504718339891
1448,64,Nữ,Huế,Miền Trung,Nhẫn,Vàng đính đá quý,18,6.33,1,Cưới hỏi,11499000.0,22820000.0,3.7,Có,Có,Không,Tiền mặt,Giao hàng tiêu chuẩn,Tại cửa hàng,28,Hai tuần một lần,13.0,64394000.0,74941737.0,20341826.0,0,3,Khách hàng trung thành,0.19508587798700683
1449,53,Nữ,Thái Nguyên,Miền Bắc,Nhẫn,Vàng 18K,18,5.11,0,Sinh nhật,6937000.0,18546000.0,4.9,Không,Có,Không,Ví điện tử (Momo/ZaloPay),Giao hàng nhanh,Online,3,Hàng năm,335.0,4162000.0,4286028.0,665917.0,0,2,Khách hàng có nguy cơ rời bỏ,0.3289523835798961
1450,22,Nữ,Kiên Giang,Miền Nam,Dây chuyền,Vàng 24K,24,6.72,0,Tự mua sắm,14845000.0,15524000.0,4.4,Không,Không,Không,Thẻ tín dụng,Giao hàng nhanh,Tại cửa hàng,12,Hàng tháng,30.0,35628000.0,35674316.0,13104509.0,1,0,Khách hàng phổ thông / mới,0.5373626244334284
1451,32,Nữ,Tây Ninh,Miền Nam,Vòng tay,Vàng 18K,18,14.85,0,Quà tặng người yêu,23369000.0,34635000.0,4.1,Không,Không,Không,Ví điện tử (Momo/ZaloPay),Giao hàng tiêu chuẩn,Tại cửa hàng,2,Hàng năm,335.0,9348000.0,9200302.0,1893619.0,1,2,Khách hàng có nguy cơ rời bỏ,0.5023374854402922
1452,19,Nữ,Thanh Hóa,Miền Trung,Lắc chân,Bạch kim,20,11.11,0,Tự mua sắm,17970000.0,12183000.0,4.6,Có,Có,Có,Ví điện tử (Momo/ZaloPay),Nhận tại cửa hàng,Online,22,Hàng quý,83.0,79068000.0,96929461.0,7180718.0,0,3,Khách hàng trung thành,0.0977664390742195
1453,20,Nam,TP. Hồ Chí Minh,Miền Nam,Bông tai,Vàng đính đá quý,18,3.53,1,Quà tặng người yêu,8533000.0,27081000.0,4.6,Có,Không,Không,Thẻ tín dụng,Giao hàng tiêu chuẩn,Tại cửa hàng,10,Hai tuần một lần,14.0,17066000.0,20921209.0,22360561.0,0,0,Khách hàng phổ thông / mới,0.25528250162049665
1454,29,Nữ,Huế,Miền Trung,Nhẫn,Bạch kim,20,6.31,0,Lễ/Tết,12033000.0,14059000.0,4.7,Có,Không,Không,Ví điện tử (Momo/ZaloPay),Nhận tại cửa hàng,Online,16,Hàng quý,98.0,38506000.0,47470197.0,3697675.0,0,3,Khách hàng trung thành,0.29646412951358
1455,45,Nam,Bắc Ninh,Miền Bắc,Dây chuyền,Vàng 18K,18,5.38,0,Quà tặng người yêu,7328000.0,16341000.0,2.8,Có,Có,Không,Tiền mặt,Giao hàng tiêu chuẩn,Tại cửa hàng,6,Hàng năm,341.0,8794000.0,9688350.0,680530.0,0,2,Khách hàng có nguy cơ rời bỏ,0.3193470643951543
1456,21,Nữ,Lào Cai,Miền Bắc,Bông tai,Vàng 24K,24,3.36,0,Tự mua sắm,6415000.0,18686000.0,2.8,Có,Có,Không,Tiền mặt,Nhận tại cửa hàng,Online,25,Hàng năm,338.0,32075000.0,35337028.0,743836.0,1,2,Khách hàng có nguy cơ rời bỏ,0.5548436337442939
1457,65,Nam,Nam Định,Miền Bắc,Vòng tay,Bạc,5,9.37,0,Tự mua sắm,647000.0,25158000.0,4.5,Không,Có,Có,Chuyển khoản ngân hàng,Giao hàng tiêu chuẩn,Tại cửa hàng,14,Nửa năm một lần,182.0,1812000.0,1824684.0,111270.0,0,0,Khách hàng phổ thông / mới,0.17693693545795947
1458,39,Nữ,Lào Cai,Miền Bắc,Nhẫn,Vàng 18K,18,7.95,0,Sinh nhật,10280000.0,8827000.0,5.0,Có,Có,Có,Thẻ tín dụng,Nhận tại cửa hàng,Tại cửa hàng,10,Hàng quý,86.0,20560000.0,25771960.0,5265403.0,0,0,Khách hàng phổ thông / mới,0.0845459904006591
1459,30,Nữ,Nam Định,Miền Bắc,Dây chuyền,Vàng 24K,24,5.62,0,Cưới hỏi,13206000.0,15989000.0,3.9,Không,Không,Không,Tiền mặt,Giao hàng nhanh,Online,1,Nửa năm một lần,208.0,2641000.0,2569165.0,2098595.0,1,0,Khách hàng phổ thông / mới,0.5734134164593512
1460,42,Nam,Hải Phòng,Miền Bắc,Bông tai,Vàng 24K,24,5.74,0,Quà tặng người yêu,12772000.0,27724000.0,4.9,Có,Không,Không,Ví điện tử (Momo/ZaloPay),Giao hàng nhanh,Online,15,Hàng tháng,33.0,38316000.0,47764726.0,7930979.0,0,3,Khách hàng trung thành,0.2684436501356958
1461,55,Nam,Nam Định,Miền Bắc,Trang sức bộ,Vàng 24K,24,20.22,0,Cưới hỏi,44753000.0,28472000.0,4.2,Không,Không,Không,Tiền mặt,Giao hàng tiêu chuẩn,Tại cửa hàng,22,Nửa năm một lần,176.0,196913000.0,194924179.0,8662768.0,1,1,Khách hàng VIP (giá trị cao nhất),0.6446907168343483
1462,33,Nữ,An Giang,Miền Nam,Bông tai,Vàng 24K,24,3.49,0,Quà tặng người yêu,6777000.0,17948000.0,2.7,Có,Có,Không,Chuyển khoản ngân hàng,Nhận tại cửa hàng,Online,4,Hàng tháng,27.0,5422000.0,5936006.0,8046622.0,0,0,Khách hàng phổ thông / mới,0.42551756151645276
1463,20,Nam,Hà Nội,Miền Bắc,Nhẫn,Bạch kim,20,4.91,0,Quà tặng người yêu,9457000.0,10973000.0,4.8,Có,Không,Không,Thẻ tín dụng,Giao hàng nhanh,Online,16,Hàng năm,334.0,30262000.0,37515801.0,1046631.0,1,2,Khách hàng có nguy cơ rời bỏ,0.3179353279587845
1464,20,Nữ,Lào Cai,Miền Bắc,Bông tai,Vàng 18K,18,2.21,0,Tự mua sắm,3101000.0,20709000.0,4.6,Không,Có,Không,Thẻ tín dụng,Giao hàng tiêu chuẩn,Online,28,Nửa năm một lần,197.0,17366000.0,17586548.0,529455.0,1,3,Khách hàng trung thành,0.44008267637209914
1465,58,Nữ,Khánh Hòa,Miền Trung,Dây chuyền,Vàng 18K,18,5.87,0,Quà tặng người yêu,9721000.0,27315000.0,3.8,Không,Không,Có,Tiền mặt,Giao hàng nhanh,Online,27,Hàng quý,89.0,52493000.0,50765980.0,3195078.0,0,3,Khách hàng trung thành,0.3492213284487544
1466,23,Nam,Thanh Hóa,Miền Trung,Lắc chân,Bạc,5,6.38,0,Cưới hỏi,300000.0,20651000.0,4.4,Không,Có,Không,Thẻ tín dụng,Giao hàng nhanh,Tại cửa hàng,28,Nửa năm một lần,165.0,1680000.0,1682184.0,42525.0,0,3,Khách hàng trung thành,0.36590981708549364
1467,48,Nam,Khánh Hòa,Miền Trung,Dây chuyền,Vàng đính đá quý,18,11.94,1,Cưới hỏi,26603000.0,30718000.0,3.4,Không,Không,Không,Chuyển khoản ngân hàng,Nhận tại cửa hàng,Online,27,Hàng quý,93.0,143656000.0,135654361.0,8258737.0,0,1,Khách hàng VIP (giá trị cao nhất),0.624272316429505
1468,36,Nữ,Hà Nội,Miền Bắc,Nhẫn,Bạch kim,20,6.06,1,Sinh nhật,15461000.0,18272000.0,4.0,Không,Không,Không,Thẻ tín dụng,Giao hàng nhanh,Online,9,Hàng tháng,31.0,27830000.0,27231655.0,12671631.0,0,0,Khách hàng phổ thông / mới,0.5775391473344168
1469,55,Nữ,TP. Hồ Chí Minh,Miền Nam,Vòng tay,Bạc,5,19.96,0,Sinh nhật,1302000.0,12074000.0,3.5,Không,Có,Không,Chuyển khoản ngân hàng,Giao hàng tiêu chuẩn,Tại cửa hàng,5,Hàng tháng,28.0,1302000.0,1236900.0,1249231.0,0,0,Khách hàng phổ thông / mới,0.3045951588579607
1470,20,Nam,Đắk Lắk,Miền Trung,Dây chuyền,Bạch kim,20,4.06,0,Tự mua sắm,7736000.0,15036000.0,3.8,Có,Không,Có,Thẻ tín dụng,Giao hàng nhanh,Online,18,Hàng tháng,27.0,27850000.0,32603995.0,9506204.0,0,3,Khách hàng trung thành,0.16955776602656664
1471,61,Nữ,TP. Hồ Chí Minh,Miền Nam,Nhẫn,Bạc,5,6.44,0,Tự mua sắm,614000.0,21671000.0,4.1,Có,Không,Không,Ví điện tử (Momo/ZaloPay),Giao hàng nhanh,Tại cửa hàng,22,Hàng tháng,31.0,2702000.0,3219163.0,772798.0,0,3,Khách hàng trung thành,0.26604663488601
1473,39,Nữ,Đà Nẵng,Miền Trung,Bông tai,Vàng 18K,18,3.56,0,Sinh nhật,5824000.0,16703000.0,2.7,Không,Không,Không,Thẻ tín dụng,Giao hàng nhanh,Tại cửa hàng,7,Nửa năm một lần,180.0,8154000.0,7374478.0,1039624.0,1,0,Khách hàng phổ thông / mới,0.7346854225689089
1474,27,Nữ,Thanh Hóa,Miền Trung,Lắc chân,Bạc,5,4.77,0,Cưới hỏi,822000.0,26352000.0,2.7,Có,Có,Có,Chuyển khoản ngân hàng,Giao hàng nhanh,Online,5,Hàng quý,103.0,822000.0,899926.0,187881.0,0,0,Khách hàng phổ thông / mới,0.1591553195770319
1475,64,Nữ,Nam Định,Miền Bắc,Dây chuyền,Vàng 18K,18,14.23,0,Tự mua sắm,22682000.0,16154000.0,4.0,Không,Không,Không,Chuyển khoản ngân hàng,Giao hàng tiêu chuẩn,Tại cửa hàng,16,Hàng năm,345.0,72582000.0,71021487.0,2130192.0,1,2,Khách hàng có nguy cơ rời bỏ,0.5232419569710041
1476,32,Nữ,Quảng Nam,Miền Trung,Nhẫn,Vàng 18K,18,4.8,0,Cưới hỏi,6382000.0,10588000.0,3.5,Không,Có,Không,Thẻ tín dụng,Giao hàng tiêu chuẩn,Online,2,Hàng năm,365.0,2553000.0,2425350.0,637532.0,0,2,Khách hàng có nguy cơ rời bỏ,0.39056950976348304
1477,41,Nữ,Hà Nội,Miền Bắc,Vòng tay,Vàng 18K,18,12.04,0,Lễ/Tết,19123000.0,26130000.0,3.8,Không,Không,Không,Ví điện tử (Momo/ZaloPay),Nhận tại cửa hàng,Tại cửa hàng,21,Hai tuần một lần,15.0,80317000.0,77674571.0,34048084.0,0,3,Khách hàng trung thành,0.5191313451806382
1478,36,Nữ,Lào Cai,Miền Bắc,Dây chuyền,Vàng 18K,18,6.69,0,Tự mua sắm,9188000.0,24678000.0,3.8,Có,Có,Không,Chuyển khoản ngân hàng,Giao hàng tiêu chuẩn,Online,25,Hàng quý,95.0,45940000.0,53781958.0,2831481.0,0,3,Khách hàng trung thành,0.18526653721900765
1479,29,Nữ,TP. Hồ Chí Minh,Miền Nam,Nhẫn,Vàng 18K,18,4.42,0,Tự mua sắm,7508000.0,12480000.0,2.6,Không,Không,Không,Thẻ tín dụng,Nhận tại cửa hàng,Online,25,Hàng năm,403.0,37540000.0,33737198.0,560386.0,1,2,Khách hàng có nguy cơ rời bỏ,0.7390997715922164
1480,37,Nam,Hải Phòng,Miền Bắc,Lắc chân,Bạc,5,4.0,0,Sinh nhật,487000.0,25172000.0,4.5,Không,Không,Không,Tiền mặt,Giao hàng nhanh,Online,9,Hàng tháng,27.0,877000.0,883139.0,464662.0,1,0,Khách hàng phổ thông / mới,0.5513326362766179
1481,25,Nữ,Hà Nội,Miền Bắc,Trang sức bộ,Vàng 18K,18,27.1,0,Quà tặng gia đình,38613000.0,11586000.0,4.3,Có,Có,Có,Thẻ tín dụng,Giao hàng nhanh,Online,3,Hàng quý,100.0,23168000.0,27922074.0,12935631.0,0,0,Khách hàng phổ thông / mới,0.069873535148001
1482,18,Nam,TP. Hồ Chí Minh,Miền Nam,Nhẫn,Vàng 24K,24,5.21,0,Sinh nhật,11517000.0,14015000.0,4.2,Không,Không,Có,Tiền mặt,Giao hàng tiêu chuẩn,Online,16,Hàng năm,321.0,36854000.0,36481775.0,1052922.0,1,2,Khách hàng có nguy cơ rời bỏ,0.5369020760003893
1483,31,Nam,Nghệ An,Miền Trung,Bông tai,Vàng 18K,18,1.5,0,Sinh nhật,2182000.0,12129000.0,2.6,Không,Có,Có,Tiền mặt,Giao hàng tiêu chuẩn,Online,23,Nửa năm một lần,158.0,10037000.0,9020252.0,445590.0,0,3,Khách hàng trung thành,0.39031724580381727
1484,23,Nam,Đồng Nai,Miền Nam,Bông tai,Vàng 18K,18,1.51,0,Lễ/Tết,2100000.0,16171000.0,4.1,Có,Không,Có,Thẻ tín dụng,Nhận tại cửa hàng,Online,28,Hàng năm,406.0,11760000.0,14010864.0,130384.0,0,2,Khách hàng có nguy cơ rời bỏ,0.18677263214822243
1485,37,Nam,Tiền Giang,Miền Nam,Dây chuyền,Bạc,5,6.52,0,Tự mua sắm,639000.0,24168000.0,3.8,Có,Không,Không,Thẻ tín dụng,Nhận tại cửa hàng,Tại cửa hàng,4,Hàng năm,346.0,511000.0,598228.0,51042.0,1,2,Khách hàng có nguy cơ rời bỏ,0.39915903691006227
1486,59,Nữ,Kiên Giang,Miền Nam,Bông tai,Vàng 18K,18,3.37,0,Sinh nhật,5077000.0,23429000.0,4.4,Không,Có,Không,Ví điện tử (Momo/ZaloPay),Giao hàng tiêu chuẩn,Online,1,Hàng tháng,33.0,1015000.0,1016320.0,5215596.0,0,0,Khách hàng phổ thông / mới,0.2694970999706991
1487,25,Nữ,Huế,Miền Trung,Nhẫn,Vàng 24K,24,2.95,1,Cưới hỏi,8355000.0,13804000.0,2.7,Không,Có,Có,Chuyển khoản ngân hàng,Nhận tại cửa hàng,Online,5,Nửa năm một lần,197.0,8355000.0,7556262.0,1186949.0,0,0,Khách hàng phổ thông / mới,0.3595434575223583
1488,18,Nữ,Hưng Yên,Miền Bắc,Nhẫn,Vàng 24K,24,2.35,0,Cưới hỏi,5657000.0,20406000.0,4.4,Không,Không,Không,Ví điện tử (Momo/ZaloPay),Nhận tại cửa hàng,Online,17,Hàng năm,384.0,19234000.0,19259004.0,579336.0,1,2,Khách hàng có nguy cơ rời bỏ,0.5493868255072816
1489,23,Nam,Gia Lai,Miền Trung,Trang sức bộ,Vàng 18K,18,12.41,0,Lễ/Tết,20365000.0,22055000.0,4.9,Không,Không,Có,Chuyển khoản ngân hàng,Giao hàng tiêu chuẩn,Online,5,Hàng tháng,27.0,20365000.0,20971877.0,21000060.0,0,0,Khách hàng phổ thông / mới,0.23822755772814286
1490,42,Nữ,Quảng Ngãi,Miền Trung,Bông tai,Vàng 24K,24,2.53,1,Cưới hỏi,10505000.0,27208000.0,4.6,Không,Có,Không,Tiền mặt,Giao hàng tiêu chuẩn,Online,29,Hai tuần một lần,14.0,60929000.0,61702798.0,23421121.0,0,3,Khách hàng trung thành,0.3260378913579976
1491,31,Nữ,Quảng Ngãi,Miền Trung,Dây chuyền,Vàng 18K,18,10.56,0,Quà tặng người yêu,16659000.0,22375000.0,4.7,Không,Không,Không,Ví điện tử (Momo/ZaloPay),Giao hàng tiêu chuẩn,Online,11,Hàng tháng,33.0,36650000.0,37324360.0,17686805.0,0,0,Khách hàng phổ thông / mới,0.4918069404143055
1492,41,Nữ,Lào Cai,Miền Bắc,Dây chuyền,Bạc,5,11.14,0,Quà tặng người yêu,807000.0,25624000.0,2.7,Không,Không,Không,Thẻ tín dụng,Nhận tại cửa hàng,Online,25,Nửa năm một lần,160.0,4035000.0,3649254.0,112682.0,1,3,Khách hàng trung thành,0.7351217508477583
1493,19,Nữ,Hà Nội,Miền Bắc,Trang sức bộ,Vàng đính đá quý,18,17.07,1,Quà tặng gia đình,33022000.0,19594000.0,3.8,Có,Không,Có,Thẻ tín dụng,Nhận tại cửa hàng,Online,10,Nửa năm một lần,182.0,66044000.0,77317711.0,3717993.0,0,3,Khách hàng trung thành,0.11023418963072307
1494,33,Nữ,Nam Định,Miền Bắc,Dây chuyền,Bạc,5,8.29,0,Sinh nhật,648000.0,14276000.0,3.1,Không,Có,Không,Chuyển khoản ngân hàng,Nhận tại cửa hàng,Online,7,Hàng năm,327.0,907000.0,840970.0,43124.0,1,2,Khách hàng có nguy cơ rời bỏ,0.6721439123792518
1495,37,Nữ,Quảng Ninh,Miền Bắc,Trang sức bộ,Vàng 24K,24,25.71,0,Sinh nhật,56443000.0,21353000.0,3.9,Có,Không,Không,Tiền mặt,Giao hàng tiêu chuẩn,Tại cửa hàng,3,Hàng tháng,26.0,33866000.0,39880602.0,79927530.0,0,0,Khách hàng phổ thông / mới,0.22368806279740602
1496,38,Nữ,Hải Phòng,Miền Bắc,Lắc chân,Vàng 18K,18,6.24,0,Quà tặng gia đình,8976000.0,28789000.0,4.3,Có,Có,Không,Thẻ tín dụng,Nhận tại cửa hàng,Online,7,Nửa năm một lần,179.0,12566000.0,15144543.0,1354923.0,0,0,Khách hàng phổ thông / mới,0.1830667295484859
1497,44,Nữ,Tiền Giang,Miền Nam,Dây chuyền,Bạch kim,20,14.74,0,Cưới hỏi,24649000.0,29515000.0,4.4,Không,Có,Có,Chuyển khoản ngân hàng,Nhận tại cửa hàng,Tại cửa hàng,23,Hàng tuần,7.0,113385000.0,113532400.0,107997809.0,0,1,Khách hàng VIP (giá trị cao nhất),0.21713446943890138
1498,55,Nữ,Hà Nội,Miền Bắc,Bông tai,Vàng 18K,18,4.46,0,Tự mua sắm,6685000.0,6000000.0,5.0,Không,Có,Không,Chuyển khoản ngân hàng,Nhận tại cửa hàng,Online,23,Hàng năm,400.0,30751000.0,31842661.0,450453.0,1,2,Khách hàng có nguy cơ rời bỏ,0.4329920139816526
1499,40,Nữ,Gia Lai,Miền Trung,Bông tai,Vàng đính đá quý,18,3.89,1,Tự mua sắm,11445000.0,24803000.0,4.9,Có,Có,Không,Chuyển khoản ngân hàng,Giao hàng nhanh,Online,21,Hàng quý,90.0,48069000.0,59922815.0,3941731.0,0,3,Khách hàng trung thành,0.19036462915643182
1500,58,Nam,Kiên Giang,Miền Nam,Bông tai,Bạc,5,3.49,0,Sinh nhật,332000.0,18020000.0,3.1,Không,Không,Không,Ví điện tử (Momo/ZaloPay),Nhận tại cửa hàng,Tại cửa hàng,3,Nửa năm một lần,195.0,199000.0,184513.0,65255.0,1,0,Khách hàng phổ thông / mới,0.6906757740381259
1501,43,Nữ,Thanh Hóa,Miền Trung,Dây chuyền,Vàng 24K,24,8.9,0,Tự mua sắm,16706000.0,23384000.0,4.8,Có,Có,Không,Ví điện tử (Momo/ZaloPay),Nhận tại cửa hàng,Online,10,Hàng tháng,31.0,33412000.0,41420856.0,22004982.0,0,0,Khách hàng phổ thông / mới,0.12757829445902408
1502,30,Nữ,Khánh Hòa,Miền Trung,Nhẫn,Vàng 18K,18,3.4,0,Quà tặng gia đình,5037000.0,10239000.0,4.7,Không,Có,Không,Tiền mặt,Giao hàng tiêu chuẩn,Online,18,Hai tuần một lần,16.0,18133000.0,18466647.0,12948905.0,0,3,Khách hàng trung thành,0.39201133623434276
1503,28,Nam,TP. Hồ Chí Minh,Miền Nam,Nhẫn,Vàng đính đá quý,18,2.0,1,Quà tặng người yêu,5820000.0,16669000.0,4.3,Không,Không,Không,Tiền mặt,Giao hàng nhanh,Tại cửa hàng,29,Hai tuần một lần,13.0,33756000.0,33607474.0,16352041.0,0,3,Khách hàng trung thành,0.5056239497184815
1504,33,Nữ,Lào Cai,Miền Bắc,Vòng tay,Vàng đính đá quý,18,17.57,1,Quà tặng người yêu,32333000.0,8751000.0,3.1,Không,Không,Có,Chuyển khoản ngân hàng,Giao hàng nhanh,Tại cửa hàng,8,Hàng năm,396.0,51733000.0,47966838.0,2900984.0,1,2,Khách hàng có nguy cơ rời bỏ,0.671940907217392
1505,46,Nữ,Quảng Nam,Miền Trung,Bông tai,Vàng đính đá quý,18,5.53,1,Lễ/Tết,13145000.0,17732000.0,3.0,Có,Không,Không,Ví điện tử (Momo/ZaloPay),Giao hàng nhanh,Tại cửa hàng,6,Hàng tháng,27.0,15774000.0,17595897.0,16163309.0,0,0,Khách hàng phổ thông / mới,0.498243970999897
1506,29,Nam,Cần Thơ,Miền Nam,Bông tai,Vàng 18K,18,5.87,0,Sinh nhật,9694000.0,23993000.0,3.6,Không,Không,Có,Chuyển khoản ngân hàng,Giao hàng nhanh,Online,26,Hàng năm,405.0,50409000.0,48175881.0,818680.0,1,2,Khách hàng có nguy cơ rời bỏ,0.4938119033086583
1507,61,Nam,TP. Hồ Chí Minh,Miền Nam,Vòng tay,Bạch kim,20,11.06,0,Sinh nhật,18249000.0,24775000.0,2.6,Có,Có,Không,Tiền mặt,Nhận tại cửa hàng,Online,15,Hàng tháng,33.0,54747000.0,59559261.0,14944049.0,0,3,Khách hàng trung thành,0.26078688104412023
1508,41,Nam,Cần Thơ,Miền Nam,Nhẫn,Vàng 18K,18,7.65,0,Cưới hỏi,11929000.0,35481000.0,3.2,Không,Không,Có,Chuyển khoản ngân hàng,Nhận tại cửa hàng,Online,12,Hàng quý,99.0,28630000.0,26708927.0,3082469.0,0,0,Khách hàng phổ thông / mới,0.4958093728520901
1509,59,Nữ,Tây Ninh,Miền Nam,Nhẫn,Vàng 18K,18,6.07,0,Lễ/Tết,9719000.0,17935000.0,2.7,Không,Không,Có,Ví điện tử (Momo/ZaloPay),Giao hàng nhanh,Online,12,Hàng tháng,28.0,23326000.0,21096034.0,10406889.0,0,0,Khách hàng phổ thông / mới,0.37141948261023977
1510,50,Nam,Thanh Hóa,Miền Trung,Bông tai,Bạc,5,3.11,1,Tự mua sắm,3061000.0,14852000.0,3.8,Có,Có,Không,Tiền mặt,Nhận tại cửa hàng,Online,13,Hai tuần một lần,13.0,7959000.0,9317601.0,6847458.0,0,0,Khách hàng phổ thông / mới,0.19865993611649677
1511,34,Nữ,TP. Hồ Chí Minh,Miền Nam,Vòng tay,Vàng đính đá quý,18,18.78,1,Quà tặng gia đình,36259000.0,29741000.0,4.0,Không,Có,Không,Thẻ tín dụng,Nhận tại cửa hàng,Tại cửa hàng,15,Hàng quý,99.0,108777000.0,106438294.0,10091198.0,0,1,Khách hàng VIP (giá trị cao nhất),0.34755279174058273
1512,28,Nữ,Gia Lai,Miền Trung,Bông tai,Vàng 18K,18,5.84,0,Sinh nhật,9679000.0,7666000.0,2.8,Có,Không,Có,Chuyển khoản ngân hàng,Giao hàng tiêu chuẩn,Tại cửa hàng,24,Hàng quý,92.0,46459000.0,51183880.0,3551824.0,0,3,Khách hàng trung thành,0.2424159377430971
1513,53,Nữ,TP. Hồ Chí Minh,Miền Nam,Nhẫn,Vàng 18K,18,4.97,0,Quà tặng gia đình,7076000.0,22532000.0,4.7,Không,Có,Có,Thẻ tín dụng,Nhận tại cửa hàng,Tại cửa hàng,21,Hàng quý,89.0,29719000.0,30265830.0,2795310.0,0,3,Khách hàng trung thành,0.2152269277180096
1514,33,Nữ,TP. Hồ Chí Minh,Miền Nam,Dây chuyền,Vàng 18K,18,12.36,0,Sinh nhật,17651000.0,23500000.0,3.8,Không,Có,Có,Tiền mặt,Nhận tại cửa hàng,Tại cửa hàng,3,Nửa năm một lần,177.0,10591000.0,10242556.0,3039302.0,0,0,Khách hàng phổ thông / mới,0.18282804732722358
1515,29,Nữ,TP. Hồ Chí Minh,Miền Nam,Trang sức bộ,Vàng 18K,18,29.41,0,Tự mua sắm,40472000.0,6000000.0,3.5,Không,Có,Có,Chuyển khoản ngân hàng,Nhận tại cửa hàng,Online,4,Hàng tháng,26.0,32378000.0,30759100.0,59118170.0,0,0,Khách hàng phổ thông / mới,0.21068821949555544
1516,62,Nam,Bà Rịa - Vũng Tàu,Miền Nam,Nhẫn,Vàng 24K,24,5.46,0,Tự mua sắm,11698000.0,14088000.0,3.8,Không,Không,Có,Chuyển khoản ngân hàng,Giao hàng nhanh,Online,19,Nửa năm một lần,190.0,44452000.0,42989529.0,1467476.0,0,3,Khách hàng trung thành,0.37359060348572753
1517,41,Nữ,Thanh Hóa,Miền Trung,Nhẫn,Vàng đính đá quý,18,4.25,1,Sinh nhật,10044000.0,10903000.0,4.0,Không,Không,Không,Chuyển khoản ngân hàng,Giao hàng tiêu chuẩn,Online,26,Nửa năm một lần,183.0,52229000.0,51106076.0,1589161.0,1,3,Khách hàng trung thành,0.6240001434552044
1518,20,Nam,TP. Hồ Chí Minh,Miền Nam,Bông tai,Vàng 24K,24,1.67,0,Tự mua sắm,4036000.0,25032000.0,3.3,Không,Không,Không,Chuyển khoản ngân hàng,Nhận tại cửa hàng,Online,29,Hai tuần một lần,16.0,23409000.0,21971687.0,6591080.0,0,3,Khách hàng trung thành,0.6426397494181556
1519,41,Nam,Hưng Yên,Miền Bắc,Vòng tay,Bạc,5,19.97,0,Cưới hỏi,1111000.0,15963000.0,4.3,Không,Không,Có,Chuyển khoản ngân hàng,Giao hàng nhanh,Tại cửa hàng,27,Hàng quý,95.0,5999000.0,5972604.0,232967.0,0,3,Khách hàng trung thành,0.3805433016180748
1520,40,Nữ,Gia Lai,Miền Trung,Trang sức bộ,Vàng 18K,18,11.79,1,Cưới hỏi,24000000.0,18577000.0,3.4,Có,Không,Có,Thẻ tín dụng,Giao hàng nhanh,Tại cửa hàng,20,Hai tuần một lần,16.0,96000000.0,109737600.0,44330286.0,0,1,Khách hàng VIP (giá trị cao nhất),0.24539391993591522
1521,59,Nam,TP. Hồ Chí Minh,Miền Nam,Trang sức bộ,Vàng 18K,18,13.37,0,Tự mua sắm,19129000.0,10245000.0,3.1,Không,Có,Có,Tiền mặt,Nhận tại cửa hàng,Online,8,Hàng tuần,6.0,30606000.0,28377883.0,56129390.0,0,0,Khách hàng phổ thông / mới,0.3427037143609151
1522,52,Nữ,Đồng Nai,Miền Nam,Bông tai,Vàng 18K,18,2.87,0,Quà tặng người yêu,4175000.0,15451000.0,3.6,Có,Có,Không,Ví điện tử (Momo/ZaloPay),Giao hàng nhanh,Online,3,Hai tuần một lần,15.0,2505000.0,2898034.0,10624715.0,0,0,Khách hàng phổ thông / mới,0.20231378176212664
1523,27,Nữ,Huế,Miền Trung,Nhẫn,Vàng 18K,18,4.09,0,Tự mua sắm,6965000.0,14089000.0,2.8,Có,Không,Có,Tiền mặt,Giao hàng tiêu chuẩn,Online,23,Nửa năm một lần,199.0,32039000.0,35297366.0,1169223.0,0,3,Khách hàng trung thành,0.36224644492250585
1524,25,Nữ,Khánh Hòa,Miền Trung,Vòng tay,Bạc,5,9.01,0,Cưới hỏi,1133000.0,17973000.0,4.9,Không,Không,Không,Ví điện tử (Momo/ZaloPay),Nhận tại cửa hàng,Tại cửa hàng,28,Hai tuần một lần,14.0,6345000.0,6534081.0,1980273.0,1,3,Khách hàng trung thành,0.5448435102695719
1525,46,Nữ,Lào Cai,Miền Bắc,Lắc chân,Bạc,5,3.7,0,Cưới hỏi,320000.0,18619000.0,3.9,Có,Không,Có,Chuyển khoản ngân hàng,Giao hàng tiêu chuẩn,Tại cửa hàng,13,Hàng năm,378.0,832000.0,979763.0,33873.0,0,2,Khách hàng có nguy cơ rời bỏ,0.15014818689568196
1526,20,Nữ,Quảng Ninh,Miền Bắc,Dây chuyền,Vàng đính đá quý,18,13.79,1,Tự mua sắm,28707000.0,20389500.0,2.9,Không,Không,Không,Chuyển khoản ngân hàng,Giao hàng tiêu chuẩn,Online,4,Nửa năm một lần,163.0,22966000.0,21032263.0,6444736.0,1,0,Khách hàng phổ thông / mới,0.7461075204338932
1527,33,Nữ,Hải Dương,Miền Bắc,Trang sức bộ,Vàng 18K,18,22.83,0,Quà tặng người yêu,36063000.0,24822000.0,4.5,Có,Không,Không,Tiền mặt,Nhận tại cửa hàng,Tại cửa hàng,22,Hàng tuần,7.0,158677000.0,193427263.0,119524782.0,0,1,Khách hàng VIP (giá trị cao nhất),0.24153233840052257
1528,24,Nữ,An Giang,Miền Nam,Bông tai,Bạc,5,5.85,0,Quà tặng gia đình,300000.0,7005000.0,4.3,Không,Không,Có,Ví điện tử (Momo/ZaloPay),Nhận tại cửa hàng,Online,12,Nửa năm một lần,189.0,720000.0,716832.0,45678.0,1,0,Khách hàng phổ thông / mới,0.6181896900771936
1529,18,Nữ,Vĩnh Phúc,Miền Bắc,Nhẫn,Vàng đính đá quý,18,7.21,1,Quà tặng gia đình,16458000.0,26203000.0,3.6,Có,Không,Không,Chuyển khoản ngân hàng,Giao hàng nhanh,Tại cửa hàng,20,Hàng tuần,7.0,65832000.0,76161041.0,40847156.0,0,3,Khách hàng trung thành,0.25924520004100915
1530,62,Nam,Tây Ninh,Miền Nam,Vòng tay,Vàng 18K,18,12.41,0,Sinh nhật,19472000.0,27881000.0,5.0,Có,Không,Không,Ví điện tử (Momo/ZaloPay),Nhận tại cửa hàng,Online,6,Hai tuần một lần,16.0,23366000.0,29289281.0,34063932.0,0,0,Khách hàng phổ thông / mới,0.2931982471290132
1531,22,Nữ,Hải Dương,Miền Bắc,Bông tai,Vàng đính đá quý,18,2.94,1,Sinh nhật,6400000.0,19797000.0,3.8,Không,Có,Có,Ví điện tử (Momo/ZaloPay),Giao hàng tiêu chuẩn,Tại cửa hàng,11,Hàng năm,395.0,14080000.0,13616768.0,581335.0,0,2,Khách hàng có nguy cơ rời bỏ,0.19163726000780093
1532,18,Nam,TP. Hồ Chí Minh,Miền Nam,Nhẫn,Vàng đính đá quý,18,3.16,1,Quà tặng người yêu,9204000.0,25980000.0,3.0,Không,Có,Không,Tiền mặt,Giao hàng tiêu chuẩn,Online,22,Hàng quý,91.0,40498000.0,37318907.0,4063593.0,0,3,Khách hàng trung thành,0.4692772520865509
1533,62,Nam,Đắk Lắk,Miền Trung,Dây chuyền,Vàng đính đá quý,18,14.92,1,Tự mua sắm,27359000.0,30138000.0,4.5,Không,Có,Không,Ví điện tử (Momo/ZaloPay),Giao hàng tiêu chuẩn,Tại cửa hàng,26,Hàng tuần,7.0,142267000.0,143262869.0,104876664.0,0,1,Khách hàng VIP (giá trị cao nhất),0.34453324902640786
1534,27,Nam,TP. Hồ Chí Minh,Miền Nam,Bông tai,Bạc,5,4.03,0,Quà tặng người yêu,448000.0,16219000.0,4.8,Không,Có,Có,Chuyển khoản ngân hàng,Giao hàng nhanh,Tại cửa hàng,8,Hàng năm,382.0,717000.0,734280.0,32087.0,0,2,Khách hàng có nguy cơ rời bỏ,0.1839055318409513
1535,57,Nữ,TP. Hồ Chí Minh,Miền Nam,Nhẫn,Bạc,5,6.96,0,Quà tặng gia đình,300000.0,12882000.0,3.2,Không,Có,Không,Tiền mặt,Giao hàng nhanh,Online,24,Hàng năm,382.0,1440000.0,1343376.0,18812.0,1,2,Khách hàng có nguy cơ rời bỏ,0.5933769808997987
1536,19,Nữ,TP. Hồ Chí Minh,Miền Nam,Dây chuyền,Vàng 18K,18,14.82,0,Quà tặng gia đình,23780000.0,23094000.0,2.5,Không,Không,Không,Chuyển khoản ngân hàng,Giao hàng tiêu chuẩn,Online,8,Hàng quý,95.0,38048000.0,33976864.0,7699910.0,0,0,Khách hàng phổ thông / mới,0.5510070292903723
1537,25,Nữ,An Giang,Miền Nam,Bông tai,Bạc,5,2.12,0,Quà tặng người yêu,300000.0,13791000.0,4.0,Có,Không,Có,Chuyển khoản ngân hàng,Nhận tại cửa hàng,Tại cửa hàng,23,Nửa năm một lần,182.0,1380000.0,1634610.0,33709.0,0,3,Khách hàng trung thành,0.16058769759845418
1538,23,Nữ,Đắk Lắk,Miền Trung,Bông tai,Vàng đính đá quý,18,5.62,1,Tự mua sắm,14910000.0,21230000.0,4.3,Không,Không,Không,Chuyển khoản ngân hàng,Giao hàng nhanh,Online,13,Nửa năm một lần,161.0,38766000.0,38595430.0,2939873.0,1,0,Khách hàng phổ thông / mới,0.552035102824158
1539,51,Nữ,Hà Nội,Miền Bắc,Vòng tay,Vàng 18K,18,16.92,0,Sinh nhật,26685000.0,13794000.0,3.2,Không,Không,Không,Thẻ tín dụng,Giao hàng nhanh,Online,22,Nửa năm một lần,207.0,117414000.0,109535521.0,3764641.0,1,1,Khách hàng VIP (giá trị cao nhất),0.730210553493209
1540,47,Nữ,Hưng Yên,Miền Bắc,Trang sức bộ,Bạch kim,20,21.37,0,Sinh nhật,40732000.0,27638000.0,4.9,Có,Không,Không,Ví điện tử (Momo/ZaloPay),Nhận tại cửa hàng,Tại cửa hàng,9,Hàng quý,77.0,73318000.0,91398219.0,14538363.0,0,3,Khách hàng trung thành,0.24586624441426763
1541,40,Nữ,TP. Hồ Chí Minh,Miền Nam,Trang sức bộ,Bạc,5,33.72,0,Quà tặng người yêu,1910000.0,15084000.0,2.9,Có,Không,Không,Tiền mặt,Giao hàng nhanh,Tại cửa hàng,3,Hàng năm,312.0,1146000.0,1270456.0,130937.0,1,2,Khách hàng có nguy cơ rời bỏ,0.6390172454737781
1542,29,Nữ,Quảng Nam,Miền Trung,Vòng tay,Vàng 24K,24,13.85,0,Tự mua sắm,30221000.0,18263000.0,4.5,Có,Không,Không,Thẻ tín dụng,Giao hàng tiêu chuẩn,Online,24,Hàng quý,102.0,145061000.0,176829359.0,9710256.0,0,1,Khách hàng VIP (giá trị cao nhất),0.23547973402205027
1543,22,Nam,Bình Định,Miền Trung,Nhẫn,Bạc,5,4.06,0,Quà tặng người yêu,494000.0,17394000.0,4.7,Không,Có,Không,Ví điện tử (Momo/ZaloPay),Nhận tại cửa hàng,Online,1,Hàng tháng,30.0,99000.0,100822.0,446632.0,0,0,Khách hàng phổ thông / mới,0.3078613321051996
1544,45,Nam,Gia Lai,Miền Trung,Bông tai,Bạch kim,20,1.8,0,Lễ/Tết,3580000.0,10786000.0,3.8,Không,Không,Không,Tiền mặt,Giao hàng tiêu chuẩn,Tại cửa hàng,16,Hàng tuần,8.0,11456000.0,11079098.0,8478317.0,0,0,Khách hàng phổ thông / mới,0.5905090772028042
1545,29,Nữ,Nghệ An,Miền Trung,Dây chuyền,Bạc,5,11.73,0,Sinh nhật,854000.0,27297000.0,3.8,Không,Không,Có,Thẻ tín dụng,Giao hàng tiêu chuẩn,Online,2,Hàng quý,87.0,342000.0,330748.0,142233.0,0,0,Khách hàng phổ thông / mới,0.4054269431916472
1546,46,Nữ,Bình Dương,Miền Nam,Lắc chân,Bạch kim,20,9.97,0,Tự mua sắm,17978000.0,29756000.0,2.6,Không,Có,Không,Thẻ tín dụng,Giao hàng nhanh,Online,17,Hai tuần một lần,14.0,61125000.0,54933038.0,38333487.0,0,3,Khách hàng trung thành,0.5340013035132203
1547,50,Nữ,TP. Hồ Chí Minh,Miền Nam,Vòng tay,Vàng 18K,18,8.1,0,Quà tặng gia đình,12887000.0,19996000.0,4.1,Không,Không,Không,Ví điện tử (Momo/ZaloPay),Giao hàng nhanh,Tại cửa hàng,4,Hai tuần một lần,15.0,10310000.0,10147102.0,33996042.0,0,0,Khách hàng phổ thông / mới,0.47899879982729116
1548,58,Nữ,TP. Hồ Chí Minh,Miền Nam,Dây chuyền,Vàng đính đá quý,18,7.46,1,Tự mua sắm,15720000.0,16163000.0,3.9,Không,Có,Không,Ví điện tử (Momo/ZaloPay),Giao hàng tiêu chuẩn,Online,5,Hàng quý,90.0,15720000.0,15292416.0,6806900.0,0,0,Khách hàng phổ thông / mới,0.33155959072610286
1549,41,Nữ,TP. Hồ Chí Minh,Miền Nam,Vòng tay,Bạc,5,5.83,0,Sinh nhật,561000.0,18822000.0,4.4,Không,Không,Không,Ví điện tử (Momo/ZaloPay),Nhận tại cửa hàng,Tại cửa hàng,30,Hàng năm,409.0,3366000.0,3370376.0,37764.0,1,2,Khách hàng có nguy cơ rời bỏ,0.45793997074034964
1550,18,Nữ,An Giang,Miền Nam,Vòng tay,Bạch kim,20,13.36,0,Sinh nhật,25522000.0,15538000.0,3.8,Không,Không,Không,Thẻ tín dụng,Giao hàng tiêu chuẩn,Online,28,Hai tuần một lần,15.0,142923000.0,138220833.0,45510924.0,0,1,Khách hàng VIP (giá trị cao nhất),0.4868128018314715
1551,31,Nam,Gia Lai,Miền Trung,Trang sức bộ,Vàng 18K,18,25.0,0,Sinh nhật,39599000.0,19701000.0,3.4,Có,Không,Không,Thẻ tín dụng,Nhận tại cửa hàng,Tại cửa hàng,14,Hàng tháng,30.0,110877000.0,126743499.0,42940339.0,0,1,Khách hàng VIP (giá trị cao nhất),0.3175756046414227
1552,58,Nam,Kiên Giang,Miền Nam,Nhẫn,Vàng 18K,18,7.01,0,Cưới hỏi,11541000.0,19298000.0,2.8,Có,Không,Không,Tiền mặt,Giao hàng nhanh,Tại cửa hàng,11,Hàng năm,401.0,25390000.0,27972163.0,708252.0,1,2,Khách hàng có nguy cơ rời bỏ,0.4080661443633749
1553,43,Nam,Hải Phòng,Miền Bắc,Trang sức bộ,Vàng đính đá quý,18,10.65,1,Quà tặng gia đình,23481000.0,14230000.0,2.6,Không,Không,Không,Ví điện tử (Momo/ZaloPay),Giao hàng tiêu chuẩn,Tại cửa hàng,21,Hàng quý,91.0,98620000.0,88629794.0,8161499.0,0,3,Khách hàng trung thành,0.7195242387960278
1554,47,Nữ,Quảng Ngãi,Miền Trung,Nhẫn,Vàng 24K,24,2.28,1,Cưới hỏi,7848000.0,28740000.0,3.8,Không,Có,Không,Thẻ tín dụng,Giao hàng nhanh,Tại cửa hàng,12,Nửa năm một lần,171.0,18835000.0,18215328.0,1566701.0,1,0,Khách hàng phổ thông / mới,0.4398302562578515
1555,39,Nữ,TP. Hồ Chí Minh,Miền Nam,Bông tai,Vàng 18K,18,1.16,0,Sinh nhật,2207000.0,18841000.0,4.8,Có,Không,Không,Thẻ tín dụng,Giao hàng tiêu chuẩn,Online,5,Hàng quý,80.0,2207000.0,2736018.0,1010404.0,0,0,Khách hàng phổ thông / mới,0.3386470901295649
1556,25,Nữ,Quảng Nam,Miền Trung,Trang sức bộ,Bạch kim,20,33.61,0,Tự mua sắm,63591000.0,33022000.0,4.4,Có,Không,Không,Chuyển khoản ngân hàng,Nhận tại cửa hàng,Tại cửa hàng,8,Nửa năm một lần,174.0,101746000.0,123326327.0,10766310.0,0,1,Khách hàng VIP (giá trị cao nhất),0.22990215940384748
1557,61,Nữ,Hưng Yên,Miền Bắc,Dây chuyền,Bạch kim,20,9.15,1,Cưới hỏi,17849000.0,22390000.0,3.5,Không,Có,Không,Ví điện tử (Momo/ZaloPay),Giao hàng nhanh,Online,19,Hàng tháng,31.0,67826000.0,64434700.0,16639967.0,0,3,Khách hàng trung thành,0.46558743234497674
1558,55,Nữ,Bình Định,Miền Trung,Nhẫn,Vàng đính đá quý,18,3.1,1,Lễ/Tết,7647000.0,18466000.0,5.0,Không,Có,Có,Tiền mặt,Giao hàng nhanh,Tại cửa hàng,29,Hàng quý,103.0,44353000.0,45927532.0,1875289.0,0,3,Khách hàng trung thành,0.15789473894802136
1559,65,Nữ,Thanh Hóa,Miền Trung,Lắc chân,Bạc,5,3.17,1,Cưới hỏi,3866000.0,19925000.0,3.0,Không,Không,Không,Ví điện tử (Momo/ZaloPay),Nhận tại cửa hàng,Online,20,Nửa năm một lần,195.0,15464000.0,14250076.0,506245.0,1,3,Khách hàng trung thành,0.769116866365462
1560,59,Nữ,An Giang,Miền Nam,Lắc chân,Vàng đính đá quý,18,3.87,1,Quà tặng người yêu,9807000.0,18969000.0,5.0,Không,Có,Không,Thẻ tín dụng,Giao hàng nhanh,Tại cửa hàng,19,Hàng tuần,7.0,37267000.0,38589978.0,28221618.0,0,3,Khách hàng trung thành,0.4001101812976482
1561,31,Nữ,Thanh Hóa,Miền Trung,Dây chuyền,Vàng 18K,18,11.64,0,Tự mua sắm,18733000.0,19117000.0,3.1,Không,Không,Không,Thẻ tín dụng,Giao hàng nhanh,Tại cửa hàng,24,Hàng tháng,27.0,89918000.0,83371970.0,22190816.0,1,3,Khách hàng trung thành,0.7637109303927542
1562,30,Nữ,Quảng Ninh,Miền Bắc,Vòng tay,Bạc,5,12.2,0,Sinh nhật,300000.0,21368000.0,2.9,Không,Có,Không,Tiền mặt,Giao hàng nhanh,Tại cửa hàng,2,Hàng quý,96.0,120000.0,109896.0,109167.0,0,0,Khách hàng phổ thông / mới,0.4902115221087801
1563,29,Nữ,Đắk Lắk,Miền Trung,Lắc chân,Vàng đính đá quý,18,9.61,1,Quà tặng gia đình,16715000.0,11886000.0,4.6,Không,Có,Có,Chuyển khoản ngân hàng,Giao hàng nhanh,Online,19,Nửa năm một lần,183.0,63517000.0,64323666.0,2344012.0,1,3,Khách hàng trung thành,0.41159299848837283
1564,62,Nữ,Nghệ An,Miền Trung,Nhẫn,Bạc,5,3.22,0,Sinh nhật,446000.0,14571000.0,3.7,Có,Không,Có,Thẻ tín dụng,Giao hàng tiêu chuẩn,Tại cửa hàng,6,Hàng quý,96.0,535000.0,622633.0,176823.0,0,0,Khách hàng phổ thông / mới,0.22039454503796052
1565,44,Nữ,Hà Nội,Miền Bắc,Bông tai,Vàng 24K,24,3.2,0,Quà tặng người yêu,7305000.0,26101000.0,4.7,Không,Không,Có,Tiền mặt,Nhận tại cửa hàng,Online,13,Nửa năm một lần,175.0,18993000.0,19342471.0,1191171.0,1,0,Khách hàng phổ thông / mới,0.4533741842039484
1566,39,Nữ,Đắk Lắk,Miền Trung,Dây chuyền,Vàng 18K,18,10.49,1,Cưới hỏi,20735000.0,23929000.0,4.4,Không,Không,Có,Tiền mặt,Giao hàng nhanh,Tại cửa hàng,15,Nửa năm một lần,181.0,62205000.0,62285866.0,3423522.0,0,3,Khách hàng trung thành,0.38806506592218243
1567,64,Nữ,Bình Định,Miền Trung,Nhẫn,Bạc,5,2.88,0,Sinh nhật,339000.0,10815000.0,2.9,Không,Có,Không,Chuyển khoản ngân hàng,Giao hàng nhanh,Tại cửa hàng,22,Hàng tuần,7.0,1492000.0,1366374.0,880215.0,0,3,Khách hàng trung thành,0.5468384840949816
1568,46,Nữ,Quảng Ninh,Miền Bắc,Lắc chân,Bạch kim,20,5.59,0,Tự mua sắm,10644000.0,24418000.0,2.8,Không,Không,Có,Tiền mặt,Nhận tại cửa hàng,Tại cửa hàng,6,Hàng năm,350.0,12773000.0,11624707.0,514230.0,1,2,Khách hàng có nguy cơ rời bỏ,0.6884575042815757
1569,61,Nam,Gia Lai,Miền Trung,Dây chuyền,Bạc,5,4.7,1,Cưới hỏi,5018000.0,27543000.0,3.6,Có,Không,Có,Chuyển khoản ngân hàng,Giao hàng nhanh,Online,29,Hàng năm,374.0,29104000.0,33670418.0,466565.0,0,2,Khách hàng có nguy cơ rời bỏ,0.10939977854757717
1570,65,Nữ,Đắk Lắk,Miền Trung,Trang sức bộ,Bạch kim,20,27.79,0,Sinh nhật,49647000.0,23667000.0,3.9,Không,Có,Không,Chuyển khoản ngân hàng,Nhận tại cửa hàng,Online,19,Hàng tháng,28.0,188659000.0,183527475.0,60248331.0,1,1,Khách hàng VIP (giá trị cao nhất),0.5870158009495703
1571,21,Nữ,Bình Dương,Miền Nam,Vòng tay,Bạch kim,20,13.73,0,Quà tặng gia đình,26035000.0,7681000.0,3.6,Không,Không,Không,Ví điện tử (Momo/ZaloPay),Giao hàng tiêu chuẩn,Tại cửa hàng,11,Hàng quý,79.0,57277000.0,54739629.0,9386056.0,0,0,Khách hàng phổ thông / mới,0.5474224825424769
1572,35,Nam,Thanh Hóa,Miền Trung,Vòng tay,Vàng 18K,18,11.67,0,Sinh nhật,16653000.0,10740000.0,3.0,Có,Có,Không,Tiền mặt,Giao hàng tiêu chuẩn,Online,10,Hàng tháng,27.0,33306000.0,37152843.0,18726453.0,0,0,Khách hàng phổ thông / mới,0.21577165661315387
1573,53,Nữ,Hải Dương,Miền Bắc,Dây chuyền,Bạc,5,9.81,0,Tự mua sắm,1247000.0,20851000.0,3.0,Không,Có,Có,Thẻ tín dụng,Giao hàng nhanh,Online,4,Hàng năm,364.0,998000.0,919657.0,112319.0,1,2,Khách hàng có nguy cơ rời bỏ,0.3973163851601632
1574,57,Nam,Kiên Giang,Miền Nam,Dây chuyền,Bạc,5,5.04,0,Cưới hỏi,616000.0,34596000.0,3.8,Không,Có,Không,Tiền mặt,Giao hàng nhanh,Online,11,Hàng quý,78.0,1355000.0,1310420.0,170287.0,0,0,Khách hàng phổ thông / mới,0.35884264066381866
1575,25,Nữ,Đắk Lắk,Miền Trung,Lắc chân,Vàng 18K,18,10.32,0,Lễ/Tết,15269000.0,15731000.0,2.5,Không,Có,Có,Ví điện tử (Momo/ZaloPay),Nhận tại cửa hàng,Tại cửa hàng,4,Hàng quý,87.0,12215000.0,10907995.0,4763773.0,0,0,Khách hàng phổ thông / mới,0.24149703545113202
1576,33,Nữ,Hà Nội,Miền Bắc,Bông tai,Vàng 18K,18,4.78,0,Cưới hỏi,8117000.0,24218000.0,3.6,Không,Không,Không,Chuyển khoản ngân hàng,Giao hàng nhanh,Tại cửa hàng,24,Hàng năm,384.0,38962000.0,37235983.0,724802.0,1,2,Khách hàng có nguy cơ rời bỏ,0.640633245922126
1577,44,Nam,Cần Thơ,Miền Nam,Bông tai,Bạc,5,1.91,0,Tự mua sắm,735000.0,16132000.0,2.6,Không,Không,Không,Ví điện tử (Momo/ZaloPay),Nhận tại cửa hàng,Online,24,Nửa năm một lần,183.0,3528000.0,3170614.0,93288.0,1,3,Khách hàng trung thành,0.777141210273108
1578,56,Nữ,Thái Nguyên,Miền Bắc,Dây chuyền,Bạch kim,20,13.63,0,Cưới hỏi,23053000.0,33260000.0,4.7,Không,Có,Không,Tiền mặt,Giao hàng tiêu chuẩn,Online,16,Hàng tháng,30.0,73770000.0,75127368.0,24271130.0,0,3,Khách hàng trung thành,0.3439412484175176
1579,23,Nữ,Đồng Nai,Miền Nam,Dây chuyền,Vàng 18K,18,7.73,1,Quà tặng người yêu,13930000.0,19670000.0,4.1,Không,Có,Không,Chuyển khoản ngân hàng,Giao hàng nhanh,Online,29,Nửa năm một lần,194.0,80794000.0,79517455.0,1628120.0,0,3,Khách hàng trung thành,0.38179726389591845
1580,46,Nữ,TP. Hồ Chí Minh,Miền Nam,Nhẫn,Vàng 24K,24,4.51,0,Cưới hỏi,10075000.0,12271000.0,2.9,Không,Không,Có,Tiền mặt,Nhận tại cửa hàng,Online,4,Nửa năm một lần,161.0,8060000.0,7381348.0,2034945.0,1,0,Khách hàng phổ thông / mới,0.668832099831735
1581,32,Nữ,Kiên Giang,Miền Nam,Bông tai,Vàng 18K,18,3.66,0,Quà tặng người yêu,5630000.0,14211000.0,4.4,Không,Có,Không,Tiền mặt,Giao hàng nhanh,Online,27,Hàng quý,84.0,30402000.0,30441523.0,1997815.0,0,3,Khách hàng trung thành,0.38848893587783384
1582,28,Nữ,Kiên Giang,Miền Nam,Dây chuyền,Bạch kim,20,12.51,0,Lễ/Tết,21146000.0,13406000.0,3.7,Không,Có,Không,Thẻ tín dụng,Giao hàng tiêu chuẩn,Tại cửa hàng,12,Hàng quý,88.0,50750000.0,48791050.0,5113076.0,0,3,Khách hàng trung thành,0.37699858723636337
1583,42,Nữ,Hưng Yên,Miền Bắc,Vòng tay,Bạc,5,7.46,0,Cưới hỏi,1396000.0,21334000.0,3.8,Có,Không,Không,Thẻ tín dụng,Nhận tại cửa hàng,Online,23,Nửa năm một lần,169.0,6422000.0,7518235.0,299765.0,1,3,Khách hàng trung thành,0.42588259127841815
1584,37,Nữ,Bình Dương,Miền Nam,Vòng tay,Vàng 18K,18,8.98,1,Quà tặng gia đình,15056000.0,15346000.0,3.1,Không,Có,Không,Thẻ tín dụng,Nhận tại cửa hàng,Online,27,Hàng quý,88.0,81302000.0,75383214.0,4454045.0,0,3,Khách hàng trung thành,0.5122275820876865
1585,48,Nam,Lào Cai,Miền Bắc,Dây chuyền,Vàng đính đá quý,18,14.24,1,Sinh nhật,28250000.0,17414000.0,3.5,Không,Không,Không,Tiền mặt,Giao hàng tiêu chuẩn,Tại cửa hàng,4,Hàng năm,408.0,22600000.0,21470000.0,1774255.0,1,2,Khách hàng có nguy cơ rời bỏ,0.6240920148015513
1586,33,Nữ,Quảng Ngãi,Miền Trung,Bông tai,Vàng 24K,24,5.69,0,Cưới hỏi,12330000.0,33604000.0,4.7,Không,Không,Không,Chuyển khoản ngân hàng,Giao hàng nhanh,Tại cửa hàng,26,Hàng quý,80.0,64116000.0,65295734.0,4790679.0,0,3,Khách hàng trung thành,0.5638073710222112
1587,57,Nữ,Gia Lai,Miền Trung,Vòng tay,Vàng 18K,18,17.13,0,Sinh nhật,26970000.0,17315000.0,2.9,Không,Không,Không,Thẻ tín dụng,Nhận tại cửa hàng,Online,30,Nửa năm một lần,171.0,161820000.0,148194756.0,5709855.0,1,1,Khách hàng VIP (giá trị cao nhất),0.6251867542208601
1588,21,Nữ,Hà Nội,Miền Bắc,Trang sức bộ,Vàng 18K,18,14.21,0,Quà tặng người yêu,23009000.0,20495000.0,4.1,Có,Không,Không,Ví điện tử (Momo/ZaloPay),Giao hàng tiêu chuẩn,Online,23,Nửa năm một lần,202.0,105841000.0,126098967.0,2792354.0,1,1,Khách hàng VIP (giá trị cao nhất),0.4382531182004475
1589,59,Nữ,Hà Nội,Miền Bắc,Nhẫn,Bạc,5,5.37,0,Lễ/Tết,869000.0,19629000.0,3.0,Không,Có,Không,Ví điện tử (Momo/ZaloPay),Giao hàng tiêu chuẩn,Online,5,Hàng tháng,31.0,869000.0,800784.0,850304.0,0,0,Khách hàng phổ thông / mới,0.41205825413509556
1590,19,Nam,Hà Nội,Miền Bắc,Vòng tay,Bạch kim,20,11.69,0,Quà tặng người yêu,19390000.0,18796000.0,3.6,Không,Có,Có,Thẻ tín dụng,Nhận tại cửa hàng,Tại cửa hàng,26,Hai tuần một lần,16.0,100828000.0,96361320.0,39162479.0,0,1,Khách hàng VIP (giá trị cao nhất),0.20810219580932673
1591,53,Nam,Bắc Ninh,Miền Bắc,Nhẫn,Vàng 24K,24,2.02,0,Lễ/Tết,4766000.0,25848000.0,3.8,Không,Không,Không,Ví điện tử (Momo/ZaloPay),Nhận tại cửa hàng,Tại cửa hàng,9,Hàng năm,329.0,8579000.0,8296751.0,488809.0,1,2,Khách hàng có nguy cơ rời bỏ,0.6044694893045398
1592,34,Nữ,Hải Dương,Miền Bắc,Lắc chân,Bạch kim,20,3.68,0,Quà tặng người yêu,7220000.0,6000000.0,2.8,Không,Không,Không,Chuyển khoản ngân hàng,Giao hàng tiêu chuẩn,Online,3,Nửa năm một lần,196.0,4332000.0,3942553.0,1140200.0,1,0,Khách hàng phổ thông / mới,0.7464063647079215
1593,36,Nữ,An Giang,Miền Nam,Vòng tay,Bạc,5,17.85,0,Cưới hỏi,1044000.0,21212000.0,2.7,Không,Không,Không,Thẻ tín dụng,Giao hàng nhanh,Tại cửa hàng,20,Hàng quý,99.0,4176000.0,3776774.0,295463.0,0,3,Khách hàng trung thành,0.7179836244238137
1594,18,Nam,Khánh Hòa,Miền Trung,Dây chuyền,Vàng đính đá quý,18,4.09,1,Quà tặng người yêu,11331000.0,16447000.0,3.7,Không,Có,Có,Ví điện tử (Momo/ZaloPay),Nhận tại cửa hàng,Online,4,Hàng tuần,8.0,9065000.0,8715091.0,28929191.0,0,0,Khách hàng phổ thông / mới,0.1469040758195282
1595,51,Nữ,Đồng Nai,Miền Nam,Lắc chân,Vàng đính đá quý,18,5.44,1,Tự mua sắm,14818000.0,22289000.0,3.5,Không,Không,Không,Chuyển khoản ngân hàng,Nhận tại cửa hàng,Tại cửa hàng,18,Hàng tháng,27.0,53345000.0,50677750.0,16719740.0,0,3,Khách hàng trung thành,0.5432129271565772
1596,25,Nữ,Long An,Miền Nam,Dây chuyền,Bạch kim,20,4.81,0,Sinh nhật,8279000.0,18076000.0,4.8,Không,Có,Có,Thẻ tín dụng,Nhận tại cửa hàng,Tại cửa hàng,1,Hàng tuần,7.0,1656000.0,1695910.0,20043831.0,0,0,Khách hàng phổ thông / mới,0.1342581417409116
1597,49,Nam,TP. Hồ Chí Minh,Miền Nam,Nhẫn,Vàng 24K,24,5.24,0,Quà tặng gia đình,11284000.0,19579000.0,4.2,Không,Không,Không,Chuyển khoản ngân hàng,Giao hàng tiêu chuẩn,Online,23,Hàng quý,87.0,51906000.0,51381749.0,1844961.0,0,3,Khách hàng trung thành,0.6047355919896998
1598,52,Nam,Nghệ An,Miền Trung,Vòng tay,Vàng 18K,18,16.4,0,Cưới hỏi,25467000.0,23189000.0,4.7,Không,Không,Không,Ví điện tử (Momo/ZaloPay),Giao hàng nhanh,Online,4,Hàng quý,93.0,20374000.0,20748882.0,8860715.0,0,0,Khách hàng phổ thông / mới,0.4213551416383576
1599,58,Nữ,Bà Rịa - Vũng Tàu,Miền Nam,Nhẫn,Vàng đính đá quý,18,3.22,1,Quà tặng người yêu,8723000.0,17629000.0,4.8,Không,Không,Có,Chuyển khoản ngân hàng,Nhận tại cửa hàng,Online,21,Hàng tháng,26.0,36637000.0,37519952.0,11702659.0,0,3,Khách hàng trung thành,0.3093008868427045
1600,51,Nữ,TP. Hồ Chí Minh,Miền Nam,Lắc chân,Bạc,5,10.04,0,Tự mua sắm,477000.0,34830000.0,2.5,Không,Không,Không,Chuyển khoản ngân hàng,Giao hàng tiêu chuẩn,Online,25,Nửa năm một lần,181.0,2385000.0,2129805.0,45434.0,1,3,Khách hàng trung thành,0.7602617666780984
1601,32,Nam,TP. Hồ Chí Minh,Miền Nam,Bông tai,Bạc,5,1.87,0,Tự mua sắm,597000.0,13185000.0,4.7,Có,Không,Có,Tiền mặt,Giao hàng tiêu chuẩn,Tại cửa hàng,3,Hàng năm,313.0,358000.0,441342.0,46821.0,0,2,Khách hàng có nguy cơ rời bỏ,0.17592300773751446
1602,53,Nữ,An Giang,Miền Nam,Bông tai,Vàng đính đá quý,18,2.78,1,Lễ/Tết,10085000.0,31254000.0,4.9,Không,Không,Không,Chuyển khoản ngân hàng,Giao hàng nhanh,Online,2,Hàng năm,344.0,4034000.0,4154213.0,977525.0,1,2,Khách hàng có nguy cơ rời bỏ,0.5754891435118169
1603,57,Nữ,Gia Lai,Miền Trung,Lắc chân,Vàng đính đá quý,18,5.19,1,Sinh nhật,10031000.0,12731000.0,3.6,Không,Có,Không,Thẻ tín dụng,Nhận tại cửa hàng,Tại cửa hàng,27,Hàng năm,400.0,54167000.0,51767402.0,1030948.0,0,2,Khách hàng có nguy cơ rời bỏ,0.4221420719767234
1604,33,Nữ,Khánh Hòa,Miền Trung,Bông tai,Bạc,5,3.27,0,Tự mua sắm,300000.0,18135000.0,4.1,Có,Có,Có,Ví điện tử (Momo/ZaloPay),Giao hàng nhanh,Online,14,Hàng quý,89.0,840000.0,1000776.0,101502.0,0,0,Khách hàng phổ thông / mới,0.08019644905574025
1605,23,Nữ,An Giang,Miền Nam,Dây chuyền,Vàng đính đá quý,18,14.77,1,Quà tặng người yêu,29907000.0,21555000.0,3.4,Có,Không,Có,Ví điện tử (Momo/ZaloPay),Giao hàng nhanh,Tại cửa hàng,16,Hàng quý,99.0,95702000.0,109396956.0,7875143.0,0,1,Khách hàng VIP (giá trị cao nhất),0.27895853131865284
1606,60,Nữ,Đà Nẵng,Miền Trung,Nhẫn,Vàng 24K,24,6.29,0,Quà tặng gia đình,11713000.0,15070000.0,2.7,Không,Có,Không,Tiền mặt,Giao hàng nhanh,Tại cửa hàng,8,Hàng quý,78.0,18741000.0,16949360.0,4356689.0,0,0,Khách hàng phổ thông / mới,0.5204126074403844
1607,25,Nữ,Cần Thơ,Miền Nam,Dây chuyền,Bạch kim,20,5.47,0,Quà tặng người yêu,9239000.0,12488000.0,3.2,Không,Có,Có,Ví điện tử (Momo/ZaloPay),Nhận tại cửa hàng,Online,15,Hàng tháng,32.0,27717000.0,25857189.0,10805107.0,0,3,Khách hàng trung thành,0.28076574442635016
1608,46,Nam,Hà Nội,Miền Bắc,Trang sức bộ,Vàng đính đá quý,18,34.16,1,Lễ/Tết,58184000.0,18794000.0,2.7,Không,Có,Không,Ví điện tử (Momo/ZaloPay),Giao hàng nhanh,Online,25,Hàng năm,317.0,290920000.0,263108048.0,4866127.0,1,1,Khách hàng VIP (giá trị cao nhất),0.7019412357059126
1609,29,Nữ,Hà Nội,Miền Bắc,Trang sức bộ,Vàng 24K,24,27.03,0,Quà tặng người yêu,53684000.0,26010000.0,3.7,Không,Có,Không,Ví điện tử (Momo/ZaloPay),Giao hàng tiêu chuẩn,Online,26,Nửa năm một lần,163.0,279157000.0,268381540.0,8459137.0,1,1,Khách hàng VIP (giá trị cao nhất),0.5675251268108437
1610,24,Nam,Khánh Hòa,Miền Trung,Bông tai,Vàng 18K,18,3.27,0,Tự mua sắm,5556000.0,20014000.0,4.1,Không,Không,Có,Thẻ tín dụng,Giao hàng nhanh,Online,25,Nửa năm một lần,199.0,27780000.0,27341076.0,764807.0,0,3,Khách hàng trung thành,0.43548424402435254
1611,55,Nữ,Hà Nội,Miền Bắc,Nhẫn,Bạch kim,20,7.46,0,Lễ/Tết,14069000.0,34563000.0,2.5,Có,Không,Có,Thẻ tín dụng,Giao hàng tiêu chuẩn,Tại cửa hàng,9,Hàng tháng,26.0,25324000.0,27375244.0,13447813.0,0,0,Khách hàng phổ thông / mới,0.2957203949946146
1612,24,Nam,Tây Ninh,Miền Nam,Nhẫn,Bạc,5,6.46,0,Lễ/Tết,888000.0,23393000.0,3.1,Không,Không,Không,Chuyển khoản ngân hàng,Nhận tại cửa hàng,Tại cửa hàng,23,Hàng tháng,29.0,4085000.0,3787612.0,938904.0,1,3,Khách hàng trung thành,0.7809336077506133
1613,50,Nữ,Hà Nội,Miền Bắc,Lắc chân,Vàng 24K,24,9.56,0,Sinh nhật,20710000.0,17799000.0,2.7,Không,Không,Không,Ví điện tử (Momo/ZaloPay),Nhận tại cửa hàng,Online,14,Hàng năm,413.0,57988000.0,52444347.0,1944296.0,1,2,Khách hàng có nguy cơ rời bỏ,0.7344640837841839
1614,51,Nam,TP. Hồ Chí Minh,Miền Nam,Nhẫn,Vàng 18K,18,2.81,0,Sinh nhật,3975000.0,6000000.0,4.9,Có,Có,Không,Thẻ tín dụng,Nhận tại cửa hàng,Online,12,Hàng tháng,27.0,9540000.0,11892564.0,4673515.0,0,0,Khách hàng phổ thông / mới,0.17913807640371382
1615,20,Nữ,Hải Dương,Miền Bắc,Vòng tay,Vàng 18K,18,6.92,0,Lễ/Tết,11389000.0,8344000.0,4.5,Không,Không,Không,Ví điện tử (Momo/ZaloPay),Giao hàng tiêu chuẩn,Tại cửa hàng,10,Hai tuần một lần,16.0,22778000.0,22937446.0,20384382.0,0,0,Khách hàng phổ thông / mới,0.44448645786780683
1616,26,Nam,Kiên Giang,Miền Nam,Dây chuyền,Vàng 18K,18,13.39,0,Tự mua sắm,20976000.0,17702000.0,2.6,Không,Không,Có,Thẻ tín dụng,Nhận tại cửa hàng,Online,28,Nửa năm một lần,165.0,117466000.0,105566694.0,3613493.0,1,1,Khách hàng VIP (giá trị cao nhất),0.6196131544916064
1617,56,Nữ,Nghệ An,Miền Trung,Dây chuyền,Vàng đính đá quý,18,11.16,1,Tự mua sắm,23125000.0,10405000.0,4.5,Có,Không,Không,Ví điện tử (Momo/ZaloPay),Giao hàng tiêu chuẩn,Tại cửa hàng,6,Nửa năm một lần,169.0,27750000.0,33827250.0,2949980.0,1,0,Khách hàng phổ thông / mới,0.305654234612182
1618,42,Nữ,Hà Nội,Miền Bắc,Bông tai,Bạc,5,5.09,0,Cưới hỏi,516000.0,19172000.0,4.6,Có,Không,Không,Tiền mặt,Giao hàng tiêu chuẩn,Online,27,Hai tuần một lần,15.0,2786000.0,3415357.0,1196046.0,0,3,Khách hàng trung thành,0.2737766943875756
1619,23,Nam,Hà Nội,Miền Bắc,Trang sức bộ,Bạc,5,29.14,0,Sinh nhật,2163000.0,20943000.0,4.5,Không,Không,Không,Ví điện tử (Momo/ZaloPay),Giao hàng tiêu chuẩn,Online,28,Hàng tháng,26.0,12113000.0,12197791.0,2460802.0,0,3,Khách hàng trung thành,0.4346765683061466
1620,65,Nữ,Bình Định,Miền Trung,Bông tai,Vàng 24K,24,5.52,0,Cưới hỏi,11897000.0,19852000.0,4.7,Có,Có,Không,Ví điện tử (Momo/ZaloPay),Giao hàng nhanh,Online,20,Nửa năm một lần,193.0,47588000.0,58666486.0,1789198.0,0,3,Khách hàng trung thành,0.1273133017642378
1621,30,Nữ,Tây Ninh,Miền Nam,Vòng tay,Vàng 18K,18,10.63,0,Tự mua sắm,17040000.0,17901000.0,3.7,Không,Không,Không,Chuyển khoản ngân hàng,Giao hàng tiêu chuẩn,Tại cửa hàng,1,Hàng năm,409.0,3408000.0,3276451.0,1968257.0,0,2,Khách hàng có nguy cơ rời bỏ,0.45952662989039567
1622,18,Nữ,Tây Ninh,Miền Nam,Dây chuyền,Vàng 18K,18,7.2,0,Quà tặng người yêu,11692000.0,32783000.0,3.1,Có,Không,Không,Chuyển khoản ngân hàng,Giao hàng nhanh,Tại cửa hàng,19,Hàng quý,86.0,44430000.0,49868232.0,4297934.0,0,3,Khách hàng trung thành,0.4802886231958992
1623,62,Nữ,Lào Cai,Miền Bắc,Trang sức bộ,Vàng đính đá quý,18,15.92,1,Sinh nhật,29370000.0,22180000.0,4.7,Không,Có,Không,Thẻ tín dụng,Giao hàng tiêu chuẩn,Tại cửa hàng,4,Nửa năm một lần,188.0,23496000.0,23928326.0,4052486.0,0,0,Khách hàng phổ thông / mới,0.29063027033319616
1624,18,Nữ,Quảng Nam,Miền Trung,Vòng tay,Vàng đính đá quý,18,6.58,1,Lễ/Tết,16284000.0,18116000.0,4.6,Có,Không,Không,Ví điện tử (Momo/ZaloPay),Nhận tại cửa hàng,Online,11,Hàng tháng,29.0,35825000.0,43917868.0,15552719.0,0,0,Khách hàng phổ thông / mới,0.25559198985495973
1625,44,Nam,Hải Phòng,Miền Bắc,Vòng tay,Vàng 18K,18,12.24,0,Sinh nhật,16625000.0,13680000.0,3.2,Không,Có,Không,Tiền mặt,Giao hàng nhanh,Online,3,Nửa năm một lần,192.0,9975000.0,9305678.0,3134644.0,1,0,Khách hàng phổ thông / mới,0.4395074916850852
1626,65,Nữ,Khánh Hòa,Miền Trung,Bông tai,Vàng đính đá quý,18,3.49,1,Lễ/Tết,9722000.0,21877000.0,4.0,Có,Có,Có,Thẻ tín dụng,Nhận tại cửa hàng,Online,23,Hàng quý,91.0,44721000.0,52972024.0,3270402.0,0,3,Khách hàng trung thành,0.06719408966569265
1627,45,Nam,Gia Lai,Miền Trung,Nhẫn,Vàng 24K,24,2.24,0,Cưới hỏi,5048000.0,17350000.0,3.9,Không,Không,Không,Tiền mặt,Giao hàng tiêu chuẩn,Online,15,Hàng năm,365.0,15144000.0,14732083.0,307490.0,1,2,Khách hàng có nguy cơ rời bỏ,0.5808694298595278
1628,46,Nữ,Hải Dương,Miền Bắc,Nhẫn,Vàng 18K,18,5.42,0,Sinh nhật,8874000.0,33372000.0,3.7,Không,Không,Không,Thẻ tín dụng,Nhận tại cửa hàng,Tại cửa hàng,29,Nửa năm một lần,158.0,51469000.0,49482297.0,1963728.0,1,3,Khách hàng trung thành,0.6627448121441315
1629,36,Nữ,Gia Lai,Miền Trung,Lắc chân,Bạch kim,20,6.27,0,Sinh nhật,10500000.0,24146000.0,4.0,Có,Có,Không,Chuyển khoản ngân hàng,Giao hàng nhanh,Online,21,Hàng tháng,31.0,44100000.0,52236450.0,8939233.0,0,3,Khách hàng trung thành,0.2099300881238463
1630,24,Nữ,An Giang,Miền Nam,Vòng tay,Vàng 18K,18,11.84,0,Sinh nhật,16491000.0,29383000.0,2.7,Không,Có,Không,Thẻ tín dụng,Giao hàng tiêu chuẩn,Tại cửa hàng,10,Hàng tháng,30.0,32982000.0,29828921.0,22051660.0,0,0,Khách hàng phổ thông / mới,0.41128489825265463
1631,45,Nữ,Hà Nội,Miền Bắc,Nhẫn,Vàng đính đá quý,18,4.82,1,Tự mua sắm,13126000.0,22159000.0,3.6,Có,Có,Không,Thẻ tín dụng,Nhận tại cửa hàng,Online,24,Hàng năm,345.0,63005000.0,72890484.0,1363288.0,0,2,Khách hàng có nguy cơ rời bỏ,0.19006309029692445
1632,61,Nữ,Nam Định,Miền Bắc,Dây chuyền,Vàng 24K,24,6.73,0,Quà tặng người yêu,13206000.0,30381000.0,3.2,Không,Có,Không,Tiền mặt,Nhận tại cửa hàng,Online,9,Hàng tuần,7.0,23771000.0,22175966.0,36428040.0,0,0,Khách hàng phổ thông / mới,0.4440812286723899
1633,22,Nữ,Nam Định,Miền Bắc,Trang sức bộ,Bạch kim,20,27.13,0,Sinh nhật,51305000.0,12315000.0,2.5,Có,Không,Không,Thẻ tín dụng,Nhận tại cửa hàng,Online,9,Nửa năm một lần,173.0,92349000.0,99829269.0,10948276.0,1,1,Khách hàng VIP (giá trị cao nhất),0.6480645788080744
1634,60,Nam,Hải Phòng,Miền Bắc,Bông tai,Vàng 24K,24,3.55,0,Quà tặng người yêu,7103000.0,23347000.0,3.8,Không,Có,Không,Thẻ tín dụng,Nhận tại cửa hàng,Online,8,Hàng quý,84.0,11365000.0,10991092.0,2567770.0,0,0,Khách hàng phổ thông / mới,0.3545179797721269
1635,37,Nam,Quảng Ninh,Miền Bắc,Bông tai,Vàng 24K,24,3.21,1,Tự mua sắm,10537000.0,14135000.0,3.4,Không,Không,Không,Tiền mặt,Nhận tại cửa hàng,Tại cửa hàng,22,Hai tuần một lần,12.0,46363000.0,43780581.0,30386054.0,0,3,Khách hàng trung thành,0.6522557052781698
1636,43,Nữ,Quảng Ngãi,Miền Trung,Nhẫn,Vàng 18K,18,4.16,0,Lễ/Tết,6832000.0,17503000.0,3.6,Không,Không,Không,Ví điện tử (Momo/ZaloPay),Giao hàng tiêu chuẩn,Tại cửa hàng,30,Nửa năm một lần,167.0,40992000.0,39176054.0,1334390.0,0,3,Khách hàng trung thành,0.5148797584671525
1637,25,Nữ,Hải Phòng,Miền Bắc,Trang sức bộ,Vàng đính đá quý,18,10.59,1,Quà tặng người yêu,24676000.0,19791000.0,2.8,Không,Không,Không,Ví điện tử (Momo/ZaloPay),Giao hàng tiêu chuẩn,Tại cửa hàng,26,Hàng quý,80.0,128315000.0,116779482.0,7843783.0,1,1,Khách hàng VIP (giá trị cao nhất),0.7334339423512383
1638,47,Nữ,TP. Hồ Chí Minh,Miền Nam,Lắc chân,Bạc,5,9.94,0,Sinh nhật,419000.0,14120000.0,3.8,Có,Không,Có,Ví điện tử (Momo/ZaloPay),Giao hàng tiêu chuẩn,Online,17,Hàng năm,311.0,1425000.0,1668247.0,35736.0,0,2,Khách hàng có nguy cơ rời bỏ,0.13444354460316083
1639,26,Nam,Bà Rịa - Vũng Tàu,Miền Nam,Vòng tay,Bạc,5,19.5,0,Sinh nhật,1017000.0,9325000.0,3.2,Có,Có,Không,Tiền mặt,Giao hàng tiêu chuẩn,Online,1,Hàng tháng,32.0,203000.0,229248.0,1130198.0,0,0,Khách hàng phổ thông / mới,0.21897827604257922
1640,31,Nữ,Tiền Giang,Miền Nam,Dây chuyền,Vàng 24K,24,4.57,1,Tự mua sắm,10713000.0,26746000.0,2.5,Có,Có,Có,Thẻ tín dụng,Giao hàng tiêu chuẩn,Online,30,Hàng tuần,6.0,64278000.0,69484518.0,30202318.0,0,3,Khách hàng trung thành,0.1150661268344399
1641,52,Nam,TP. Hồ Chí Minh,Miền Nam,Bông tai,Vàng 24K,24,2.45,0,Quà tặng người yêu,5191000.0,9356000.0,4.5,Không,Có,Không,Ví điện tử (Momo/ZaloPay),Nhận tại cửa hàng,Online,12,Hàng tháng,29.0,12458000.0,12545206.0,4979833.0,0,0,Khách hàng phổ thông / mới,0.3517959455568176
1642,20,Nam,Thái Nguyên,Miền Bắc,Lắc chân,Vàng 24K,24,10.62,1,Sinh nhật,22670000.0,31031000.0,4.1,Có,Có,Không,Thẻ tín dụng,Giao hàng nhanh,Online,19,Hàng tháng,31.0,86146000.0,102634344.0,18166961.0,0,3,Khách hàng trung thành,0.15644760449767398
1643,39,Nam,Hà Nội,Miền Bắc,Bông tai,Bạch kim,20,4.54,0,Tự mua sắm,8733000.0,14630000.0,3.8,Không,Không,Không,Tiền mặt,Giao hàng tiêu chuẩn,Online,13,Nửa năm một lần,193.0,22706000.0,21958973.0,1460965.0,1,0,Khách hàng phổ thông / mới,0.6586749850350534
1644,46,Nữ,Nam Định,Miền Bắc,Trang sức bộ,Vàng 18K,18,17.81,0,Sinh nhật,26627000.0,24726000.0,4.1,Không,Có,Có,Chuyển khoản ngân hàng,Giao hàng nhanh,Online,9,Hàng quý,79.0,47929000.0,47171722.0,13865466.0,0,0,Khách hàng phổ thông / mới,0.17674844304445664
1645,24,Nữ,Kiên Giang,Miền Nam,Bông tai,Vàng 18K,18,4.25,0,Tự mua sắm,6975000.0,23816000.0,3.3,Có,Không,Có,Tiền mặt,Giao hàng tiêu chuẩn,Tại cửa hàng,10,Hai tuần một lần,16.0,13950000.0,15849990.0,10565086.0,0,0,Khách hàng phổ thông / mới,0.29784474865985217
1646,32,Nữ,Kiên Giang,Miền Nam,Dây chuyền,Bạc,5,14.01,0,Cưới hỏi,1115000.0,12181000.0,2.8,Có,Không,Không,Chuyển khoản ngân hàng,Giao hàng tiêu chuẩn,Tại cửa hàng,18,Hàng năm,320.0,4014000.0,4422224.0,104987.0,1,2,Khách hàng có nguy cơ rời bỏ,0.5998698331313675
1647,34,Nữ,Nghệ An,Miền Trung,Vòng tay,Bạc,5,8.3,0,Quà tặng gia đình,736000.0,23261000.0,3.4,Không,Có,Không,Thẻ tín dụng,Giao hàng tiêu chuẩn,Tại cửa hàng,13,Hai tuần một lần,14.0,1914000.0,1807390.0,1978052.0,0,0,Khách hàng phổ thông / mới,0.48836323196683384
1648,49,Nữ,Lào Cai,Miền Bắc,Lắc chân,Vàng 18K,18,9.12,0,Quà tặng người yêu,12583000.0,22142000.0,4.5,Không,Có,Có,Chuyển khoản ngân hàng,Giao hàng nhanh,Online,5,Hàng quý,99.0,12583000.0,12671081.0,3758369.0,0,0,Khách hàng phổ thông / mới,0.178180579164525
1649,64,Nữ,Khánh Hòa,Miền Trung,Dây chuyền,Vàng 24K,24,12.74,0,Quà tặng người yêu,28103000.0,26259000.0,4.0,Không,Không,Có,Chuyển khoản ngân hàng,Giao hàng tiêu chuẩn,Online,12,Hàng năm,360.0,67447000.0,65996890.0,2532612.0,0,2,Khách hàng có nguy cơ rời bỏ,0.2701187802345736
1650,58,Nữ,Vĩnh Phúc,Miền Bắc,Nhẫn,Vàng 18K,18,2.12,0,Sinh nhật,3543000.0,29947000.0,4.5,Có,Không,Không,Chuyển khoản ngân hàng,Nhận tại cửa hàng,Online,14,Nửa năm một lần,209.0,9920000.0,12092480.0,411311.0,1,0,Khách hàng phổ thông / mới,0.42937849731612193
1651,27,Nữ,Tây Ninh,Miền Nam,Bông tai,Bạc,5,5.67,0,Sinh nhật,559000.0,25316000.0,4.8,Không,Có,Không,Chuyển khoản ngân hàng,Nhận tại cửa hàng,Online,19,Hàng tháng,32.0,2124000.0,2175188.0,564465.0,0,3,Khách hàng trung thành,0.3684265426013726
1652,18,Nữ,Nam Định,Miền Bắc,Dây chuyền,Vàng 18K,18,14.51,0,Tự mua sắm,22996000.0,13001000.0,3.1,Không,Không,Không,Tiền mặt,Nhận tại cửa hàng,Tại cửa hàng,14,Hàng năm,347.0,64389000.0,59701481.0,1921155.0,1,2,Khách hàng có nguy cơ rời bỏ,0.7551419273296257
1653,20,Nam,Thanh Hóa,Miền Trung,Lắc chân,Bạc,5,9.6,0,Cưới hỏi,1062000.0,18248000.0,4.8,Có,Có,Không,Ví điện tử (Momo/ZaloPay),Nhận tại cửa hàng,Tại cửa hàng,6,Hàng quý,79.0,1274000.0,1579378.0,474848.0,0,0,Khách hàng phổ thông / mới,0.17541690440644245
1654,46,Nam,Đà Nẵng,Miền Trung,Nhẫn,Vàng 24K,24,4.85,0,Cưới hỏi,10846000.0,14992000.0,4.2,Có,Không,Không,Tiền mặt,Nhận tại cửa hàng,Online,18,Hàng tuần,8.0,39046000.0,46788822.0,39492330.0,0,3,Khách hàng trung thành,0.2783599388712163
1655,25,Nữ,Bắc Ninh,Miền Bắc,Dây chuyền,Vàng đính đá quý,18,10.25,1,Tự mua sắm,19965000.0,15469000.0,3.9,Không,Không,Không,Ví điện tử (Momo/ZaloPay),Nhận tại cửa hàng,Tại cửa hàng,26,Hàng tuần,8.0,103818000.0,100994150.0,87813345.0,0,1,Khách hàng VIP (giá trị cao nhất),0.5405887596809156
1656,29,Nữ,Nghệ An,Miền Trung,Dây chuyền,Vàng đính đá quý,18,10.78,1,Cưới hỏi,20636000.0,23156000.0,3.8,Có,Có,Có,Ví điện tử (Momo/ZaloPay),Nhận tại cửa hàng,Tại cửa hàng,12,Hàng năm,379.0,49526000.0,57980088.0,1803881.0,0,2,Khách hàng có nguy cơ rời bỏ,0.07970158725711239
1657,58,Nữ,Long An,Miền Nam,Bông tai,Vàng 24K,24,1.77,0,Tự mua sắm,3306000.0,25716000.0,3.7,Không,Có,Không,Chuyển khoản ngân hàng,Giao hàng tiêu chuẩn,Online,20,Hàng tháng,28.0,13224000.0,12713554.0,3749866.0,0,3,Khách hàng trung thành,0.4193778609564649
1658,59,Nữ,Bắc Ninh,Miền Bắc,Bông tai,Vàng 18K,18,2.47,0,Tự mua sắm,4311000.0,25614000.0,2.7,Không,Không,Không,Chuyển khoản ngân hàng,Giao hàng nhanh,Tại cửa hàng,14,Hàng năm,372.0,12071000.0,10917012.0,359826.0,1,2,Khách hàng có nguy cơ rời bỏ,0.6976790149255223
1659,58,Nam,Đắk Lắk,Miền Trung,Dây chuyền,Vàng 18K,18,4.21,0,Quà tặng người yêu,7212000.0,23495000.0,2.6,Không,Không,Có,Tiền mặt,Giao hàng tiêu chuẩn,Online,9,Hai tuần một lần,12.0,12982000.0,11666923.0,16883834.0,0,0,Khách hàng phổ thông / mới,0.43650037162597943
1660,30,Nữ,Huế,Miền Trung,Vòng tay,Vàng đính đá quý,18,10.56,1,Tự mua sắm,22572000.0,22884000.0,3.8,Không,Không,Không,Ví điện tử (Momo/ZaloPay),Nhận tại cửa hàng,Online,27,Hàng tháng,29.0,121889000.0,117878852.0,24773013.0,0,1,Khách hàng VIP (giá trị cao nhất),0.5430084965695869
1661,47,Nữ,Quảng Ninh,Miền Bắc,Nhẫn,Bạc,5,6.34,0,Lễ/Tết,300000.0,17637000.0,3.0,Không,Không,Không,Chuyển khoản ngân hàng,Giao hàng tiêu chuẩn,Tại cửa hàng,29,Hàng năm,418.0,1740000.0,1603410.0,20386.0,1,2,Khách hàng có nguy cơ rời bỏ,0.7043896751353561
1662,47,Nữ,Hà Nội,Miền Bắc,Bông tai,Bạc,5,5.43,0,Lễ/Tết,485000.0,30278000.0,2.7,Không,Không,Không,Thẻ tín dụng,Giao hàng nhanh,Online,6,Hàng năm,334.0,582000.0,526361.0,44884.0,1,2,Khách hàng có nguy cơ rời bỏ,0.7193923797727652
1663,26,Nam,Hưng Yên,Miền Bắc,Trang sức bộ,Vàng 24K,24,19.28,1,Quà tặng người yêu,45159000.0,24236000.0,2.6,Không,Không,Không,Chuyển khoản ngân hàng,Giao hàng nhanh,Tại cửa hàng,19,Hai tuần một lần,15.0,171604000.0,154220515.0,111738499.0,0,1,Khách hàng VIP (giá trị cao nhất),0.5107351267422938
1664,44,Nữ,Hà Nội,Miền Bắc,Bông tai,Vàng 24K,24,4.08,0,Sinh nhật,8862000.0,20493000.0,4.9,Có,Không,Không,Chuyển khoản ngân hàng,Nhận tại cửa hàng,Online,28,Hàng tháng,26.0,49627000.0,61865018.0,8372773.0,0,3,Khách hàng trung thành,0.2586257294138325
1665,43,Nữ,Nghệ An,Miền Trung,Nhẫn,Bạc,5,5.37,0,Quà tặng gia đình,338000.0,28464000.0,3.0,Không,Có,Có,Thẻ tín dụng,Giao hàng tiêu chuẩn,Online,17,Nửa năm một lần,195.0,1149000.0,1058804.0,62669.0,0,0,Khách hàng phổ thông / mới,0.4032830299110772
1666,37,Nữ,Cần Thơ,Miền Nam,Bông tai,Bạc,5,3.36,0,Tự mua sắm,521000.0,16614000.0,5.0,Không,Có,Không,Thẻ tín dụng,Nhận tại cửa hàng,Tại cửa hàng,17,Hàng quý,88.0,1771000.0,1833871.0,219722.0,0,0,Khách hàng phổ thông / mới,0.3521573343842747
1667,54,Nữ,TP. Hồ Chí Minh,Miền Nam,Dây chuyền,Bạch kim,20,11.33,0,Cưới hỏi,21090000.0,22077000.0,3.9,Không,Không,Không,Tiền mặt,Giao hàng nhanh,Online,29,Hàng quý,86.0,122322000.0,118994842.0,7200624.0,0,1,Khách hàng VIP (giá trị cao nhất),0.566470689421024
1668,50,Nữ,Kiên Giang,Miền Nam,Nhẫn,Vàng đính đá quý,18,2.48,1,Quà tặng người yêu,5336000.0,27264000.0,3.0,Không,Có,Không,Ví điện tử (Momo/ZaloPay),Nhận tại cửa hàng,Online,19,Hàng tháng,30.0,20277000.0,18685256.0,3298001.0,0,3,Khách hàng trung thành,0.5171579187958634
1669,43,Nữ,Đà Nẵng,Miền Trung,Nhẫn,Bạc,5,1.99,0,Tự mua sắm,858000.0,12053000.0,2.9,Có,Có,Không,Chuyển khoản ngân hàng,Giao hàng nhanh,Online,26,Hàng năm,400.0,4462000.0,4946573.0,57310.0,0,2,Khách hàng có nguy cơ rời bỏ,0.3337528471854452
1670,52,Nữ,TP. Hồ Chí Minh,Miền Nam,Nhẫn,Bạc,5,3.76,0,Tự mua sắm,866000.0,36679000.0,3.0,Không,Có,Không,Thẻ tín dụng,Giao hàng nhanh,Tại cửa hàng,4,Hàng tháng,33.0,693000.0,638600.0,971069.0,0,0,Khách hàng phổ thông / mới,0.48104674414655524
1671,54,Nữ,TP. Hồ Chí Minh,Miền Nam,Nhẫn,Vàng đính đá quý,18,7.8,1,Quà tặng gia đình,19926000.0,17118000.0,3.4,Có,Không,Không,Chuyển khoản ngân hàng,Giao hàng tiêu chuẩn,Tại cửa hàng,18,Hàng tháng,29.0,71734000.0,81999135.0,20528255.0,0,3,Khách hàng trung thành,0.330465547288037
1672,45,Nữ,Nam Định,Miền Bắc,Bông tai,Bạch kim,20,5.77,0,Quà tặng gia đình,10985000.0,17532000.0,3.0,Không,Không,Không,Chuyển khoản ngân hàng,Giao hàng tiêu chuẩn,Online,5,Hàng quý,94.0,10985000.0,10122678.0,2875238.0,1,0,Khách hàng phổ thông / mới,0.7965381298789743
1673,30,Nữ,Vĩnh Phúc,Miền Bắc,Dây chuyền,Vàng đính đá quý,18,10.6,1,Cưới hỏi,23106000.0,19941000.0,4.6,Không,Không,Có,Tiền mặt,Giao hàng nhanh,Online,7,Hàng tháng,28.0,32348000.0,32758820.0,22507072.0,0,0,Khách hàng phổ thông / mới,0.3351602689814378
1674,54,Nữ,Khánh Hòa,Miền Trung,Bông tai,Vàng đính đá quý,18,3.89,1,Tự mua sắm,9892000.0,26420000.0,3.4,Không,Không,Có,Tiền mặt,Giao hàng tiêu chuẩn,Online,22,Hàng quý,89.0,43525000.0,41100658.0,3838913.0,0,3,Khách hàng trung thành,0.48595693563177916
1675,52,Nữ,Đồng Nai,Miền Nam,Trang sức bộ,Vàng 18K,18,25.83,0,Quà tặng người yêu,40560000.0,26969000.0,3.8,Không,Không,Không,Tiền mặt,Nhận tại cửa hàng,Tại cửa hàng,27,Hàng quý,94.0,219024000.0,211818110.0,14218593.0,0,1,Khách hàng VIP (giá trị cao nhất),0.4464388372604559
1676,65,Nữ,Đà Nẵng,Miền Trung,Vòng tay,Bạc,5,11.44,0,Quà tặng người yêu,628000.0,32394000.0,3.8,Không,Không,Không,Tiền mặt,Giao hàng tiêu chuẩn,Tại cửa hàng,28,Nửa năm một lần,169.0,3517000.0,3401291.0,106685.0,1,3,Khách hàng trung thành,0.5711430822913431
1677,25,Nữ,Nam Định,Miền Bắc,Vòng tay,Bạc,5,9.33,0,Quà tặng người yêu,593000.0,19053000.0,4.1,Không,Không,Có,Ví điện tử (Momo/ZaloPay),Giao hàng tiêu chuẩn,Tại cửa hàng,23,Hàng quý,85.0,2728000.0,2684898.0,195475.0,0,3,Khách hàng trung thành,0.34492886077191465
1678,38,Nữ,Tây Ninh,Miền Nam,Bông tai,Vàng 24K,24,1.03,0,Quà tặng gia đình,2522000.0,22590000.0,5.0,Có,Không,Không,Tiền mặt,Giao hàng tiêu chuẩn,Online,16,Hai tuần một lần,13.0,8070000.0,10115745.0,5409594.0,0,0,Khách hàng phổ thông / mới,0.27711168041058215
1679,62,Nữ,Hải Phòng,Miền Bắc,Nhẫn,Bạc,5,1.62,0,Quà tặng người yêu,516000.0,10953000.0,3.6,Không,Không,Không,Ví điện tử (Momo/ZaloPay),Nhận tại cửa hàng,Online,14,Hàng năm,376.0,1445000.0,1380986.0,34335.0,1,2,Khách hàng có nguy cơ rời bỏ,0.6195921803716544
1680,42,Nữ,Kiên Giang,Miền Nam,Dây chuyền,Vàng 18K,18,14.67,0,Sinh nhật,23651000.0,13025000.0,3.3,Có,Không,Không,Chuyển khoản ngân hàng,Giao hàng nhanh,Tại cửa hàng,6,Hàng quý,99.0,28381000.0,32246492.0,9250892.0,0,0,Khách hàng phổ thông / mới,0.42571928151108823
1681,63,Nữ,Cần Thơ,Miền Nam,Vòng tay,Vàng 18K,18,16.17,0,Sinh nhật,25521000.0,21141000.0,4.9,Không,Không,Không,Tiền mặt,Giao hàng tiêu chuẩn,Online,24,Hàng quý,101.0,122501000.0,126151530.0,7140692.0,0,1,Khách hàng VIP (giá trị cao nhất),0.36074768198980794
1682,18,Nữ,Long An,Miền Nam,Lắc chân,Vàng 24K,24,9.21,0,Cưới hỏi,19951000.0,21585000.0,5.0,Không,Không,Có,Ví điện tử (Momo/ZaloPay),Giao hàng tiêu chuẩn,Online,24,Hàng tuần,8.0,95765000.0,99164658.0,72966106.0,0,1,Khách hàng VIP (giá trị cao nhất),0.3185623114271685
1683,19,Nữ,Đồng Nai,Miền Nam,Lắc chân,Bạch kim,20,10.6,0,Sinh nhật,19961000.0,18817000.0,4.5,Có,Không,Không,Tiền mặt,Nhận tại cửa hàng,Tại cửa hàng,4,Nửa năm một lần,197.0,15969000.0,19466211.0,3872141.0,1,0,Khách hàng phổ thông / mới,0.3381728282217084
1684,56,Nữ,Nam Định,Miền Bắc,Lắc chân,Bạc,5,8.46,0,Quà tặng người yêu,697000.0,25030000.0,4.5,Có,Có,Không,Ví điện tử (Momo/ZaloPay),Nhận tại cửa hàng,Tại cửa hàng,28,Nửa năm một lần,181.0,3903000.0,4757757.0,136284.0,1,3,Khách hàng trung thành,0.35279092503218135
1685,35,Nữ,Quảng Ngãi,Miền Trung,Bông tai,Bạc,5,4.34,0,Sinh nhật,359000.0,19703000.0,3.5,Không,Có,Không,Tiền mặt,Giao hàng tiêu chuẩn,Online,10,Nửa năm một lần,199.0,718000.0,682100.0,49916.0,0,0,Khách hàng phổ thông / mới,0.4527833953535926
1686,42,Nữ,Bình Dương,Miền Nam,Vòng tay,Vàng 24K,24,16.85,0,Sinh nhật,34276000.0,18882000.0,3.8,Có,Có,Có,Chuyển khoản ngân hàng,Giao hàng nhanh,Online,21,Nửa năm một lần,169.0,143959000.0,168532801.0,6526666.0,0,1,Khách hàng VIP (giá trị cao nhất),0.07976447438540316
1687,38,Nữ,TP. Hồ Chí Minh,Miền Nam,Lắc chân,Bạc,5,4.13,0,Lễ/Tết,552000.0,37082000.0,3.4,Không,Có,Không,Thẻ tín dụng,Giao hàng tiêu chuẩn,Online,4,Hàng tháng,30.0,442000.0,417381.0,549596.0,0,0,Khách hàng phổ thông / mới,0.38231307102860995
1688,37,Nữ,Hưng Yên,Miền Bắc,Lắc chân,Vàng 24K,24,4.69,0,Tự mua sắm,10198000.0,18378000.0,4.0,Không,Không,Có,Chuyển khoản ngân hàng,Nhận tại cửa hàng,Online,6,Hàng năm,411.0,12238000.0,11974883.0,623294.0,1,2,Khách hàng có nguy cơ rời bỏ,0.46777677675212187
1689,63,Nam,Thái Nguyên,Miền Bắc,Vòng tay,Vàng 18K,18,13.34,0,Lễ/Tết,19774000.0,28867000.0,4.6,Có,Có,Không,Ví điện tử (Momo/ZaloPay),Nhận tại cửa hàng,Online,19,Hàng tháng,31.0,75141000.0,92115352.0,20253386.0,0,3,Khách hàng trung thành,0.11251366749744096
1690,22,Nữ,Lào Cai,Miền Bắc,Trang sức bộ,Vàng 18K,18,12.42,0,Cưới hỏi,20555000.0,10180000.0,3.4,Không,Không,Có,Ví điện tử (Momo/ZaloPay),Giao hàng nhanh,Online,13,Hàng tháng,31.0,53443000.0,50466225.0,15670326.0,0,3,Khách hàng trung thành,0.43641492302133345
1691,55,Nữ,Quảng Nam,Miền Trung,Lắc chân,Vàng đính đá quý,18,8.93,1,Quà tặng người yêu,16917000.0,22163000.0,3.8,Không,Có,Không,Thẻ tín dụng,Nhận tại cửa hàng,Tại cửa hàng,1,Hàng quý,93.0,3383000.0,3271699.0,6623727.0,0,0,Khách hàng phổ thông / mới,0.32517779006359127
1692,60,Nam,Đắk Lắk,Miền Trung,Vòng tay,Vàng 18K,18,17.48,0,Sinh nhật,25030000.0,16878000.0,4.4,Không,Có,Không,Tiền mặt,Giao hàng tiêu chuẩn,Online,29,Hàng tuần,8.0,145174000.0,145362726.0,68810140.0,0,1,Khách hàng VIP (giá trị cao nhất),0.2996090964481551
1693,49,Nữ,Long An,Miền Nam,Nhẫn,Bạc,5,6.94,1,Quà tặng gia đình,2877000.0,34800000.0,3.0,Có,Không,Không,Thẻ tín dụng,Nhận tại cửa hàng,Online,27,Hàng quý,79.0,15536000.0,17330408.0,1132091.0,0,3,Khách hàng trung thành,0.45690810699632817
1694,36,Nữ,Bình Dương,Miền Nam,Nhẫn,Vàng đính đá quý,18,3.6,1,Quà tặng người yêu,7934000.0,16257000.0,4.0,Có,Có,Không,Ví điện tử (Momo/ZaloPay),Giao hàng tiêu chuẩn,Online,6,Hàng tháng,29.0,9521000.0,11277624.0,8626106.0,0,0,Khách hàng phổ thông / mới,0.15346421455108386
1695,25,Nam,TP. Hồ Chí Minh,Miền Nam,Bông tai,Vàng 18K,18,2.01,0,Quà tặng người yêu,2831000.0,19284000.0,4.4,Không,Có,Không,Chuyển khoản ngân hàng,Nhận tại cửa hàng,Online,20,Nửa năm một lần,206.0,11324000.0,11338721.0,393068.0,1,3,Khách hàng trung thành,0.4514726635233936
1696,50,Nữ,Hưng Yên,Miền Bắc,Nhẫn,Vàng đính đá quý,18,7.73,1,Quà tặng gia đình,18016000.0,15236000.0,2.6,Không,Có,Có,Ví điện tử (Momo/ZaloPay),Nhận tại cửa hàng,Tại cửa hàng,6,Nửa năm một lần,207.0,21619000.0,19428995.0,2886750.0,1,0,Khách hàng phổ thông / mới,0.404174851387552
1697,40,Nữ,Quảng Nam,Miền Trung,Vòng tay,Vàng 24K,24,18.69,0,Quà tặng gia đình,40404000.0,14214000.0,3.1,Không,Không,Có,Thẻ tín dụng,Giao hàng nhanh,Tại cửa hàng,22,Nửa năm một lần,185.0,177778000.0,164835762.0,5991918.0,1,1,Khách hàng VIP (giá trị cao nhất),0.6432766177381368
1698,25,Nữ,Lào Cai,Miền Bắc,Vòng tay,Vàng 18K,18,9.7,1,Quà tặng người yêu,16657000.0,18967000.0,2.6,Không,Có,Không,Chuyển khoản ngân hàng,Giao hàng tiêu chuẩn,Online,22,Hàng quý,85.0,73291000.0,65866622.0,6800956.0,0,3,Khách hàng trung thành,0.4877791248428886
1699,35,Nữ,Hải Dương,Miền Bắc,Lắc chân,Vàng 24K,24,11.05,0,Tự mua sắm,24057000.0,22638000.0,2.5,Có,Không,Không,Tiền mặt,Nhận tại cửa hàng,Tại cửa hàng,23,Hàng tháng,33.0,110662000.0,119625622.0,16571416.0,0,1,Khách hàng VIP (giá trị cao nhất),0.4251644169420817
1700,64,Nữ,Hà Nội,Miền Bắc,Lắc chân,Bạc,5,10.93,0,Sinh nhật,759000.0,29243000.0,3.7,Có,Có,Có,Tiền mặt,Nhận tại cửa hàng,Online,17,Hàng năm,408.0,2581000.0,3003768.0,57078.0,0,2,Khách hàng có nguy cơ rời bỏ,0.1056221570645004
1701,30,Nữ,Lào Cai,Miền Bắc,Bông tai,Vàng đính đá quý,18,2.69,1,Sinh nhật,8689000.0,15747000.0,4.3,Có,Có,Có,Chuyển khoản ngân hàng,Nhận tại cửa hàng,Online,1,Hàng quý,85.0,1738000.0,2094638.0,4137008.0,0,0,Khách hàng phổ thông / mới,0.08483702591867959
1702,26,Nữ,Hải Dương,Miền Bắc,Dây chuyền,Bạc,5,7.36,0,Sinh nhật,533000.0,15389000.0,3.8,Không,Có,Không,Tiền mặt,Giao hàng tiêu chuẩn,Online,7,Hàng quý,96.0,746000.0,721457.0,136571.0,0,0,Khách hàng phổ thông / mới,0.3792332613358369
1703,50,Nam,Đắk Lắk,Miền Trung,Nhẫn,Bạc,5,7.56,0,Quà tặng gia đình,300000.0,29996000.0,4.1,Không,Có,Có,Thẻ tín dụng,Giao hàng tiêu chuẩn,Online,30,Hai tuần một lần,16.0,1800000.0,1771560.0,493878.0,0,3,Khách hàng trung thành,0.2070229244700862
1704,27,Nữ,Hà Nội,Miền Bắc,Bông tai,Vàng 18K,18,4.71,0,Quà tặng người yêu,7783000.0,30777000.0,3.0,Không,Không,Không,Thẻ tín dụng,Giao hàng nhanh,Online,19,Hàng tháng,29.0,29575000.0,27253362.0,8796159.0,1,3,Khách hàng trung thành,0.6655784970901015
1705,62,Nữ,Hưng Yên,Miền Bắc,Nhẫn,Vàng đính đá quý,18,5.51,1,Tự mua sắm,11215000.0,21131000.0,4.6,Có,Không,Không,Chuyển khoản ngân hàng,Giao hàng nhanh,Online,11,Hàng quý,79.0,24673000.0,30246631.0,4396527.0,0,0,Khách hàng phổ thông / mới,0.25034095848043736
1706,59,Nữ,Hà Nội,Miền Bắc,Vòng tay,Vàng 18K,18,19.29,0,Quà tặng người yêu,30032000.0,24800000.0,3.4,Không,Không,Không,Ví điện tử (Momo/ZaloPay),Giao hàng tiêu chuẩn,Tại cửa hàng,29,Nửa năm một lần,200.0,174186000.0,164483840.0,4789113.0,1,1,Khách hàng VIP (giá trị cao nhất),0.6758858240773434
1707,65,Nữ,Quảng Ngãi,Miền Trung,Trang sức bộ,Vàng 18K,18,31.62,0,Tự mua sắm,50363000.0,33587000.0,4.3,Không,Không,Không,Ví điện tử (Momo/ZaloPay),Giao hàng tiêu chuẩn,Online,13,Hàng năm,384.0,130944000.0,130367846.0,4281066.0,1,1,Khách hàng VIP (giá trị cao nhất),0.6279665774130945
1708,61,Nữ,Đắk Lắk,Miền Trung,Vòng tay,Vàng đính đá quý,18,6.12,1,Tự mua sắm,11383000.0,40202000.0,2.8,Không,Có,Không,Chuyển khoản ngân hàng,Giao hàng nhanh,Online,26,Hàng năm,393.0,59192000.0,53870639.0,968207.0,1,2,Khách hàng có nguy cơ rời bỏ,0.6946060792978556
1709,29,Nữ,Lào Cai,Miền Bắc,Bông tai,Vàng 18K,18,3.49,1,Tự mua sắm,6724000.0,20389500.0,4.5,Có,Không,Không,Ví điện tử (Momo/ZaloPay),Nhận tại cửa hàng,Online,25,Hàng quý,94.0,33620000.0,40982780.0,2574604.0,0,3,Khách hàng trung thành,0.26302723576230924
1710,28,Nam,Bắc Ninh,Miền Bắc,Bông tai,Vàng 18K,18,5.48,0,Quà tặng gia đình,8669000.0,24953000.0,3.8,Không,Không,Không,Chuyển khoản ngân hàng,Giao hàng tiêu chuẩn,Online,1,Hàng quý,88.0,1734000.0,1676951.0,3173349.0,0,0,Khách hàng phổ thông / mới,0.5215907327790916
1711,34,Nữ,Kiên Giang,Miền Nam,Lắc chân,Vàng 24K,24,4.0,0,Tự mua sắm,8801000.0,20970000.0,4.9,Có,Không,Không,Tiền mặt,Giao hàng tiêu chuẩn,Online,28,Nửa năm một lần,207.0,49286000.0,61439928.0,1220117.0,1,3,Khách hàng trung thành,0.43860287784508195
1712,40,Nữ,Đắk Lắk,Miền Trung,Dây chuyền,Vàng 24K,24,3.87,0,Tự mua sắm,9366000.0,10039000.0,3.5,Có,Không,Không,Thẻ tín dụng,Nhận tại cửa hàng,Online,27,Hàng quý,93.0,50576000.0,58162400.0,3387058.0,0,3,Khách hàng trung thành,0.2543537378071739
1713,60,Nữ,TP. Hồ Chí Minh,Miền Nam,Vòng tay,Bạch kim,20,17.89,0,Cưới hỏi,28762000.0,24026000.0,4.7,Không,Có,Không,Ví điện tử (Momo/ZaloPay),Giao hàng tiêu chuẩn,Tại cửa hàng,30,Hàng quý,91.0,172572000.0,175747325.0,12724613.0,0,1,Khách hàng VIP (giá trị cao nhất),0.23875238059104542
1714,53,Nữ,Khánh Hòa,Miền Trung,Nhẫn,Vàng 18K,18,6.55,0,Quà tặng gia đình,10296000.0,30778000.0,3.5,Không,Không,Có,Ví điện tử (Momo/ZaloPay),Giao hàng tiêu chuẩn,Online,19,Nửa năm một lần,185.0,39125000.0,37168750.0,1629761.0,0,3,Khách hàng trung thành,0.49072891937130236
1715,48,Nữ,Đồng Nai,Miền Nam,Vòng tay,Vàng đính đá quý,18,7.51,1,Sinh nhật,15087000.0,15608000.0,2.8,Không,Không,Có,Thẻ tín dụng,Nhận tại cửa hàng,Online,21,Hàng tháng,32.0,63365000.0,57668486.0,11662978.0,0,3,Khách hàng trung thành,0.5501698034098367
1716,60,Nữ,An Giang,Miền Nam,Dây chuyền,Vàng 24K,24,5.17,0,Sinh nhật,11765000.0,8619000.0,4.2,Có,Không,Không,Thẻ tín dụng,Giao hàng tiêu chuẩn,Tại cửa hàng,9,Hàng tháng,31.0,21177000.0,25376399.0,13654321.0,0,0,Khách hàng phổ thông / mới,0.2799445146322337
1717,49,Nữ,Nghệ An,Miền Trung,Vòng tay,Bạc,5,17.49,0,Sinh nhật,656000.0,25076000.0,3.0,Có,Có,Có,Ví điện tử (Momo/ZaloPay),Giao hàng tiêu chuẩn,Tại cửa hàng,5,Hàng quý,78.0,656000.0,731768.0,246841.0,0,0,Khách hàng phổ thông / mới,0.1565951308454574
1718,36,Nam,TP. Hồ Chí Minh,Miền Nam,Bông tai,Bạc,5,2.05,0,Sinh nhật,300000.0,7866000.0,4.5,Không,Có,Không,Tiền mặt,Giao hàng tiêu chuẩn,Online,3,Nửa năm một lần,170.0,180000.0,181260.0,32237.0,1,0,Khách hàng phổ thông / mới,0.47765392452391753
1719,37,Nữ,Nam Định,Miền Bắc,Nhẫn,Bạc,5,2.44,0,Tự mua sắm,344000.0,9215000.0,3.3,Không,Không,Có,Ví điện tử (Momo/ZaloPay),Giao hàng nhanh,Online,6,Hàng tháng,30.0,413000.0,387642.0,396472.0,0,0,Khách hàng phổ thông / mới,0.5264093813755074
1720,42,Nữ,TP. Hồ Chí Minh,Miền Nam,Vòng tay,Bạc,5,18.61,0,Cưới hỏi,751000.0,9078000.0,4.4,Không,Không,Không,Chuyển khoản ngân hàng,Nhận tại cửa hàng,Online,30,Hàng tháng,27.0,4506000.0,4511858.0,754038.0,0,3,Khách hàng trung thành,0.5060800210930649
1721,22,Nữ,Nghệ An,Miền Trung,Nhẫn,Bạc,5,6.73,0,Cưới hỏi,737000.0,6000000.0,3.7,Không,Có,Không,Ví điện tử (Momo/ZaloPay),Nhận tại cửa hàng,Tại cửa hàng,9,Hàng tháng,33.0,1327000.0,1275778.0,659082.0,0,0,Khách hàng phổ thông / mới,0.39566549554377
1722,53,Nữ,Hà Nội,Miền Bắc,Dây chuyền,Bạc,5,7.85,0,Quà tặng gia đình,490000.0,28582000.0,3.8,Có,Có,Có,Thẻ tín dụng,Giao hàng nhanh,Online,1,Hàng năm,395.0,98000.0,114729.0,39439.0,0,2,Khách hàng có nguy cơ rời bỏ,0.07387204402738935
1723,49,Nam,Kiên Giang,Miền Nam,Nhẫn,Vàng đính đá quý,18,5.57,1,Quà tặng gia đình,14669000.0,21908000.0,4.3,Không,Không,Không,Chuyển khoản ngân hàng,Nhận tại cửa hàng,Online,21,Hàng năm,393.0,61610000.0,61338916.0,1158168.0,1,2,Khách hàng có nguy cơ rời bỏ,0.6547814713768504
1724,53,Nữ,Bà Rịa - Vũng Tàu,Miền Nam,Nhẫn,Vàng 18K,18,4.3,0,Sinh nhật,6614000.0,35577000.0,4.2,Không,Có,Không,Thẻ tín dụng,Giao hàng nhanh,Tại cửa hàng,6,Hàng năm,361.0,7937000.0,7856836.0,619830.0,1,2,Khách hàng có nguy cơ rời bỏ,0.3938993675320717
1725,43,Nữ,Vĩnh Phúc,Miền Bắc,Trang sức bộ,Vàng 18K,18,16.86,0,Quà tặng gia đình,24615000.0,25723000.0,4.2,Có,Có,Có,Tiền mặt,Nhận tại cửa hàng,Online,16,Hàng năm,342.0,78768000.0,94387694.0,1989955.0,0,2,Khách hàng có nguy cơ rời bỏ,0.05642586197308811
1726,55,Nữ,Tây Ninh,Miền Nam,Trang sức bộ,Bạc,5,34.67,0,Sinh nhật,2149000.0,35730000.0,4.1,Không,Không,Không,Thẻ tín dụng,Giao hàng nhanh,Online,21,Hàng tháng,33.0,9026000.0,8883389.0,2134072.0,0,3,Khách hàng trung thành,0.5126208527978164
1727,63,Nam,Lào Cai,Miền Bắc,Bông tai,Vàng 18K,18,3.73,0,Sinh nhật,5862000.0,17272000.0,4.0,Có,Có,Có,Ví điện tử (Momo/ZaloPay),Giao hàng tiêu chuẩn,Tại cửa hàng,18,Hai tuần một lần,13.0,21103000.0,24996503.0,12895700.0,0,3,Khách hàng trung thành,0.1127065596095531
1728,45,Nam,Đà Nẵng,Miền Trung,Vòng tay,Vàng 24K,24,14.56,0,Quà tặng gia đình,28813000.0,23237000.0,4.5,Không,Có,Không,Tiền mặt,Nhận tại cửa hàng,Online,23,Hàng quý,92.0,132540000.0,133467780.0,10645018.0,0,1,Khách hàng VIP (giá trị cao nhất),0.2746927693848558
1729,39,Nữ,Long An,Miền Nam,Bông tai,Vàng đính đá quý,18,3.04,1,Tự mua sắm,6447000.0,11421000.0,3.3,Không,Không,Không,Tiền mặt,Nhận tại cửa hàng,Tại cửa hàng,1,Hàng quý,84.0,1289000.0,1209855.0,2557539.0,0,0,Khách hàng phổ thông / mới,0.5947846988660481
1730,23,Nữ,Vĩnh Phúc,Miền Bắc,Lắc chân,Vàng 24K,24,7.51,0,Tự mua sắm,15068000.0,17439000.0,3.0,Không,Có,Không,Ví điện tử (Momo/ZaloPay),Giao hàng tiêu chuẩn,Online,8,Nửa năm một lần,208.0,24109000.0,22216444.0,1807336.0,1,0,Khách hàng phổ thông / mới,0.5690929821618812
1731,55,Nam,Đà Nẵng,Miền Trung,Vòng tay,Vàng 18K,18,9.32,0,Sinh nhật,13241000.0,31342000.0,4.3,Có,Có,Không,Ví điện tử (Momo/ZaloPay),Giao hàng tiêu chuẩn,Online,13,Hàng tháng,32.0,34427000.0,41491420.0,14839976.0,0,0,Khách hàng phổ thông / mới,0.12823951219724194
1732,61,Nam,TP. Hồ Chí Minh,Miền Nam,Nhẫn,Bạc,5,4.29,0,Sinh nhật,404000.0,21376000.0,3.8,Không,Không,Không,Ví điện tử (Momo/ZaloPay),Nhận tại cửa hàng,Online,23,Hàng năm,416.0,1858000.0,1796872.0,26324.0,1,2,Khách hàng có nguy cơ rời bỏ,0.6097217619137114
1733,51,Nữ,Bắc Ninh,Miền Bắc,Bông tai,Vàng 24K,24,4.14,0,Quà tặng người yêu,9510000.0,19416000.0,4.8,Có,Không,Không,Ví điện tử (Momo/ZaloPay),Giao hàng tiêu chuẩn,Tại cửa hàng,17,Hàng tháng,34.0,32334000.0,40084460.0,9611676.0,0,3,Khách hàng trung thành,0.24147427271505484
1734,59,Nam,Huế,Miền Trung,Trang sức bộ,Vàng 24K,24,30.3,0,Quà tặng gia đình,66557000.0,21385000.0,4.9,Không,Không,Có,Ví điện tử (Momo/ZaloPay),Nhận tại cửa hàng,Tại cửa hàng,23,Nửa năm một lần,166.0,306162000.0,315285628.0,12823590.0,0,1,Khách hàng VIP (giá trị cao nhất),0.22439961302934322
1735,59,Nữ,Vĩnh Phúc,Miền Bắc,Dây chuyền,Vàng 24K,24,12.63,0,Cưới hỏi,27464000.0,22545000.0,4.7,Không,Không,Không,Ví điện tử (Momo/ZaloPay),Nhận tại cửa hàng,Tại cửa hàng,23,Hàng năm,390.0,126334000.0,128658546.0,2811623.0,1,1,Khách hàng VIP (giá trị cao nhất),0.6035621431410385
1736,56,Nữ,TP. Hồ Chí Minh,Miền Nam,Vòng tay,Vàng 24K,24,5.17,0,Sinh nhật,11561000.0,22374000.0,3.9,Có,Không,Không,Ví điện tử (Momo/ZaloPay),Giao hàng tiêu chuẩn,Tại cửa hàng,25,Hàng quý,89.0,57805000.0,68071168.0,3740215.0,0,3,Khách hàng trung thành,0.19136843585638932
1737,42,Nam,Bắc Ninh,Miền Bắc,Dây chuyền,Vàng 18K,18,9.42,0,Quà tặng người yêu,15091000.0,29851000.0,4.4,Không,Không,Không,Chuyển khoản ngân hàng,Nhận tại cửa hàng,Tại cửa hàng,19,Nửa năm một lần,189.0,57346000.0,57420550.0,2244781.0,1,3,Khách hàng trung thành,0.6092087820077405
1738,22,Nữ,Nam Định,Miền Bắc,Dây chuyền,Bạch kim,20,7.48,0,Tự mua sắm,14080000.0,14273000.0,3.3,Không,Không,Không,Thẻ tín dụng,Giao hàng tiêu chuẩn,Online,23,Nửa năm một lần,180.0,64768000.0,60791245.0,2338464.0,1,3,Khách hàng trung thành,0.7187971717199494
1739,18,Nam,TP. Hồ Chí Minh,Miền Nam,Bông tai,Vàng 18K,18,4.04,0,Sinh nhật,6603000.0,17633000.0,2.5,Không,Không,Có,Thẻ tín dụng,Giao hàng tiêu chuẩn,Online,21,Nửa năm một lần,158.0,27733000.0,24765569.0,1185315.0,1,3,Khách hàng trung thành,0.5920623313575079
1740,27,Nữ,Quảng Ninh,Miền Bắc,Dây chuyền,Vàng 18K,18,13.58,1,Tự mua sắm,20510000.0,20306000.0,4.5,Có,Có,Không,Thẻ tín dụng,Giao hàng nhanh,Online,1,Hàng năm,385.0,4102000.0,5000338.0,1828303.0,0,2,Khách hàng có nguy cơ rời bỏ,0.16736080746585238
1741,38,Nữ,Huế,Miền Trung,Trang sức bộ,Bạc,5,29.38,1,Sinh nhật,3016000.0,13956000.0,4.5,Không,Không,Không,Chuyển khoản ngân hàng,Nhận tại cửa hàng,Online,9,Hàng quý,90.0,5429000.0,5467003.0,712846.0,0,0,Khách hàng phổ thông / mới,0.4981777779476429
1742,53,Nữ,TP. Hồ Chí Minh,Miền Nam,Bông tai,Vàng 18K,18,2.65,0,Quà tặng người yêu,4071000.0,18053000.0,2.5,Có,Có,Không,Chuyển khoản ngân hàng,Giao hàng tiêu chuẩn,Tại cửa hàng,27,Hàng quý,80.0,21983000.0,23763623.0,1237081.0,0,3,Khách hàng trung thành,0.256204684888985
1743,39,Nữ,Bình Dương,Miền Nam,Nhẫn,Vàng 18K,18,6.3,0,Quà tặng người yêu,9369000.0,25705000.0,4.7,Có,Có,Không,Tiền mặt,Giao hàng tiêu chuẩn,Tại cửa hàng,3,Hàng năm,382.0,5621000.0,6929569.0,594364.0,0,2,Khách hàng có nguy cơ rời bỏ,0.15499958529073082
1744,19,Nam,Hà Nội,Miền Bắc,Lắc chân,Vàng 18K,18,3.91,0,Quà tặng người yêu,7072000.0,13371000.0,4.7,Có,Không,Không,Tiền mặt,Giao hàng tiêu chuẩn,Online,17,Nửa năm một lần,163.0,24045000.0,29642676.0,1524240.0,0,3,Khách hàng trung thành,0.24426758772522641
1745,28,Nữ,Long An,Miền Nam,Bông tai,Vàng 18K,18,1.64,0,Tự mua sắm,2487000.0,39096000.0,3.3,Không,Có,Không,Chuyển khoản ngân hàng,Nhận tại cửa hàng,Online,23,Nửa năm một lần,203.0,11440000.0,10737584.0,480705.0,1,3,Khách hàng trung thành,0.655611903941524
1746,65,Nữ,TP. Hồ Chí Minh,Miền Nam,Vòng tay,Vàng 18K,18,8.38,0,Lễ/Tết,11892000.0,33356000.0,2.5,Có,Có,Có,Ví điện tử (Momo/ZaloPay),Giao hàng nhanh,Online,13,Hàng quý,77.0,30919000.0,33423439.0,4546138.0,0,0,Khách hàng phổ thông / mới,0.11498395750251919
1747,65,Nữ,Lào Cai,Miền Bắc,Vòng tay,Vàng 24K,24,11.0,1,Cưới hỏi,23477000.0,23138000.0,4.7,Không,Có,Có,Ví điện tử (Momo/ZaloPay),Giao hàng tiêu chuẩn,Online,6,Hàng tháng,29.0,28172000.0,28690365.0,23548534.0,0,0,Khách hàng phổ thông / mới,0.10048863770231557
1748,36,Nữ,Bình Dương,Miền Nam,Lắc chân,Vàng đính đá quý,18,7.6,1,Sinh nhật,17697000.0,24189000.0,2.7,Không,Không,Có,Tiền mặt,Giao hàng tiêu chuẩn,Tại cửa hàng,1,Hàng quý,86.0,3539000.0,3200672.0,6251215.0,0,0,Khách hàng phổ thông / mới,0.4774622186079345
1749,56,Nam,TP. Hồ Chí Minh,Miền Nam,Dây chuyền,Vàng đính đá quý,18,7.77,1,Cưới hỏi,19195000.0,26754000.0,3.1,Không,Không,Có,Chuyển khoản ngân hàng,Nhận tại cửa hàng,Tại cửa hàng,20,Hàng năm,407.0,76780000.0,71190416.0,1710767.0,1,2,Khách hàng có nguy cơ rời bỏ,0.660665620343809
1750,52,Nữ,Gia Lai,Miền Trung,Nhẫn,Vàng đính đá quý,18,5.58,1,Lễ/Tết,12958000.0,25040000.0,3.9,Có,Có,Không,Chuyển khoản ngân hàng,Nhận tại cửa hàng,Online,18,Hàng tháng,32.0,46649000.0,54933862.0,10120317.0,0,3,Khách hàng trung thành,0.20641720259053956
1751,62,Nữ,Bình Định,Miền Trung,Dây chuyền,Vàng 24K,24,4.49,0,Quà tặng gia đình,10041000.0,22388000.0,4.5,Không,Không,Có,Thẻ tín dụng,Nhận tại cửa hàng,Online,21,Hàng tháng,28.0,42172000.0,42467204.0,11219811.0,0,3,Khách hàng trung thành,0.36417058374282174
1752,60,Nữ,TP. Hồ Chí Minh,Miền Nam,Dây chuyền,Bạch kim,20,9.26,0,Tự mua sắm,17488000.0,40863000.0,4.5,Không,Không,Không,Chuyển khoản ngân hàng,Giao hàng nhanh,Online,5,Hàng tháng,29.0,17488000.0,17610416.0,21266655.0,0,0,Khách hàng phổ thông / mới,0.5668169195720933
1753,48,Nữ,Tây Ninh,Miền Nam,Bông tai,Bạc,5,2.36,0,Quà tặng người yêu,433000.0,15852000.0,4.2,Không,Không,Không,Thẻ tín dụng,Nhận tại cửa hàng,Online,15,Hàng quý,94.0,1299000.0,1285880.0,150656.0,0,0,Khách hàng phổ thông / mới,0.5322013041964246
1754,36,Nữ,Đắk Lắk,Miền Trung,Nhẫn,Vàng 24K,24,3.87,0,Sinh nhật,8609000.0,17451000.0,4.6,Không,Không,Không,Ví điện tử (Momo/ZaloPay),Giao hàng nhanh,Online,17,Hàng tháng,34.0,29271000.0,29642742.0,7855394.0,0,3,Khách hàng trung thành,0.5511016554086899
1755,48,Nữ,Cần Thơ,Miền Nam,Bông tai,Vàng đính đá quý,18,3.54,1,Quà tặng gia đình,10192000.0,21389000.0,4.2,Không,Có,Không,Ví điện tử (Momo/ZaloPay),Giao hàng nhanh,Online,26,Nửa năm một lần,177.0,52998000.0,52462720.0,2038725.0,0,3,Khách hàng trung thành,0.3755977827879541
1756,33,Nữ,TP. Hồ Chí Minh,Miền Nam,Vòng tay,Bạch kim,20,6.99,0,Cưới hỏi,13306000.0,24495000.0,4.1,Không,Không,Không,Chuyển khoản ngân hàng,Giao hàng nhanh,Online,6,Hàng tháng,33.0,15967000.0,15714721.0,6210493.0,0,0,Khách hàng phổ thông / mới,0.5100371087080893
1757,34,Nữ,Long An,Miền Nam,Lắc chân,Vàng 24K,24,6.49,0,Tự mua sắm,12296000.0,34123000.0,2.9,Không,Có,Không,Thẻ tín dụng,Giao hàng nhanh,Online,21,Hàng tháng,32.0,51643000.0,47294659.0,12934057.0,0,3,Khách hàng trung thành,0.49534135690212316
1758,47,Nữ,Kiên Giang,Miền Nam,Vòng tay,Vàng đính đá quý,18,16.41,1,Quà tặng gia đình,32830000.0,20808000.0,3.6,Có,Không,Không,Chuyển khoản ngân hàng,Giao hàng nhanh,Online,21,Hai tuần một lần,15.0,137886000.0,159520313.0,57929610.0,0,1,Khách hàng VIP (giá trị cao nhất),0.23420034884864568
1759,45,Nữ,Thái Nguyên,Miền Bắc,Trang sức bộ,Vàng 24K,24,16.94,0,Tự mua sắm,33913000.0,24750000.0,3.6,Không,Có,Có,Ví điện tử (Momo/ZaloPay),Giao hàng nhanh,Online,18,Hai tuần một lần,13.0,122087000.0,116678546.0,52472756.0,0,1,Khách hàng VIP (giá trị cao nhất),0.22382903193580594
1760,45,Nữ,Quảng Ninh,Miền Bắc,Trang sức bộ,Vàng 18K,18,29.11,0,Tự mua sắm,41560000.0,23399000.0,2.5,Không,Có,Không,Thẻ tín dụng,Giao hàng nhanh,Online,3,Hàng năm,314.0,24936000.0,22267848.0,4336070.0,0,2,Khách hàng có nguy cơ rời bỏ,0.4266222654056925
1761,36,Nữ,Đắk Lắk,Miền Trung,Nhẫn,Vàng 24K,24,3.0,1,Sinh nhật,9662000.0,19581000.0,3.5,Không,Không,Có,Ví điện tử (Momo/ZaloPay),Nhận tại cửa hàng,Online,4,Hàng năm,362.0,7730000.0,7343500.0,998703.0,0,2,Khách hàng có nguy cơ rời bỏ,0.3531818241513141
1762,37,Nữ,Đà Nẵng,Miền Trung,Bông tai,Vàng 24K,24,4.77,0,Quà tặng gia đình,10742000.0,28912000.0,3.1,Không,Không,Có,Chuyển khoản ngân hàng,Nhận tại cửa hàng,Tại cửa hàng,19,Nửa năm một lần,188.0,40820000.0,37848304.0,1671740.0,1,3,Khách hàng trung thành,0.7021464731859504
1763,18,Nữ,Đắk Lắk,Miền Trung,Nhẫn,Vàng đính đá quý,18,2.76,1,Sinh nhật,10755000.0,22079000.0,2.7,Không,Không,Có,Tiền mặt,Giao hàng nhanh,Online,19,Hàng năm,363.0,40869000.0,36961924.0,1041295.0,1,2,Khách hàng có nguy cơ rời bỏ,0.6371092612271295
1764,46,Nam,Đồng Nai,Miền Nam,Lắc chân,Bạc,5,11.56,0,Quà tặng gia đình,985000.0,27680000.0,3.9,Không,Không,Không,Chuyển khoản ngân hàng,Giao hàng nhanh,Tại cửa hàng,20,Hai tuần một lần,14.0,3940000.0,3832832.0,2723265.0,0,3,Khách hàng trung thành,0.6083359289842128
1765,45,Nữ,Tiền Giang,Miền Nam,Bông tai,Vàng 18K,18,1.77,0,Sinh nhật,2609000.0,18648000.0,3.1,Có,Có,Có,Tiền mặt,Nhận tại cửa hàng,Online,24,Hàng năm,342.0,12523000.0,14055815.0,283027.0,0,2,Khách hàng có nguy cơ rời bỏ,0.21123126800922584
1766,62,Nữ,Huế,Miền Trung,Dây chuyền,Bạch kim,20,15.0,0,Tự mua sắm,26657000.0,17935000.0,3.0,Có,Có,Không,Chuyển khoản ngân hàng,Giao hàng nhanh,Tại cửa hàng,12,Hàng quý,100.0,63977000.0,71366344.0,10357793.0,0,3,Khách hàng trung thành,0.269796105781952
1767,42,Nữ,TP. Hồ Chí Minh,Miền Nam,Dây chuyền,Vàng đính đá quý,18,5.75,1,Quà tặng gia đình,13488000.0,18118000.0,4.5,Có,Không,Không,Ví điện tử (Momo/ZaloPay),Giao hàng tiêu chuẩn,Online,9,Nửa năm một lần,164.0,24278000.0,29594882.0,2796909.0,0,0,Khách hàng phổ thông / mới,0.2881016238565989
1768,40,Nữ,Thái Nguyên,Miền Bắc,Dây chuyền,Vàng đính đá quý,18,11.52,1,Sinh nhật,22090000.0,22493000.0,4.5,Có,Có,Có,Ví điện tử (Momo/ZaloPay),Nhận tại cửa hàng,Tại cửa hàng,28,Nửa năm một lần,155.0,123704000.0,150795176.0,4333537.0,0,1,Khách hàng VIP (giá trị cao nhất),0.08256516708939651
1769,21,Nữ,Bình Định,Miền Trung,Lắc chân,Vàng đính đá quý,18,5.75,1,Cưới hỏi,11566000.0,27084000.0,4.2,Không,Không,Không,Chuyển khoản ngân hàng,Nhận tại cửa hàng,Online,21,Hàng quý,79.0,48577000.0,48086372.0,3125658.0,0,3,Khách hàng trung thành,0.5398892433475592
1770,27,Nữ,Hà Nội,Miền Bắc,Bông tai,Vàng đính đá quý,18,1.41,1,Quà tặng người yêu,6113000.0,34297000.0,3.0,Không,Có,Không,Tiền mặt,Giao hàng nhanh,Tại cửa hàng,16,Hàng tháng,29.0,19562000.0,18026383.0,6043704.0,0,3,Khách hàng trung thành,0.6006640484884515
1771,34,Nữ,Quảng Nam,Miền Trung,Nhẫn,Bạc,5,1.66,0,Lễ/Tết,403000.0,21265000.0,4.1,Không,Có,Không,Ví điện tử (Momo/ZaloPay),Nhận tại cửa hàng,Online,17,Hai tuần một lần,14.0,1370000.0,1348354.0,732495.0,0,0,Khách hàng phổ thông / mới,0.2885332647871623
1772,36,Nam,Bình Định,Miền Trung,Dây chuyền,Vàng 18K,18,4.77,0,Tự mua sắm,6961000.0,33203000.0,4.3,Không,Có,Không,Thẻ tín dụng,Giao hàng tiêu chuẩn,Tại cửa hàng,23,Hàng quý,95.0,32021000.0,31880108.0,3057205.0,0,3,Khách hàng trung thành,0.39340749840672745
1773,35,Nữ,TP. Hồ Chí Minh,Miền Nam,Dây chuyền,Vàng đính đá quý,18,7.9,1,Cưới hỏi,14601000.0,24483000.0,3.1,Không,Có,Không,Tiền mặt,Nhận tại cửa hàng,Tại cửa hàng,10,Hàng quý,92.0,29202000.0,27076094.0,4610459.0,0,0,Khách hàng phổ thông / mới,0.5845149697620748
1774,36,Nữ,TP. Hồ Chí Minh,Miền Nam,Vòng tay,Vàng 24K,24,13.7,0,Lễ/Tết,26363000.0,15481000.0,2.8,Không,Có,Có,Ví điện tử (Momo/ZaloPay),Giao hàng tiêu chuẩn,Tại cửa hàng,14,Hàng năm,380.0,73816000.0,67179942.0,2127446.0,0,2,Khách hàng có nguy cơ rời bỏ,0.25377109704807405
1775,54,Nữ,Thanh Hóa,Miền Trung,Nhẫn,Vàng 24K,24,4.61,0,Quà tặng gia đình,8921000.0,22072000.0,3.6,Không,Có,Có,Tiền mặt,Nhận tại cửa hàng,Online,2,Hàng tuần,6.0,3568000.0,3409938.0,29419693.0,0,0,Khách hàng phổ thông / mới,0.24771561365762707
1776,24,Nữ,Hà Nội,Miền Bắc,Dây chuyền,Vàng 18K,18,10.57,0,Lễ/Tết,15128000.0,24825000.0,3.6,Có,Có,Không,Thẻ tín dụng,Giao hàng nhanh,Online,24,Nửa năm một lần,179.0,72614000.0,84007137.0,2555318.0,0,3,Khách hàng trung thành,0.1969769275021299
1777,33,Nữ,Hải Phòng,Miền Bắc,Lắc chân,Vàng 18K,18,3.86,0,Tự mua sắm,5588000.0,25906000.0,2.9,Không,Không,Không,Tiền mặt,Giao hàng nhanh,Online,16,Hàng quý,96.0,17882000.0,16376336.0,2279047.0,0,3,Khách hàng trung thành,0.673735587585282
1778,25,Nam,Tây Ninh,Miền Nam,Vòng tay,Bạc,5,15.15,0,Quà tặng gia đình,1011000.0,16143000.0,3.0,Không,Không,Có,Chuyển khoản ngân hàng,Nhận tại cửa hàng,Online,27,Hàng tuần,7.0,5459000.0,5030468.0,2693071.0,0,3,Khách hàng trung thành,0.5891667688254141
1779,32,Nữ,Tiền Giang,Miền Nam,Bông tai,Vàng đính đá quý,18,4.93,1,Lễ/Tết,12292000.0,17427000.0,3.7,Có,Có,Có,Ví điện tử (Momo/ZaloPay),Giao hàng tiêu chuẩn,Online,9,Hàng quý,83.0,22126000.0,25750239.0,4598523.0,0,0,Khách hàng phổ thông / mới,0.055749165125694125
1780,50,Nam,Lào Cai,Miền Bắc,Vòng tay,Vàng 18K,18,8.46,1,Quà tặng người yêu,13749000.0,18654000.0,3.8,Không,Có,Không,Chuyển khoản ngân hàng,Nhận tại cửa hàng,Tại cửa hàng,13,Hàng quý,84.0,35747000.0,34570924.0,4254114.0,0,0,Khách hàng phổ thông / mới,0.36345497956435446
1781,20,Nữ,Hải Dương,Miền Bắc,Vòng tay,Bạc,5,16.88,0,Quà tặng gia đình,480000.0,17817000.0,3.8,Không,Có,Không,Ví điện tử (Momo/ZaloPay),Giao hàng tiêu chuẩn,Online,2,Hàng quý,87.0,192000.0,185683.0,126190.0,0,0,Khách hàng phổ thông / mới,0.2991933853059603
1782,34,Nữ,Đà Nẵng,Miền Trung,Bông tai,Vàng 18K,18,2.25,0,Sinh nhật,3349000.0,22178000.0,5.0,Có,Có,Không,Ví điện tử (Momo/ZaloPay),Nhận tại cửa hàng,Online,30,Hàng tháng,26.0,20094000.0,25187829.0,3438708.0,0,3,Khách hàng trung thành,0.20913681811578366
1783,19,Nữ,TP. Hồ Chí Minh,Miền Nam,Dây chuyền,Bạc,5,8.33,0,Quà tặng gia đình,982000.0,32356000.0,2.6,Không,Không,Không,Ví điện tử (Momo/ZaloPay),Nhận tại cửa hàng,Online,11,Hàng tuần,8.0,2160000.0,1941192.0,2926360.0,0,0,Khách hàng phổ thông / mới,0.6337741279994967
1784,63,Nữ,Thanh Hóa,Miền Trung,Dây chuyền,Vàng 24K,24,12.67,0,Tự mua sắm,25287000.0,18832000.0,4.5,Không,Có,Không,Tiền mặt,Giao hàng tiêu chuẩn,Online,5,Hàng tháng,27.0,25287000.0,25464009.0,25925514.0,0,0,Khách hàng phổ thông / mới,0.2640194931698896
1785,52,Nữ,Hà Nội,Miền Bắc,Trang sức bộ,Vàng 24K,24,27.18,0,Tự mua sắm,59643000.0,9643000.0,3.4,Không,Không,Không,Tiền mặt,Nhận tại cửa hàng,Tại cửa hàng,19,Hàng năm,404.0,226643000.0,214018985.0,3876932.0,1,1,Khách hàng VIP (giá trị cao nhất),0.6959974259558314
1786,29,Nữ,Huế,Miền Trung,Lắc chân,Bạc,5,7.53,0,Cưới hỏi,489000.0,7812000.0,4.4,Có,Có,Không,Thẻ tín dụng,Nhận tại cửa hàng,Tại cửa hàng,26,Hàng năm,316.0,2543000.0,3082370.0,34672.0,0,2,Khách hàng có nguy cơ rời bỏ,0.1742354732621039
1787,27,Nữ,Hải Dương,Miền Bắc,Bông tai,Bạc,5,2.85,1,Quà tặng người yêu,3159000.0,25338000.0,4.3,Có,Không,Không,Chuyển khoản ngân hàng,Giao hàng nhanh,Online,4,Hàng tháng,28.0,2527000.0,3045540.0,3334012.0,0,0,Khách hàng phổ thông / mới,0.2596791676960297
1789,40,Nữ,Quảng Ninh,Miền Bắc,Nhẫn,Vàng 18K,18,4.88,0,Tự mua sắm,7307000.0,22287000.0,4.1,Không,Có,Không,Thẻ tín dụng,Giao hàng tiêu chuẩn,Online,15,Hàng năm,326.0,21921000.0,21574648.0,490298.0,1,2,Khách hàng có nguy cơ rời bỏ,0.42648170726660584
1790,54,Nữ,TP. Hồ Chí Minh,Miền Nam,Nhẫn,Vàng 24K,24,7.81,0,Lễ/Tết,16423000.0,16287000.0,4.2,Có,Có,Có,Chuyển khoản ngân hàng,Nhận tại cửa hàng,Online,5,Hàng tháng,34.0,16423000.0,19679681.0,16473381.0,0,0,Khách hàng phổ thông / mới,0.0633938306238134
1791,46,Nữ,Khánh Hòa,Miền Trung,Trang sức bộ,Bạc,5,30.65,0,Quà tặng người yêu,1709000.0,19722000.0,4.4,Không,Có,Có,Tiền mặt,Nhận tại cửa hàng,Online,9,Hàng tháng,31.0,3076000.0,3079999.0,1678413.0,0,0,Khách hàng phổ thông / mới,0.1701395223840928
1792,60,Nữ,Hưng Yên,Miền Bắc,Lắc chân,Vàng 18K,18,4.05,0,Quà tặng người yêu,6609000.0,19325000.0,2.8,Không,Không,Có,Chuyển khoản ngân hàng,Nhận tại cửa hàng,Online,19,Hàng tuần,8.0,25114000.0,22856251.0,14625203.0,0,3,Khách hàng trung thành,0.3670298948698208
1793,34,Nữ,Bình Định,Miền Trung,Vòng tay,Vàng 18K,18,11.19,0,Tự mua sắm,18058000.0,15232000.0,3.4,Không,Không,Không,Ví điện tử (Momo/ZaloPay),Giao hàng tiêu chuẩn,Online,30,Hàng tháng,28.0,108348000.0,102313016.0,18271001.0,0,1,Khách hàng VIP (giá trị cao nhất),0.6285445772888434
1794,31,Nam,Quảng Nam,Miền Trung,Trang sức bộ,Vàng đính đá quý,18,24.68,1,Cưới hỏi,41140000.0,28515000.0,4.6,Không,Có,Có,Thẻ tín dụng,Giao hàng nhanh,Online,4,Hàng năm,331.0,32912000.0,33329982.0,3223879.0,0,2,Khách hàng có nguy cơ rời bỏ,0.15887808774192547
1795,40,Nam,Đồng Nai,Miền Nam,Nhẫn,Bạc,5,6.08,0,Quà tặng người yêu,633000.0,29569000.0,3.9,Không,Không,Có,Tiền mặt,Nhận tại cửa hàng,Online,19,Hàng năm,403.0,2405000.0,2339584.0,49829.0,0,2,Khách hàng có nguy cơ rời bỏ,0.376520546877863
1796,27,Nữ,Kiên Giang,Miền Nam,Vòng tay,Vàng 24K,24,7.66,0,Quà tặng người yêu,17016000.0,24099000.0,2.8,Có,Không,Không,Thẻ tín dụng,Nhận tại cửa hàng,Tại cửa hàng,27,Hàng quý,82.0,91886000.0,101230806.0,7727429.0,0,1,Khách hàng VIP (giá trị cao nhất),0.38387718804830917
1797,64,Nữ,Bắc Ninh,Miền Bắc,Nhẫn,Bạc,5,6.9,0,Tự mua sắm,636000.0,36147000.0,4.9,Không,Không,Có,Ví điện tử (Momo/ZaloPay),Nhận tại cửa hàng,Tại cửa hàng,23,Hàng quý,87.0,2926000.0,3013195.0,145286.0,0,3,Khách hàng trung thành,0.3531972606547875
1798,26,Nữ,Bà Rịa - Vũng Tàu,Miền Nam,Dây chuyền,Vàng 24K,24,10.56,0,Tự mua sắm,21389000.0,10351000.0,5.0,Không,Có,Có,Ví điện tử (Momo/ZaloPay),Giao hàng nhanh,Online,25,Hàng năm,391.0,106945000.0,110741548.0,1675078.0,0,1,Khách hàng VIP (giá trị cao nhất),0.1824054123353919
1799,40,Nữ,TP. Hồ Chí Minh,Miền Nam,Trang sức bộ,Vàng 24K,24,11.69,0,Lễ/Tết,26609000.0,18923000.0,3.8,Không,Không,Không,Chuyển khoản ngân hàng,Nhận tại cửa hàng,Online,28,Hàng tháng,28.0,149010000.0,144107571.0,27687884.0,0,1,Khách hàng VIP (giá trị cao nhất),0.47796502040229805
1800,43,Nữ,TP. Hồ Chí Minh,Miền Nam,Lắc chân,Bạc,5,3.53,0,Cưới hỏi,340000.0,18136000.0,3.8,Không,Có,Không,Chuyển khoản ngân hàng,Giao hàng nhanh,Online,20,Hàng tháng,31.0,1360000.0,1315256.0,368793.0,0,3,Khách hàng trung thành,0.40974898426373946
1801,20,Nữ,Nghệ An,Miền Trung,Nhẫn,Vàng 24K,24,5.96,0,Quà tặng người yêu,11326000.0,24166000.0,3.2,Không,Có,Không,Thẻ tín dụng,Nhận tại cửa hàng,Online,2,Hai tuần một lần,16.0,4530000.0,4226037.0,22051199.0,0,0,Khách hàng phổ thông / mới,0.39133068202375354
1802,40,Nam,Lào Cai,Miền Bắc,Dây chuyền,Vàng 18K,18,12.07,0,Tự mua sắm,18863000.0,11576000.0,3.8,Có,Không,Có,Ví điện tử (Momo/ZaloPay),Giao hàng nhanh,Tại cửa hàng,7,Hàng năm,369.0,26408000.0,30915846.0,1326001.0,0,2,Khách hàng có nguy cơ rời bỏ,0.16041338766025756
1803,39,Nữ,Hà Nội,Miền Bắc,Vòng tay,Vàng đính đá quý,18,9.66,1,Quà tặng gia đình,23080000.0,25012000.0,4.9,Có,Không,Không,Ví điện tử (Momo/ZaloPay),Nhận tại cửa hàng,Online,13,Nửa năm một lần,169.0,60008000.0,74805973.0,3861750.0,0,3,Khách hàng trung thành,0.22261135756896488
1804,30,Nam,Tây Ninh,Miền Nam,Nhẫn,Bạc,5,2.55,1,Cưới hỏi,4003000.0,9699000.0,3.1,Không,Có,Có,Ví điện tử (Momo/ZaloPay),Giao hàng tiêu chuẩn,Tại cửa hàng,29,Nửa năm một lần,206.0,23217000.0,21526802.0,499432.0,0,3,Khách hàng trung thành,0.3381466103160815
1805,24,Nữ,Gia Lai,Miền Trung,Vòng tay,Vàng đính đá quý,18,8.3,1,Lễ/Tết,14266000.0,24675000.0,3.3,Có,Có,Không,Ví điện tử (Momo/ZaloPay),Giao hàng tiêu chuẩn,Online,7,Nửa năm một lần,205.0,19972000.0,22692186.0,2492057.0,0,0,Khách hàng phổ thông / mới,0.2672943428812237
1806,20,Nam,Huế,Miền Trung,Vòng tay,Vàng đính đá quý,18,10.88,1,Tự mua sắm,25149000.0,27284000.0,4.7,Không,Không,Không,Chuyển khoản ngân hàng,Giao hàng tiêu chuẩn,Online,26,Hàng tháng,31.0,130775000.0,133181260.0,24431104.0,0,1,Khách hàng VIP (giá trị cao nhất),0.42946732774632
1807,18,Nam,Bình Định,Miền Trung,Dây chuyền,Vàng 18K,18,10.58,0,Quà tặng gia đình,16993000.0,11157000.0,3.5,Có,Không,Không,Ví điện tử (Momo/ZaloPay),Nhận tại cửa hàng,Tại cửa hàng,20,Hàng quý,97.0,67972000.0,78167800.0,7054097.0,0,3,Khách hàng trung thành,0.2744773721060135
1808,41,Nam,Hà Nội,Miền Bắc,Dây chuyền,Bạc,5,5.25,0,Sinh nhật,410000.0,17890000.0,4.9,Không,Không,Không,Chuyển khoản ngân hàng,Nhận tại cửa hàng,Tại cửa hàng,22,Hàng năm,393.0,1804000.0,1857759.0,30956.0,0,2,Khách hàng có nguy cơ rời bỏ,0.5483996768324392
1809,22,Nam,Quảng Ninh,Miền Bắc,Nhẫn,Vàng 18K,18,6.64,1,Quà tặng người yêu,14534000.0,27652000.0,3.4,Có,Có,Có,Chuyển khoản ngân hàng,Giao hàng tiêu chuẩn,Tại cửa hàng,4,Hàng năm,359.0,11627000.0,13290824.0,1059670.0,0,2,Khách hàng có nguy cơ rời bỏ,0.1641446181104247
1810,64,Nam,Quảng Ngãi,Miền Trung,Trang sức bộ,Bạc,5,16.22,0,Quà tặng người yêu,1834000.0,31583000.0,2.5,Có,Không,Không,Chuyển khoản ngân hàng,Giao hàng nhanh,Tại cửa hàng,11,Hàng quý,84.0,4035000.0,4361835.0,476533.0,0,0,Khách hàng phổ thông / mới,0.47422804838139143
1811,29,Nữ,Khánh Hòa,Miền Trung,Dây chuyền,Vàng 18K,18,12.71,0,Tự mua sắm,20844000.0,9746000.0,4.9,Có,Không,Không,Tiền mặt,Giao hàng nhanh,Tại cửa hàng,14,Hàng tháng,26.0,58363000.0,72755316.0,16244728.0,0,3,Khách hàng trung thành,0.30163664841544746
1812,49,Nữ,Đồng Nai,Miền Nam,Vòng tay,Vàng 24K,24,18.86,0,Lễ/Tết,38736000.0,23576000.0,3.1,Có,Có,Không,Ví điện tử (Momo/ZaloPay),Nhận tại cửa hàng,Online,15,Hàng năm,315.0,116208000.0,130431859.0,2637204.0,0,1,Khách hàng VIP (giá trị cao nhất),0.1545351229810952
1813,50,Nữ,TP. Hồ Chí Minh,Miền Nam,Dây chuyền,Vàng 24K,24,4.97,0,Sinh nhật,11146000.0,25575000.0,4.2,Có,Không,Không,Thẻ tín dụng,Giao hàng tiêu chuẩn,Tại cửa hàng,27,Hàng quý,78.0,60188000.0,72123280.0,4493050.0,0,3,Khách hàng trung thành,0.22769935465438437
1814,41,Nữ,Gia Lai,Miền Trung,Bông tai,Bạch kim,20,5.59,0,Quà tặng người yêu,10455000.0,20395000.0,2.6,Có,Không,Không,Chuyển khoản ngân hàng,Giao hàng nhanh,Tại cửa hàng,11,Hàng tháng,28.0,23001000.0,25022788.0,12227539.0,0,0,Khách hàng phổ thông / mới,0.5540349869238121
1815,60,Nữ,Cần Thơ,Miền Nam,Nhẫn,Vàng 24K,24,6.08,0,Quà tặng người yêu,13129000.0,31653000.0,4.4,Không,Không,Không,Ví điện tử (Momo/ZaloPay),Giao hàng tiêu chuẩn,Online,27,Hai tuần một lần,12.0,70897000.0,70989166.0,23480746.0,0,3,Khách hàng trung thành,0.5186030759440327
1816,23,Nữ,Hà Nội,Miền Bắc,Nhẫn,Bạc,5,7.27,0,Tự mua sắm,448000.0,15551000.0,3.1,Không,Không,Không,Tiền mặt,Nhận tại cửa hàng,Online,26,Hàng tuần,6.0,2330000.0,2160376.0,1560528.0,0,3,Khách hàng trung thành,0.7153486539171607
1817,29,Nữ,TP. Hồ Chí Minh,Miền Nam,Bông tai,Vàng đính đá quý,18,2.73,1,Quà tặng gia đình,9709000.0,16836000.0,4.5,Có,Có,Có,Thẻ tín dụng,Nhận tại cửa hàng,Tại cửa hàng,20,Nửa năm một lần,187.0,38836000.0,47341084.0,1422159.0,0,3,Khách hàng trung thành,0.08606727019748425
1818,30,Nam,TP. Hồ Chí Minh,Miền Nam,Bông tai,Bạch kim,20,3.49,0,Sinh nhật,9846000.0,15186000.0,4.9,Không,Không,Không,Ví điện tử (Momo/ZaloPay),Nhận tại cửa hàng,Online,10,Nửa năm một lần,173.0,19692000.0,20278822.0,1752513.0,1,0,Khách hàng phổ thông / mới,0.6082831773208752
1819,24,Nữ,Hưng Yên,Miền Bắc,Dây chuyền,Vàng 18K,18,8.72,0,Tự mua sắm,14075000.0,21159000.0,2.6,Không,Không,Không,Thẻ tín dụng,Nhận tại cửa hàng,Tại cửa hàng,3,Hàng tháng,34.0,8445000.0,7589522.0,16023142.0,0,0,Khách hàng phổ thông / mới,0.6630873020103636
1820,32,Nữ,Thái Nguyên,Miền Bắc,Dây chuyền,Vàng 24K,24,5.28,1,Sinh nhật,13544000.0,18040000.0,3.4,Không,Không,Không,Chuyển khoản ngân hàng,Nhận tại cửa hàng,Online,8,Hàng tháng,32.0,21670000.0,20462981.0,14747271.0,0,0,Khách hàng phổ thông / mới,0.670727356064289
1821,33,Nữ,Nam Định,Miền Bắc,Trang sức bộ,Vàng đính đá quý,18,34.91,1,Lễ/Tết,55170000.0,26086000.0,4.3,Không,Có,Có,Chuyển khoản ngân hàng,Nhận tại cửa hàng,Online,19,Hàng quý,102.0,209646000.0,208723558.0,15442156.0,0,1,Khách hàng VIP (giá trị cao nhất),0.18530768861957556
1822,54,Nam,Thái Nguyên,Miền Bắc,Nhẫn,Bạc,5,7.66,0,Lễ/Tết,710000.0,18807000.0,5.0,Không,Có,Không,Ví điện tử (Momo/ZaloPay),Giao hàng nhanh,Online,7,Hàng quý,78.0,994000.0,1029287.0,229271.0,0,0,Khách hàng phổ thông / mới,0.26877320426016693
1823,32,Nữ,Khánh Hòa,Miền Trung,Nhẫn,Vàng 18K,18,2.31,0,Quà tặng người yêu,3714000.0,18760000.0,3.4,Không,Không,Không,Chuyển khoản ngân hàng,Giao hàng tiêu chuẩn,Tại cửa hàng,28,Hàng tháng,28.0,20798000.0,19639551.0,2438002.0,1,3,Khách hàng trung thành,0.6826769003315866
1824,60,Nữ,Bắc Ninh,Miền Bắc,Dây chuyền,Vàng đính đá quý,18,8.47,1,Tự mua sắm,19815000.0,23370000.0,5.0,Không,Không,Có,Thẻ tín dụng,Nhận tại cửa hàng,Tại cửa hàng,13,Hàng tháng,33.0,51519000.0,53347925.0,15681814.0,0,3,Khách hàng trung thành,0.2967816701742435
1825,55,Nữ,TP. Hồ Chí Minh,Miền Nam,Dây chuyền,Vàng 24K,24,14.83,0,Lễ/Tết,28062000.0,15858000.0,4.7,Không,Có,Không,Tiền mặt,Giao hàng tiêu chuẩn,Tại cửa hàng,9,Hàng năm,378.0,50512000.0,51441421.0,2142504.0,0,2,Khách hàng có nguy cơ rời bỏ,0.24219275174183508
1826,61,Nữ,Hải Phòng,Miền Bắc,Bông tai,Vàng 18K,18,3.74,1,Quà tặng gia đình,8553000.0,29147000.0,4.3,Không,Có,Có,Thẻ tín dụng,Giao hàng nhanh,Tại cửa hàng,19,Hàng năm,350.0,32501000.0,32357996.0,602846.0,0,2,Khách hàng có nguy cơ rời bỏ,0.1729060461401975
1827,23,Nữ,Hà Nội,Miền Bắc,Bông tai,Vàng 24K,24,3.49,0,Tự mua sắm,6533000.0,24553000.0,3.5,Không,Có,Không,Chuyển khoản ngân hàng,Nhận tại cửa hàng,Tại cửa hàng,5,Hàng quý,99.0,6533000.0,6206350.0,1932924.0,0,0,Khách hàng phổ thông / mới,0.3648569904481426
1828,65,Nữ,Lào Cai,Miền Bắc,Vòng tay,Vàng 24K,24,7.93,0,Quà tặng người yêu,14973000.0,26845000.0,3.8,Không,Có,Không,Chuyển khoản ngân hàng,Nhận tại cửa hàng,Online,25,Nửa năm một lần,182.0,74865000.0,72401942.0,2502219.0,0,3,Khách hàng trung thành,0.3039915328271388
1829,47,Nữ,Thái Nguyên,Miền Bắc,Vòng tay,Vàng 18K,18,11.29,0,Sinh nhật,16124000.0,14050000.0,4.3,Không,Có,Không,Ví điện tử (Momo/ZaloPay),Nhận tại cửa hàng,Online,17,Hàng năm,411.0,54822000.0,54580783.0,1129299.0,1,2,Khách hàng có nguy cơ rời bỏ,0.40410309934639177
1830,65,Nam,Tây Ninh,Miền Nam,Dây chuyền,Bạc,5,8.98,0,Tự mua sắm,1081000.0,33094000.0,4.2,Có,Không,Không,Ví điện tử (Momo/ZaloPay),Giao hàng nhanh,Online,28,Hàng tuần,7.0,6054000.0,7254508.0,2863567.0,0,3,Khách hàng trung thành,0.29801858145342713
1831,35,Nam,Vĩnh Phúc,Miền Bắc,Bông tai,Vàng 18K,18,4.57,0,Cưới hỏi,7783000.0,7514000.0,3.2,Không,Không,Có,Thẻ tín dụng,Nhận tại cửa hàng,Online,26,Hàng năm,375.0,40472000.0,37756329.0,641542.0,0,2,Khách hàng có nguy cơ rời bỏ,0.5076398376674169
1832,63,Nữ,Nam Định,Miền Bắc,Nhẫn,Bạc,5,4.43,0,Quà tặng gia đình,830000.0,27339000.0,3.9,Không,Có,Không,Tiền mặt,Giao hàng tiêu chuẩn,Tại cửa hàng,3,Hàng quý,85.0,498000.0,484454.0,316244.0,0,0,Khách hàng phổ thông / mới,0.34462132740560586
1833,46,Nữ,Thái Nguyên,Miền Bắc,Dây chuyền,Bạch kim,20,10.62,0,Cưới hỏi,20491000.0,22119000.0,4.6,Có,Không,Có,Thẻ tín dụng,Giao hàng tiêu chuẩn,Online,27,Hàng quý,79.0,110651000.0,135647061.0,6254124.0,0,1,Khách hàng VIP (giá trị cao nhất),0.13333817504546858
1834,21,Nữ,Nghệ An,Miền Trung,Bông tai,Vàng đính đá quý,18,1.51,1,Quà tặng gia đình,8044000.0,24314000.0,3.7,Có,Không,Không,Thẻ tín dụng,Giao hàng nhanh,Tại cửa hàng,2,Hàng quý,77.0,3218000.0,3745108.0,3929968.0,0,0,Khách hàng phổ thông / mới,0.2812951061649432
1835,37,Nữ,Gia Lai,Miền Trung,Dây chuyền,Vàng 24K,24,12.17,0,Sinh nhật,26805000.0,19097000.0,3.9,Không,Không,Không,Ví điện tử (Momo/ZaloPay),Giao hàng tiêu chuẩn,Tại cửa hàng,24,Hàng tháng,28.0,128664000.0,125164339.0,28209988.0,0,1,Khách hàng VIP (giá trị cao nhất),0.530429076881791
1836,24,Nam,Đồng Nai,Miền Nam,Nhẫn,Bạch kim,20,1.52,0,Quà tặng người yêu,2991000.0,20418000.0,3.3,Có,Không,Không,Ví điện tử (Momo/ZaloPay),Giao hàng nhanh,Online,11,Nửa năm một lần,201.0,6580000.0,7476196.0,447933.0,1,0,Khách hàng phổ thông / mới,0.6987648982493829
1837,63,Nữ,Thanh Hóa,Miền Trung,Dây chuyền,Vàng 24K,24,10.71,0,Sinh nhật,21480000.0,27066000.0,2.9,Không,Có,Có,Ví điện tử (Momo/ZaloPay),Giao hàng nhanh,Online,11,Nửa năm một lần,173.0,47256000.0,43277045.0,4199695.0,0,0,Khách hàng phổ thông / mới,0.2790012793841059
1838,32,Nam,Quảng Ngãi,Miền Trung,Bông tai,Bạc,5,5.13,0,Tự mua sắm,630000.0,20302000.0,2.7,Có,Không,Không,Ví điện tử (Momo/ZaloPay),Giao hàng tiêu chuẩn,Tại cửa hàng,25,Hai tuần một lần,15.0,3150000.0,3448620.0,1312893.0,0,3,Khách hàng trung thành,0.5427301822474436
1839,28,Nữ,Quảng Nam,Miền Trung,Nhẫn,Vàng 18K,18,6.48,0,Lễ/Tết,9836000.0,21578000.0,3.5,Có,Có,Không,Tiền mặt,Nhận tại cửa hàng,Tại cửa hàng,9,Nửa năm một lần,209.0,17705000.0,20360750.0,1654092.0,0,0,Khách hàng phổ thông / mới,0.19564073275969604
1840,44,Nữ,Long An,Miền Nam,Bông tai,Bạc,5,1.74,0,Sinh nhật,317000.0,22766000.0,4.1,Không,Không,Không,Tiền mặt,Giao hàng nhanh,Tại cửa hàng,28,Hàng năm,357.0,1775000.0,1746955.0,28015.0,1,2,Khách hàng có nguy cơ rời bỏ,0.5979463891444431
1841,38,Nam,Đắk Lắk,Miền Trung,Bông tai,Vàng 24K,24,5.22,0,Quà tặng người yêu,11016000.0,36031000.0,4.4,Không,Không,Không,Chuyển khoản ngân hàng,Nhận tại cửa hàng,Tại cửa hàng,2,Hàng năm,358.0,4406000.0,4411728.0,821364.0,1,2,Khách hàng có nguy cơ rời bỏ,0.5847569844167291
1842,22,Nam,Vĩnh Phúc,Miền Bắc,Bông tai,Bạc,5,1.4,0,Quà tặng gia đình,300000.0,8530000.0,2.7,Không,Không,Có,Thẻ tín dụng,Giao hàng tiêu chuẩn,Tại cửa hàng,6,Nửa năm một lần,201.0,360000.0,325584.0,47690.0,1,0,Khách hàng phổ thông / mới,0.7115177862135598
1843,57,Nữ,TP. Hồ Chí Minh,Miền Nam,Dây chuyền,Vàng 24K,24,3.8,0,Tự mua sắm,8064000.0,30888000.0,3.3,Có,Có,Không,Ví điện tử (Momo/ZaloPay),Nhận tại cửa hàng,Tại cửa hàng,11,Hàng tháng,31.0,17741000.0,20157324.0,6197282.0,0,0,Khách hàng phổ thông / mới,0.35335748570229136
1844,58,Nam,Cần Thơ,Miền Nam,Lắc chân,Vàng 24K,24,10.4,0,Cưới hỏi,19421000.0,25042000.0,4.5,Có,Có,Có,Thẻ tín dụng,Nhận tại cửa hàng,Online,9,Hàng quý,99.0,34958000.0,42613802.0,6000152.0,0,0,Khách hàng phổ thông / mới,0.06860268306267074
1845,53,Nam,Đà Nẵng,Miền Trung,Nhẫn,Bạc,5,2.69,0,Lễ/Tết,556000.0,23873000.0,2.8,Có,Có,Không,Tiền mặt,Giao hàng tiêu chuẩn,Tại cửa hàng,27,Hàng tháng,32.0,3002000.0,3307303.0,518132.0,0,3,Khách hàng trung thành,0.3230995153721825
1846,47,Nữ,Tây Ninh,Miền Nam,Trang sức bộ,Vàng 18K,18,21.18,0,Quà tặng người yêu,31545000.0,12310000.0,5.0,Không,Có,Không,Tiền mặt,Giao hàng nhanh,Tại cửa hàng,28,Hàng năm,351.0,176652000.0,182923146.0,2595153.0,0,1,Khách hàng VIP (giá trị cao nhất),0.3347679309219373
1847,37,Nữ,Bà Rịa - Vũng Tàu,Miền Nam,Bông tai,Bạc,5,5.68,0,Quà tặng người yêu,746000.0,28682000.0,3.8,Không,Có,Không,Thẻ tín dụng,Giao hàng nhanh,Online,13,Nửa năm một lần,190.0,1940000.0,1876174.0,115064.0,0,0,Khách hàng phổ thông / mới,0.3802688041151003
1848,44,Nữ,Thái Nguyên,Miền Bắc,Nhẫn,Bạc,5,2.86,0,Sinh nhật,300000.0,13099000.0,4.9,Không,Có,Không,Tiền mặt,Giao hàng tiêu chuẩn,Online,18,Hàng năm,313.0,1080000.0,1112184.0,19014.0,1,2,Khách hàng có nguy cơ rời bỏ,0.507482186907941
1849,43,Nam,Đồng Nai,Miền Nam,Bông tai,Bạc,5,4.9,0,Tự mua sắm,806000.0,31282000.0,4.3,Không,Không,Có,Thẻ tín dụng,Nhận tại cửa hàng,Tại cửa hàng,11,Hai tuần một lần,14.0,1773000.0,1765199.0,1556552.0,0,0,Khách hàng phổ thông / mới,0.3996904219082816
1850,25,Nữ,Gia Lai,Miền Trung,Vòng tay,Bạc,5,13.77,0,Sinh nhật,416000.0,16087000.0,4.9,Không,Có,Không,Chuyển khoản ngân hàng,Nhận tại cửa hàng,Online,13,Hàng năm,320.0,1082000.0,1114244.0,39652.0,0,2,Khách hàng có nguy cơ rời bỏ,0.32302656323186063
1851,21,Nữ,Bình Định,Miền Trung,Dây chuyền,Bạch kim,20,7.87,0,Quà tặng gia đình,15210000.0,29961000.0,4.2,Có,Không,Không,Ví điện tử (Momo/ZaloPay),Nhận tại cửa hàng,Tại cửa hàng,11,Hàng năm,371.0,33462000.0,40097515.0,1265309.0,1,2,Khách hàng có nguy cơ rời bỏ,0.48545905514198734
1852,30,Nam,Khánh Hòa,Miền Trung,Dây chuyền,Vàng đính đá quý,18,8.51,1,Cưới hỏi,19255000.0,15226000.0,3.2,Không,Không,Không,Chuyển khoản ngân hàng,Giao hàng nhanh,Online,8,Nửa năm một lần,199.0,30808000.0,28740783.0,2365806.0,1,0,Khách hàng phổ thông / mới,0.7611940442312604
1853,39,Nữ,Long An,Miền Nam,Vòng tay,Vàng 24K,24,11.15,0,Quà tặng gia đình,21902000.0,14196000.0,4.5,Có,Có,Không,Tiền mặt,Nhận tại cửa hàng,Online,21,Hàng năm,328.0,91988000.0,112133372.0,2459623.0,0,1,Khách hàng VIP (giá trị cao nhất),0.11559634957287798
1854,25,Nam,Gia Lai,Miền Trung,Bông tai,Bạc,5,5.14,0,Quà tặng người yêu,713000.0,19203000.0,3.1,Không,Không,Không,Thẻ tín dụng,Nhận tại cửa hàng,Online,4,Hàng quý,87.0,570000.0,528504.0,207529.0,0,0,Khách hàng phổ thông / mới,0.6435265613098352
1855,23,Nữ,Bình Định,Miền Trung,Lắc chân,Bạch kim,20,10.33,0,Quà tặng người yêu,19736000.0,14562000.0,3.9,Không,Không,Không,Ví điện tử (Momo/ZaloPay),Nhận tại cửa hàng,Online,9,Hàng tháng,30.0,35525000.0,34558720.0,23179977.0,0,0,Khách hàng phổ thông / mới,0.4734322654762255
1856,58,Nam,Hà Nội,Miền Bắc,Dây chuyền,Vàng 24K,24,7.48,1,Quà tặng người yêu,19846000.0,20202000.0,3.4,Có,Không,Có,Thẻ tín dụng,Giao hàng nhanh,Online,4,Hàng tháng,27.0,15877000.0,18148999.0,23746731.0,0,0,Khách hàng phổ thông / mới,0.2340247599203964
1857,35,Nam,Đà Nẵng,Miền Trung,Bông tai,Vàng 18K,18,4.49,0,Quà tặng người yêu,7106000.0,32280000.0,4.5,Không,Không,Không,Chuyển khoản ngân hàng,Nhận tại cửa hàng,Online,14,Hàng tuần,6.0,19897000.0,20036279.0,18838271.0,0,0,Khách hàng phổ thông / mới,0.5385654196932965
1858,46,Nữ,An Giang,Miền Nam,Bông tai,Vàng 18K,18,3.66,0,Sinh nhật,5580000.0,17260000.0,4.4,Không,Không,Có,Ví điện tử (Momo/ZaloPay),Giao hàng tiêu chuẩn,Online,21,Hai tuần một lần,12.0,23436000.0,23466467.0,18407806.0,0,3,Khách hàng trung thành,0.42646416059905284
1859,43,Nữ,TP. Hồ Chí Minh,Miền Nam,Bông tai,Bạc,5,4.74,0,Lễ/Tết,300000.0,22172000.0,3.8,Không,Không,Không,Tiền mặt,Giao hàng nhanh,Online,16,Nửa năm một lần,169.0,960000.0,928416.0,41812.0,1,0,Khách hàng phổ thông / mới,0.6440127009890635
1860,53,Nam,Hà Nội,Miền Bắc,Vòng tay,Vàng 18K,18,5.75,0,Lễ/Tết,9154000.0,32695000.0,3.1,Không,Không,Có,Thẻ tín dụng,Giao hàng tiêu chuẩn,Online,22,Hàng quý,85.0,40278000.0,37345762.0,3765356.0,0,3,Khách hàng trung thành,0.4565324795529279
1861,53,Nam,Bà Rịa - Vũng Tàu,Miền Nam,Dây chuyền,Bạc,5,7.03,0,Tự mua sắm,483000.0,23222000.0,5.0,Có,Không,Không,Chuyển khoản ngân hàng,Giao hàng nhanh,Online,18,Hai tuần một lần,14.0,1739000.0,2179836.0,1221408.0,0,3,Khách hàng trung thành,0.23538750243957962
1862,32,Nữ,Cần Thơ,Miền Nam,Bông tai,Bạc,5,2.68,0,Quà tặng người yêu,300000.0,28173000.0,4.5,Không,Không,Không,Ví điện tử (Momo/ZaloPay),Nhận tại cửa hàng,Tại cửa hàng,11,Hai tuần một lần,15.0,660000.0,664620.0,527573.0,0,0,Khách hàng phổ thông / mới,0.4590627000232455
1863,58,Nữ,Bình Định,Miền Trung,Dây chuyền,Bạc,5,10.16,0,Lễ/Tết,691000.0,25747000.0,3.5,Không,Có,Không,Ví điện tử (Momo/ZaloPay),Giao hàng tiêu chuẩn,Online,28,Nửa năm một lần,177.0,3870000.0,3676500.0,146474.0,0,3,Khách hàng trung thành,0.33725775222230003
1864,35,Nữ,Hà Nội,Miền Bắc,Nhẫn,Vàng 18K,18,2.85,0,Sinh nhật,4483000.0,27465000.0,2.8,Không,Có,Không,Thẻ tín dụng,Nhận tại cửa hàng,Tại cửa hàng,19,Hàng năm,319.0,17035000.0,15503554.0,402623.0,1,2,Khách hàng có nguy cơ rời bỏ,0.6257740822859031
1865,58,Nam,Đắk Lắk,Miền Trung,Vòng tay,Bạch kim,20,12.98,0,Tự mua sắm,24460000.0,21381000.0,3.4,Không,Không,Có,Thẻ tín dụng,Giao hàng tiêu chuẩn,Online,2,Hàng quý,85.0,9784000.0,9239031.0,9081551.0,0,0,Khách hàng phổ thông / mới,0.4162610587424752
1866,37,Nữ,Hà Nội,Miền Bắc,Dây chuyền,Bạc,5,14.76,0,Tự mua sắm,714000.0,24663000.0,2.8,Không,Không,Không,Ví điện tử (Momo/ZaloPay),Nhận tại cửa hàng,Tại cửa hàng,5,Nửa năm một lần,171.0,714000.0,649811.0,131133.0,1,0,Khách hàng phổ thông / mới,0.7643227279831466
1867,23,Nam,Lào Cai,Miền Bắc,Nhẫn,Vàng 24K,24,1.78,0,Quà tặng người yêu,4032000.0,32407000.0,4.0,Không,Không,Không,Ví điện tử (Momo/ZaloPay),Nhận tại cửa hàng,Tại cửa hàng,21,Hàng năm,373.0,16934000.0,16569919.0,316450.0,0,2,Khách hàng có nguy cơ rời bỏ,0.5140723990435642
1868,54,Nam,Quảng Ngãi,Miền Trung,Nhẫn,Vàng 24K,24,4.77,0,Sinh nhật,9015000.0,19294000.0,2.8,Không,Có,Có,Ví điện tử (Momo/ZaloPay),Giao hàng tiêu chuẩn,Tại cửa hàng,1,Nửa năm một lần,190.0,1803000.0,1640910.0,1631163.0,1,0,Khách hàng phổ thông / mới,0.5623993700247989
1869,19,Nữ,An Giang,Miền Nam,Bông tai,Vàng 18K,18,1.69,0,Quà tặng gia đình,2928000.0,22438000.0,3.6,Có,Có,Không,Chuyển khoản ngân hàng,Giao hàng tiêu chuẩn,Tại cửa hàng,6,Nửa năm một lần,155.0,3514000.0,4065347.0,647652.0,1,0,Khách hàng phổ thông / mới,0.44199808968978155
1870,55,Nữ,Thanh Hóa,Miền Trung,Trang sức bộ,Vàng đính đá quý,18,24.56,1,Cưới hỏi,44895000.0,16918000.0,4.2,Có,Không,Có,Thẻ tín dụng,Nhận tại cửa hàng,Tại cửa hàng,3,Nửa năm một lần,184.0,26937000.0,32278607.0,5016023.0,0,0,Khách hàng phổ thông / mới,0.15012238335561043
1871,20,Nữ,Long An,Miền Nam,Dây chuyền,Vàng 18K,18,5.89,0,Tự mua sắm,9210000.0,26825000.0,3.6,Không,Không,Không,Thẻ tín dụng,Giao hàng nhanh,Online,25,Hàng năm,337.0,46050000.0,44009985.0,1012374.0,1,2,Khách hàng có nguy cơ rời bỏ,0.648580136221577
1872,27,Nữ,Tiền Giang,Miền Nam,Nhẫn,Vàng 24K,24,7.37,0,Quà tặng gia đình,13985000.0,8294000.0,4.7,Không,Có,Không,Chuyển khoản ngân hàng,Giao hàng nhanh,Online,4,Hàng tháng,32.0,11188000.0,11393859.0,9187508.0,0,0,Khách hàng phổ thông / mới,0.3053990750362226
1873,46,Nữ,Hà Nội,Miền Bắc,Lắc chân,Vàng 24K,24,5.86,0,Cưới hỏi,12890000.0,19051000.0,3.1,Không,Không,Không,Thẻ tín dụng,Giao hàng tiêu chuẩn,Tại cửa hàng,7,Nửa năm một lần,173.0,18046000.0,16732251.0,2650702.0,1,0,Khách hàng phổ thông / mới,0.7407529715983787
1874,63,Nữ,Hải Dương,Miền Bắc,Dây chuyền,Vàng 24K,24,14.5,0,Sinh nhật,31271000.0,29188000.0,3.8,Không,Không,Không,Chuyển khoản ngân hàng,Nhận tại cửa hàng,Online,30,Hàng quý,101.0,187626000.0,181453105.0,11172171.0,0,1,Khách hàng VIP (giá trị cao nhất),0.5348699809486305
1875,37,Nữ,TP. Hồ Chí Minh,Miền Nam,Trang sức bộ,Vàng 18K,18,10.1,0,Sinh nhật,16755000.0,19515000.0,4.8,Có,Không,Có,Chuyển khoản ngân hàng,Giao hàng tiêu chuẩn,Online,4,Hàng tháng,29.0,13404000.0,16616939.0,13929056.0,0,0,Khách hàng phổ thông / mới,0.13904027354497742
1876,23,Nữ,Bình Dương,Miền Nam,Vòng tay,Bạch kim,20,17.48,0,Lễ/Tết,32567000.0,7206000.0,3.4,Không,Không,Không,Thẻ tín dụng,Giao hàng tiêu chuẩn,Tại cửa hàng,8,Nửa năm một lần,174.0,52107000.0,49204640.0,5199790.0,1,0,Khách hàng phổ thông / mới,0.6825515944541899
1877,29,Nữ,Nghệ An,Miền Trung,Nhẫn,Vàng 18K,18,3.2,0,Sinh nhật,4964000.0,14707000.0,3.7,Không,Có,Không,Thẻ tín dụng,Giao hàng nhanh,Tại cửa hàng,25,Hàng năm,325.0,24820000.0,23861948.0,367018.0,0,2,Khách hàng có nguy cơ rời bỏ,0.4650977996149532
1878,61,Nữ,TP. Hồ Chí Minh,Miền Nam,Vòng tay,Bạch kim,20,8.02,0,Sinh nhật,13282000.0,17229000.0,4.8,Không,Có,Không,Ví điện tử (Momo/ZaloPay),Nhận tại cửa hàng,Online,5,Hàng năm,329.0,13282000.0,13602096.0,1164271.0,0,2,Khách hàng có nguy cơ rời bỏ,0.22459399102093078
1879,52,Nam,Gia Lai,Miền Trung,Dây chuyền,Vàng 24K,24,13.61,0,Cưới hỏi,27324000.0,32493000.0,3.7,Không,Có,Có,Thẻ tín dụng,Giao hàng nhanh,Tại cửa hàng,7,Hàng năm,384.0,38254000.0,36777396.0,2016327.0,0,2,Khách hàng có nguy cơ rời bỏ,0.2148195202207396
1880,22,Nam,TP. Hồ Chí Minh,Miền Nam,Bông tai,Vàng 18K,18,2.52,0,Quà tặng gia đình,3934000.0,25209000.0,4.7,Không,Có,Không,Thẻ tín dụng,Nhận tại cửa hàng,Tại cửa hàng,24,Nửa năm một lần,186.0,18883000.0,19230447.0,723563.0,1,3,Khách hàng trung thành,0.4847665633343198
1881,36,Nữ,TP. Hồ Chí Minh,Miền Nam,Nhẫn,Bạch kim,20,5.3,1,Lễ/Tết,13769000.0,26763000.0,4.9,Không,Có,Không,Thẻ tín dụng,Giao hàng nhanh,Online,1,Hàng quý,91.0,2754000.0,2836069.0,5609834.0,0,0,Khách hàng phổ thông / mới,0.23430193967855695
1882,30,Nam,Hà Nội,Miền Bắc,Lắc chân,Bạc,5,9.63,0,Tự mua sắm,604000.0,11532000.0,3.1,Không,Không,Có,Thẻ tín dụng,Giao hàng tiêu chuẩn,Online,11,Hàng năm,325.0,1329000.0,1232249.0,69760.0,1,2,Khách hàng có nguy cơ rời bỏ,0.6458459071147578
1883,26,Nữ,Quảng Ninh,Miền Bắc,Bông tai,Vàng đính đá quý,18,3.1,1,Quà tặng gia đình,7883000.0,19936000.0,4.5,Không,Không,Không,Chuyển khoản ngân hàng,Giao hàng tiêu chuẩn,Tại cửa hàng,8,Hàng tháng,26.0,12613000.0,12701291.0,8175366.0,0,0,Khách hàng phổ thông / mới,0.5448718612556107
1884,58,Nữ,Bắc Ninh,Miền Bắc,Lắc chân,Vàng 18K,18,3.91,0,Tự mua sắm,5531000.0,32720000.0,4.1,Không,Có,Không,Ví điện tử (Momo/ZaloPay),Nhận tại cửa hàng,Tại cửa hàng,7,Hai tuần một lần,14.0,7743000.0,7620661.0,11405792.0,0,0,Khách hàng phổ thông / mới,0.2947014768043609
1885,47,Nam,Tiền Giang,Miền Nam,Lắc chân,Bạc,5,11.3,0,Quà tặng gia đình,372000.0,27438000.0,5.0,Có,Không,Không,Thẻ tín dụng,Giao hàng nhanh,Online,12,Hàng quý,102.0,893000.0,1119376.0,76258.0,0,0,Khách hàng phổ thông / mới,0.28794750534894653
1886,26,Nam,An Giang,Miền Nam,Nhẫn,Bạc,5,5.71,0,Quà tặng người yêu,300000.0,16350000.0,4.0,Không,Không,Có,Tiền mặt,Giao hàng nhanh,Tại cửa hàng,7,Nửa năm một lần,178.0,420000.0,410970.0,43227.0,0,0,Khách hàng phổ thông / mới,0.38593952125364156
1887,49,Nữ,Đồng Nai,Miền Nam,Vòng tay,Vàng 24K,24,18.39,0,Cưới hỏi,40268000.0,26785000.0,4.5,Không,Không,Có,Ví điện tử (Momo/ZaloPay),Giao hàng nhanh,Tại cửa hàng,24,Nửa năm một lần,204.0,193286000.0,194639002.0,6950217.0,0,1,Khách hàng VIP (giá trị cao nhất),0.35219317576914705
1888,37,Nữ,Hải Phòng,Miền Bắc,Lắc chân,Bạch kim,20,9.91,0,Lễ/Tết,18786000.0,11574000.0,3.4,Có,Không,Không,Tiền mặt,Giao hàng tiêu chuẩn,Tại cửa hàng,5,Hàng năm,416.0,18786000.0,21474277.0,1748730.0,1,2,Khách hàng có nguy cơ rời bỏ,0.6546149759550645
1889,20,Nữ,Đắk Lắk,Miền Trung,Dây chuyền,Vàng 18K,18,12.29,0,Sinh nhật,17525000.0,13543000.0,4.0,Không,Có,Có,Ví điện tử (Momo/ZaloPay),Giao hàng nhanh,Online,12,Hàng tuần,6.0,42060000.0,41155710.0,40893739.0,0,0,Khách hàng phổ thông / mới,0.17808709412229853
1890,39,Nữ,Thái Nguyên,Miền Bắc,Nhẫn,Vàng 24K,24,5.33,0,Cưới hỏi,10925000.0,7501000.0,4.4,Không,Có,Không,Tiền mặt,Giao hàng tiêu chuẩn,Tại cửa hàng,3,Hàng năm,411.0,6555000.0,6563522.0,712403.0,0,2,Khách hàng có nguy cơ rời bỏ,0.31403067935765383
1891,26,Nam,Thanh Hóa,Miền Trung,Dây chuyền,Bạch kim,20,3.07,0,Tự mua sắm,6896000.0,19117000.0,4.9,Không,Không,Không,Thẻ tín dụng,Nhận tại cửa hàng,Tại cửa hàng,4,Nửa năm một lần,194.0,5517000.0,5681407.0,1061323.0,1,0,Khách hàng phổ thông / mới,0.6132789693405908
1892,29,Nữ,Hưng Yên,Miền Bắc,Dây chuyền,Bạc,5,13.59,0,Tự mua sắm,444000.0,24517000.0,3.8,Không,Có,Có,Ví điện tử (Momo/ZaloPay),Nhận tại cửa hàng,Online,21,Hàng năm,321.0,1865000.0,1803642.0,43588.0,0,2,Khách hàng có nguy cơ rời bỏ,0.19291105313295764
1893,60,Nam,Cần Thơ,Miền Nam,Lắc chân,Vàng đính đá quý,18,10.48,1,Cưới hỏi,22825000.0,15196000.0,2.7,Có,Không,Không,Tiền mặt,Nhận tại cửa hàng,Tại cửa hàng,14,Hàng quý,96.0,63910000.0,69968668.0,6093357.0,0,3,Khách hàng trung thành,0.3705330689024214
1894,52,Nữ,Bắc Ninh,Miền Bắc,Vòng tay,Vàng đính đá quý,18,15.91,1,Sinh nhật,29276000.0,20819000.0,4.9,Có,Có,Không,Tiền mặt,Giao hàng tiêu chuẩn,Tại cửa hàng,14,Nửa năm một lần,182.0,81973000.0,102187542.0,5194066.0,1,3,Khách hàng trung thành,0.4768366240658786
1895,24,Nữ,TP. Hồ Chí Minh,Miền Nam,Bông tai,Vàng 18K,18,5.39,0,Sinh nhật,8247000.0,13906000.0,4.0,Không,Không,Không,Chuyển khoản ngân hàng,Giao hàng tiêu chuẩn,Online,9,Nửa năm một lần,162.0,14845000.0,14525832.0,1396964.0,1,0,Khách hàng phổ thông / mới,0.503850307763835
1896,58,Nữ,Tây Ninh,Miền Nam,Trang sức bộ,Bạc,5,14.61,0,Quà tặng người yêu,1227000.0,17683000.0,2.5,Không,Không,Có,Tiền mặt,Giao hàng tiêu chuẩn,Tại cửa hàng,5,Hàng quý,83.0,1227000.0,1095711.0,442340.0,0,0,Khách hàng phổ thông / mới,0.4050843484763366
1897,45,Nữ,TP. Hồ Chí Minh,Miền Nam,Dây chuyền,Vàng đính đá quý,18,6.38,1,Cưới hỏi,12882000.0,20389500.0,3.8,Không,Không,Có,Tiền mặt,Nhận tại cửa hàng,Tại cửa hàng,27,Hàng tháng,32.0,69563000.0,67274377.0,13264408.0,0,3,Khách hàng trung thành,0.37103602094739024
1898,59,Nam,Hà Nội,Miền Bắc,Bông tai,Vàng 18K,18,1.79,0,Sinh nhật,2713000.0,30570000.0,4.8,Có,Có,Không,Chuyển khoản ngân hàng,Nhận tại cửa hàng,Online,24,Hai tuần một lần,13.0,13022000.0,16143373.0,6268007.0,0,3,Khách hàng trung thành,0.1852633276627181
1899,53,Nam,An Giang,Miền Nam,Nhẫn,Vàng 18K,18,5.7,1,Tự mua sắm,10163000.0,16683000.0,5.0,Có,Không,Không,Ví điện tử (Momo/ZaloPay),Nhận tại cửa hàng,Tại cửa hàng,14,Hai tuần một lần,16.0,28456000.0,35669596.0,17558816.0,0,0,Khách hàng phổ thông / mới,0.2607665187515443
1900,34,Nữ,TP. Hồ Chí Minh,Miền Nam,Nhẫn,Vàng đính đá quý,18,4.35,1,Sinh nhật,9826000.0,18636000.0,3.3,Không,Không,Không,Ví điện tử (Momo/ZaloPay),Giao hàng nhanh,Online,1,Hàng quý,99.0,1965000.0,1844349.0,2918829.0,0,0,Khách hàng phổ thông / mới,0.5608870444257427
1901,43,Nữ,Đà Nẵng,Miền Trung,Nhẫn,Vàng 24K,24,2.17,0,Sinh nhật,5097000.0,17244000.0,4.5,Không,Không,Không,Ví điện tử (Momo/ZaloPay),Giao hàng tiêu chuẩn,Online,27,Nửa năm một lần,185.0,27524000.0,27716668.0,813394.0,1,3,Khách hàng trung thành,0.576702120494007
1902,43,Nam,TP. Hồ Chí Minh,Miền Nam,Dây chuyền,Vàng đính đá quý,18,9.91,1,Tự mua sắm,18416000.0,23128000.0,3.6,Không,Không,Không,Chuyển khoản ngân hàng,Nhận tại cửa hàng,Online,13,Nửa năm một lần,189.0,47882000.0,45760827.0,2728485.0,1,3,Khách hàng trung thành,0.6288803502071327
1903,52,Nữ,Bà Rịa - Vũng Tàu,Miền Nam,Dây chuyền,Vàng 18K,18,7.07,0,Quà tặng người yêu,11204000.0,38895000.0,3.5,Không,Không,Không,Chuyển khoản ngân hàng,Giao hàng nhanh,Tại cửa hàng,6,Nửa năm một lần,205.0,13445000.0,12772750.0,1563231.0,1,0,Khách hàng phổ thông / mới,0.60499533863514
1904,29,Nữ,Quảng Nam,Miền Trung,Vòng tay,Vàng đính đá quý,18,12.36,1,Sinh nhật,23712000.0,39585000.0,4.4,Không,Không,Không,Ví điện tử (Momo/ZaloPay),Giao hàng nhanh,Tại cửa hàng,4,Hàng tuần,7.0,18970000.0,18994661.0,91605846.0,0,0,Khách hàng phổ thông / mới,0.42738156442517466
1905,33,Nam,Khánh Hòa,Miền Trung,Dây chuyền,Bạc,5,6.14,0,Quà tặng người yêu,587000.0,18790000.0,3.2,Không,Không,Có,Chuyển khoản ngân hàng,Giao hàng tiêu chuẩn,Online,30,Hàng tháng,33.0,3522000.0,3285674.0,587515.0,0,3,Khách hàng trung thành,0.4126357649766922
1906,29,Nam,Đà Nẵng,Miền Trung,Nhẫn,Bạc,5,2.55,0,Tự mua sắm,300000.0,23008000.0,3.6,Không,Không,Không,Tiền mặt,Giao hàng nhanh,Online,1,Nửa năm một lần,179.0,60000.0,57342.0,47605.0,1,0,Khách hàng phổ thông / mới,0.5553871610374657
1907,32,Nữ,Hà Nội,Miền Bắc,Bông tai,Bạch kim,20,3.25,0,Quà tặng người yêu,6075000.0,27002000.0,3.1,Có,Không,Có,Tiền mặt,Nhận tại cửa hàng,Online,12,Nửa năm một lần,202.0,14580000.0,16364592.0,1015414.0,1,0,Khách hàng phổ thông / mới,0.5513788835003508
1908,25,Nữ,Đồng Nai,Miền Nam,Nhẫn,Vàng 24K,24,2.97,1,Sinh nhật,9447000.0,28642000.0,2.9,Không,Không,Không,Chuyển khoản ngân hàng,Nhận tại cửa hàng,Online,17,Nửa năm một lần,158.0,32120000.0,29415496.0,1685953.0,1,3,Khách hàng trung thành,0.7183158901155936
1909,19,Nữ,Bắc Ninh,Miền Bắc,Lắc chân,Bạc,5,6.65,0,Tự mua sắm,536000.0,23946000.0,3.4,Có,Có,Không,Ví điện tử (Momo/ZaloPay),Giao hàng tiêu chuẩn,Online,9,Nửa năm một lần,194.0,965000.0,1103092.0,100389.0,0,0,Khách hàng phổ thông / mới,0.23301594485438423
1910,63,Nữ,Nghệ An,Miền Trung,Trang sức bộ,Vàng đính đá quý,18,19.56,1,Lễ/Tết,32814000.0,29879000.0,4.9,Có,Có,Không,Chuyển khoản ngân hàng,Giao hàng tiêu chuẩn,Online,5,Hàng năm,399.0,32814000.0,40905932.0,2631376.0,0,2,Khách hàng có nguy cơ rời bỏ,0.14602093514717185
1911,21,Nữ,Nghệ An,Miền Trung,Bông tai,Vàng đính đá quý,18,5.7,1,Tự mua sắm,11262000.0,22506000.0,3.5,Có,Không,Có,Thẻ tín dụng,Nhận tại cửa hàng,Tại cửa hàng,20,Hàng năm,377.0,45048000.0,51805200.0,878871.0,0,2,Khách hàng có nguy cơ rời bỏ,0.14780446863607477
1912,60,Nữ,Hưng Yên,Miền Bắc,Vòng tay,Vàng đính đá quý,18,7.8,1,Quà tặng gia đình,17479000.0,17553000.0,4.2,Có,Không,Không,Thẻ tín dụng,Giao hàng tiêu chuẩn,Tại cửa hàng,3,Nửa năm một lần,171.0,10487000.0,12566572.0,3313617.0,0,0,Khách hàng phổ thông / mới,0.3498528290804845
1913,18,Nữ,Huế,Miền Trung,Bông tai,Bạc,5,2.43,0,Tự mua sắm,401000.0,27136000.0,3.2,Có,Có,Không,Chuyển khoản ngân hàng,Giao hàng nhanh,Online,30,Hàng tháng,27.0,2406000.0,2717096.0,319571.0,0,3,Khách hàng trung thành,0.2613897360792222
1914,55,Nữ,Quảng Ngãi,Miền Trung,Bông tai,Bạc,5,4.96,0,Cưới hỏi,546000.0,22631000.0,4.7,Có,Không,Không,Ví điện tử (Momo/ZaloPay),Giao hàng nhanh,Online,15,Hàng tuần,8.0,1638000.0,2019326.0,1305784.0,0,0,Khách hàng phổ thông / mới,0.2562011923669355
1915,33,Nữ,Vĩnh Phúc,Miền Bắc,Trang sức bộ,Bạc,5,17.4,0,Cưới hỏi,1310000.0,22685000.0,4.1,Có,Có,Không,Thẻ tín dụng,Giao hàng nhanh,Tại cửa hàng,23,Nửa năm một lần,162.0,6026000.0,7179376.0,190458.0,0,3,Khách hàng trung thành,0.17487771734079816
1916,42,Nữ,Quảng Ninh,Miền Bắc,Trang sức bộ,Bạc,5,22.01,0,Quà tặng người yêu,1799000.0,11400000.0,4.9,Có,Có,Không,Chuyển khoản ngân hàng,Nhận tại cửa hàng,Tại cửa hàng,26,Hàng quý,99.0,9355000.0,11661943.0,559178.0,0,3,Khách hàng trung thành,0.19690848837139907
1917,31,Nữ,Bà Rịa - Vũng Tàu,Miền Nam,Dây chuyền,Bạc,5,12.14,0,Cưới hỏi,899000.0,14842000.0,3.3,Có,Không,Không,Thẻ tín dụng,Nhận tại cửa hàng,Online,24,Hàng tháng,30.0,4315000.0,4902703.0,1179356.0,0,3,Khách hàng trung thành,0.5571326021967294
1918,41,Nữ,Kiên Giang,Miền Nam,Vòng tay,Vàng 24K,24,5.07,0,Quà tặng người yêu,11416000.0,18136000.0,3.8,Không,Không,Có,Tiền mặt,Giao hàng nhanh,Tại cửa hàng,15,Hàng tháng,29.0,34248000.0,33121241.0,16552815.0,0,3,Khách hàng trung thành,0.3939325938854548
1919,39,Nữ,Đà Nẵng,Miền Trung,Lắc chân,Vàng 24K,24,11.61,0,Cưới hỏi,25778000.0,24400000.0,3.0,Không,Không,Không,Thẻ tín dụng,Giao hàng tiêu chuẩn,Online,3,Hàng năm,336.0,15467000.0,14252840.0,2565945.0,1,2,Khách hàng có nguy cơ rời bỏ,0.7473810392455849
1920,43,Nữ,Lào Cai,Miền Bắc,Nhẫn,Bạc,5,4.51,0,Tự mua sắm,507000.0,33519000.0,2.8,Không,Không,Không,Tiền mặt,Nhận tại cửa hàng,Online,3,Hai tuần một lần,12.0,304000.0,276670.0,1381768.0,0,0,Khách hàng phổ thông / mới,0.7140060157150468
1921,36,Nữ,Hà Nội,Miền Bắc,Vòng tay,Vàng 18K,18,16.39,0,Tự mua sắm,25624000.0,25982000.0,4.0,Có,Không,Không,Chuyển khoản ngân hàng,Nhận tại cửa hàng,Tại cửa hàng,11,Nửa năm một lần,204.0,56373000.0,66773818.0,2546610.0,0,3,Khách hàng trung thành,0.27336830483955926
1922,43,Nữ,Hà Nội,Miền Bắc,Bông tai,Vàng 18K,18,5.6,0,Cưới hỏi,9013000.0,19670000.0,4.5,Không,Không,Không,Tiền mặt,Nhận tại cửa hàng,Online,10,Hàng năm,376.0,18026000.0,18152182.0,648878.0,1,2,Khách hàng có nguy cơ rời bỏ,0.594180893539211
1923,57,Nữ,Nghệ An,Miền Trung,Bông tai,Vàng 24K,24,5.38,0,Sinh nhật,11870000.0,14871000.0,3.0,Không,Không,Không,Thẻ tín dụng,Giao hàng nhanh,Tại cửa hàng,27,Nửa năm một lần,193.0,64098000.0,59066307.0,1583444.0,1,3,Khách hàng trung thành,0.7220639835518666
1924,38,Nữ,Tiền Giang,Miền Nam,Dây chuyền,Bạch kim,20,5.64,0,Quà tặng người yêu,9136000.0,29379000.0,4.3,Có,Có,Không,Ví điện tử (Momo/ZaloPay),Giao hàng nhanh,Tại cửa hàng,14,Hai tuần một lần,16.0,25581000.0,30830221.0,15215679.0,0,0,Khách hàng phổ thông / mới,0.17278409654894067
1925,35,Nữ,TP. Hồ Chí Minh,Miền Nam,Dây chuyền,Vàng đính đá quý,18,9.66,1,Sinh nhật,17725000.0,22698000.0,4.2,Không,Có,Không,Tiền mặt,Giao hàng tiêu chuẩn,Tại cửa hàng,30,Hàng năm,334.0,106350000.0,105275865.0,1543881.0,1,1,Khách hàng VIP (giá trị cao nhất),0.561632067757815
1926,24,Nữ,Thanh Hóa,Miền Trung,Nhẫn,Bạc,5,4.17,0,Sinh nhật,423000.0,6000000.0,3.7,Không,Có,Không,Thẻ tín dụng,Giao hàng nhanh,Online,9,Nửa năm một lần,158.0,761000.0,731625.0,73491.0,1,0,Khách hàng phổ thông / mới,0.49370444963692517
1927,35,Nữ,Kiên Giang,Miền Nam,Vòng tay,Vàng đính đá quý,18,12.99,1,Cưới hỏi,24464000.0,27762000.0,4.4,Không,Có,Có,Chuyển khoản ngân hàng,Giao hàng nhanh,Online,30,Hàng tháng,30.0,146784000.0,146974819.0,15748114.0,0,1,Khách hàng VIP (giá trị cao nhất),0.24955613826480796
1928,24,Nam,Đà Nẵng,Miền Trung,Trang sức bộ,Vàng đính đá quý,18,29.49,1,Cưới hỏi,51318000.0,22421000.0,4.0,Không,Có,Không,Ví điện tử (Momo/ZaloPay),Giao hàng tiêu chuẩn,Tại cửa hàng,11,Nửa năm một lần,178.0,112900000.0,110472650.0,9813476.0,1,1,Khách hàng VIP (giá trị cao nhất),0.5694091063319778
1929,26,Nữ,Hưng Yên,Miền Bắc,Lắc chân,Vàng 24K,24,6.19,0,Quà tặng gia đình,12034000.0,6000000.0,4.9,Không,Có,Không,Ví điện tử (Momo/ZaloPay),Giao hàng nhanh,Online,30,Hàng tháng,26.0,72204000.0,74355679.0,11204204.0,0,3,Khách hàng trung thành,0.28065460113380464
1930,63,Nữ,Huế,Miền Trung,Dây chuyền,Vàng 24K,24,8.73,0,Sinh nhật,16948000.0,26499000.0,4.4,Có,Có,Không,Tiền mặt,Giao hàng nhanh,Tại cửa hàng,16,Nửa năm một lần,180.0,54234000.0,65737031.0,2946309.0,0,3,Khách hàng trung thành,0.13731973772471226
1931,22,Nữ,Nam Định,Miền Bắc,Dây chuyền,Vàng 24K,24,10.3,0,Tự mua sắm,22689000.0,20275000.0,4.7,Có,Không,Có,Tiền mặt,Nhận tại cửa hàng,Tại cửa hàng,1,Hàng năm,370.0,4538000.0,5594446.0,2526454.0,0,2,Khách hàng có nguy cơ rời bỏ,0.16832782319766912
1932,41,Nữ,Bà Rịa - Vũng Tàu,Miền Nam,Bông tai,Vàng 24K,24,2.35,0,Quà tặng người yêu,4940000.0,11611000.0,3.4,Không,Có,Không,Ví điện tử (Momo/ZaloPay),Giao hàng tiêu chuẩn,Online,29,Hàng quý,80.0,28652000.0,27056084.0,1545931.0,0,3,Khách hàng trung thành,0.5098094975348727
1933,58,Nữ,Thanh Hóa,Miền Trung,Bông tai,Bạc,5,4.03,0,Quà tặng người yêu,419000.0,36113000.0,4.5,Không,Có,Không,Chuyển khoản ngân hàng,Giao hàng tiêu chuẩn,Online,7,Hàng năm,386.0,587000.0,591109.0,17733.0,0,2,Khách hàng có nguy cơ rời bỏ,0.3113579473904558
1934,63,Nữ,TP. Hồ Chí Minh,Miền Nam,Vòng tay,Vàng 18K,18,7.23,0,Cưới hỏi,10244000.0,25211000.0,5.0,Không,Có,Không,Ví điện tử (Momo/ZaloPay),Giao hàng nhanh,Online,25,Hàng quý,86.0,51220000.0,53038310.0,3389522.0,0,3,Khách hàng trung thành,0.2570033120396704
1935,25,Nam,Nghệ An,Miền Trung,Dây chuyền,Vàng đính đá quý,18,10.46,1,Quà tặng gia đình,21486000.0,16467000.0,2.9,Không,Có,Không,Tiền mặt,Nhận tại cửa hàng,Tại cửa hàng,25,Hàng năm,372.0,107430000.0,98384394.0,2076124.0,1,1,Khách hàng VIP (giá trị cao nhất),0.703286655000246
1936,25,Nữ,An Giang,Miền Nam,Nhẫn,Bạc,5,2.43,1,Quà tặng người yêu,3906000.0,14372000.0,3.8,Không,Không,Không,Tiền mặt,Giao hàng tiêu chuẩn,Online,7,Nửa năm một lần,189.0,5468000.0,5288103.0,838552.0,1,0,Khách hàng phổ thông / mới,0.5789773126351832
1937,35,Nam,TP. Hồ Chí Minh,Miền Nam,Bông tai,Vàng 18K,18,4.88,0,Cưới hỏi,7744000.0,19113000.0,4.7,Có,Không,Không,Tiền mặt,Nhận tại cửa hàng,Tại cửa hàng,18,Hai tuần một lần,13.0,27878000.0,34367998.0,13915630.0,0,3,Khách hàng trung thành,0.3375865920933542
1938,44,Nữ,Quảng Nam,Miền Trung,Vòng tay,Vàng đính đá quý,18,7.91,1,Quà tặng gia đình,17442000.0,19881000.0,3.5,Không,Không,Có,Tiền mặt,Nhận tại cửa hàng,Tại cửa hàng,24,Hàng năm,391.0,83722000.0,79535900.0,1457909.0,0,2,Khách hàng có nguy cơ rời bỏ,0.35522428487796276
1939,64,Nữ,Bắc Ninh,Miền Bắc,Dây chuyền,Vàng đính đá quý,18,10.75,1,Sinh nhật,23352000.0,26224000.0,3.8,Có,Không,Không,Ví điện tử (Momo/ZaloPay),Giao hàng tiêu chuẩn,Online,29,Hàng năm,382.0,135442000.0,158561949.0,1680325.0,0,1,Khách hàng VIP (giá trị cao nhất),0.21686714598326234
1940,27,Nữ,An Giang,Miền Nam,Trang sức bộ,Bạch kim,20,24.53,0,Cưới hỏi,46337000.0,18294000.0,4.4,Không,Không,Có,Ví điện tử (Momo/ZaloPay),Giao hàng nhanh,Online,12,Hàng quý,78.0,111209000.0,111353572.0,17482046.0,0,1,Khách hàng VIP (giá trị cao nhất),0.26943532433323775
1941,25,Nam,Bình Định,Miền Trung,Bông tai,Bạch kim,20,3.13,0,Tự mua sắm,6292000.0,16953000.0,4.6,Không,Không,Không,Thẻ tín dụng,Giao hàng tiêu chuẩn,Online,13,Nửa năm một lần,162.0,16359000.0,16566759.0,1719792.0,1,0,Khách hàng phổ thông / mới,0.6282891120344503
1942,30,Nam,Hưng Yên,Miền Bắc,Trang sức bộ,Vàng đính đá quý,18,26.14,1,Sinh nhật,47217000.0,21255000.0,3.0,Có,Có,Không,Tiền mặt,Giao hàng nhanh,Online,25,Hàng tháng,26.0,236085000.0,263352817.0,39742113.0,0,1,Khách hàng VIP (giá trị cao nhất),0.2274690974039207
1943,59,Nữ,Bà Rịa - Vũng Tàu,Miền Nam,Vòng tay,Bạc,5,17.7,0,Quà tặng gia đình,812000.0,18830000.0,3.5,Có,Có,Không,Tiền mặt,Nhận tại cửa hàng,Online,15,Hàng tuần,8.0,2436000.0,2801400.0,2547260.0,0,0,Khách hàng phổ thông / mới,0.21894963801979817
1944,19,Nữ,Hà Nội,Miền Bắc,Dây chuyền,Vàng đính đá quý,18,4.44,1,Quà tặng người yêu,12230000.0,18674000.0,3.5,Không,Không,Không,Thẻ tín dụng,Giao hàng nhanh,Online,19,Hàng tháng,29.0,46474000.0,44150300.0,13716807.0,0,3,Khách hàng trung thành,0.5043234013573087
1945,36,Nam,Vĩnh Phúc,Miền Bắc,Trang sức bộ,Vàng 24K,24,26.91,0,Tự mua sắm,59540000.0,30176000.0,2.9,Không,Không,Có,Chuyển khoản ngân hàng,Giao hàng nhanh,Online,4,Hàng quý,91.0,47632000.0,43621386.0,23464810.0,0,0,Khách hàng phổ thông / mới,0.515290931097796
1946,23,Nữ,Bình Định,Miền Trung,Trang sức bộ,Bạc,5,20.25,0,Cưới hỏi,1907000.0,16337000.0,2.7,Có,Không,Không,Ví điện tử (Momo/ZaloPay),Giao hàng tiêu chuẩn,Tại cửa hàng,21,Hai tuần một lần,14.0,8009000.0,8768253.0,4158501.0,0,3,Khách hàng trung thành,0.598655229060753
1947,25,Nam,Lào Cai,Miền Bắc,Trang sức bộ,Bạc,5,26.85,1,Lễ/Tết,6536000.0,18616000.0,4.4,Có,Có,Không,Chuyển khoản ngân hàng,Giao hàng nhanh,Tại cửa hàng,11,Hàng tháng,30.0,14379000.0,17428786.0,6898415.0,0,0,Khách hàng phổ thông / mới,0.14800501820120845
1948,62,Nữ,Quảng Nam,Miền Trung,Lắc chân,Vàng 24K,24,10.88,0,Lễ/Tết,23841000.0,16375000.0,4.6,Không,Không,Không,Ví điện tử (Momo/ZaloPay),Giao hàng nhanh,Tại cửa hàng,11,Hàng năm,354.0,52450000.0,53116115.0,1877990.0,1,2,Khách hàng có nguy cơ rời bỏ,0.554113272304656
1949,18,Nữ,Hưng Yên,Miền Bắc,Vòng tay,Vàng 24K,24,14.79,0,Lễ/Tết,32351000.0,20389500.0,4.9,Không,Không,Không,Ví điện tử (Momo/ZaloPay),Nhận tại cửa hàng,Online,28,Hàng quý,86.0,181166000.0,186564747.0,11831921.0,1,1,Khách hàng VIP (giá trị cao nhất),0.6089901361862918
1950,33,Nam,Bắc Ninh,Miền Bắc,Nhẫn,Vàng 24K,24,2.54,0,Lễ/Tết,6273000.0,8153000.0,3.8,Không,Không,Có,Ví điện tử (Momo/ZaloPay),Nhận tại cửa hàng,Online,22,Hàng năm,339.0,27601000.0,26692927.0,520840.0,0,2,Khách hàng có nguy cơ rời bỏ,0.38962338405192004
1951,61,Nam,Hà Nội,Miền Bắc,Dây chuyền,Vàng 18K,18,7.99,0,Tự mua sắm,12791000.0,15846000.0,5.0,Không,Không,Có,Tiền mặt,Giao hàng tiêu chuẩn,Online,17,Hàng tháng,28.0,43489000.0,45032860.0,15237959.0,0,3,Khách hàng trung thành,0.2990190848792321
1952,47,Nữ,Quảng Ninh,Miền Bắc,Trang sức bộ,Vàng 24K,24,23.74,0,Quà tặng người yêu,45604000.0,25817000.0,2.7,Không,Có,Không,Ví điện tử (Momo/ZaloPay),Giao hàng nhanh,Online,17,Hai tuần một lần,15.0,155054000.0,140230838.0,85139944.0,0,1,Khách hàng VIP (giá trị cao nhất),0.46501133873845524
1953,21,Nữ,Kiên Giang,Miền Nam,Dây chuyền,Vàng 18K,18,4.52,0,Quà tặng người yêu,6874000.0,18207000.0,3.5,Không,Có,Không,Ví điện tử (Momo/ZaloPay),Giao hàng nhanh,Tại cửa hàng,26,Nửa năm một lần,193.0,35745000.0,33957750.0,1141025.0,1,3,Khách hàng trung thành,0.5399567596494036
1954,40,Nữ,Đắk Lắk,Miền Trung,Bông tai,Bạch kim,20,4.22,0,Cưới hỏi,7105000.0,26580000.0,2.7,Có,Có,Có,Chuyển khoản ngân hàng,Giao hàng nhanh,Online,19,Hàng quý,83.0,26999000.0,29558505.0,2554545.0,0,3,Khách hàng trung thành,0.20973494458919772
1955,64,Nữ,Quảng Nam,Miền Trung,Trang sức bộ,Bạc,5,27.83,1,Sinh nhật,3671000.0,20488000.0,4.2,Có,Có,Không,Chuyển khoản ngân hàng,Giao hàng nhanh,Online,7,Hàng quý,80.0,5139000.0,6158064.0,1655652.0,0,0,Khách hàng phổ thông / mới,0.18347558258959276
1956,37,Nữ,Nghệ An,Miền Trung,Trang sức bộ,Bạc,5,29.06,0,Cưới hỏi,1867000.0,15515000.0,4.9,Có,Không,Có,Ví điện tử (Momo/ZaloPay),Nhận tại cửa hàng,Tại cửa hàng,17,Hàng năm,395.0,6348000.0,7913417.0,140486.0,0,2,Khách hàng có nguy cơ rời bỏ,0.15598571688942484
1957,43,Nam,TP. Hồ Chí Minh,Miền Nam,Trang sức bộ,Vàng 24K,24,13.0,0,Tự mua sắm,27788000.0,19724000.0,2.6,Không,Có,Có,Chuyển khoản ngân hàng,Giao hàng tiêu chuẩn,Online,19,Hàng tháng,26.0,105594000.0,94897328.0,21830279.0,0,1,Khách hàng VIP (giá trị cao nhất),0.29634162735408
1958,43,Nam,Bắc Ninh,Miền Bắc,Vòng tay,Bạch kim,20,15.58,0,Tự mua sắm,27337000.0,11538000.0,3.8,Không,Có,Không,Thẻ tín dụng,Giao hàng tiêu chuẩn,Tại cửa hàng,2,Hàng quý,91.0,10935000.0,10575238.0,11059281.0,0,0,Khách hàng phổ thông / mới,0.29636179252020345
1959,49,Nữ,Hưng Yên,Miền Bắc,Vòng tay,Vàng 24K,24,10.49,0,Quà tặng gia đình,21449000.0,15160000.0,3.8,Có,Có,Không,Chuyển khoản ngân hàng,Giao hàng tiêu chuẩn,Tại cửa hàng,4,Nửa năm một lần,181.0,17159000.0,20088041.0,2975491.0,0,0,Khách hàng phổ thông / mới,0.15234420151761632
1960,26,Nam,TP. Hồ Chí Minh,Miền Nam,Trang sức bộ,Vàng 18K,18,15.28,0,Sinh nhật,25127000.0,25948000.0,2.9,Không,Không,Có,Ví điện tử (Momo/ZaloPay),Nhận tại cửa hàng,Online,15,Hai tuần một lần,15.0,75381000.0,69033920.0,44340213.0,0,3,Khách hàng trung thành,0.5065857525982704
1961,58,Nữ,Quảng Nam,Miền Trung,Nhẫn,Bạc,5,4.91,0,Tự mua sắm,822000.0,19669000.0,4.6,Có,Có,Không,Tiền mặt,Giao hàng tiêu chuẩn,Online,18,Nửa năm một lần,198.0,2959000.0,3627438.0,111192.0,0,3,Khách hàng trung thành,0.1833086446243874
1962,65,Nữ,Bình Dương,Miền Nam,Nhẫn,Vàng đính đá quý,18,5.22,1,Tự mua sắm,13114000.0,21688000.0,3.5,Không,Có,Không,Chuyển khoản ngân hàng,Giao hàng tiêu chuẩn,Tại cửa hàng,2,Hàng quý,101.0,5246000.0,4983700.0,4858927.0,0,0,Khách hàng phổ thông / mới,0.3760346247039439
1963,24,Nam,An Giang,Miền Nam,Trang sức bộ,Vàng đính đá quý,18,21.42,1,Quà tặng gia đình,42947000.0,20312000.0,3.6,Không,Không,Không,Tiền mặt,Giao hàng nhanh,Online,14,Hàng tháng,28.0,120252000.0,114924836.0,28325631.0,0,1,Khách hàng VIP (giá trị cao nhất),0.4606432768923608
1964,57,Nam,Cần Thơ,Miền Nam,Bông tai,Bạch kim,20,5.2,0,Tự mua sắm,8271000.0,10441000.0,4.9,Không,Có,Không,Chuyển khoản ngân hàng,Nhận tại cửa hàng,Tại cửa hàng,6,Hàng quý,78.0,9925000.0,10220765.0,4977853.0,0,0,Khách hàng phổ thông / mới,0.30946282389812463
1965,57,Nam,Thái Nguyên,Miền Bắc,Vòng tay,Bạc,5,7.34,0,Cưới hỏi,816000.0,10509000.0,3.1,Không,Không,Không,Tiền mặt,Nhận tại cửa hàng,Tại cửa hàng,21,Hàng quý,92.0,3427000.0,3177514.0,316667.0,1,3,Khách hàng trung thành,0.7438335729435938
1966,53,Nữ,Hà Nội,Miền Bắc,Nhẫn,Bạc,5,4.15,1,Quà tặng người yêu,2168000.0,23851000.0,3.5,Không,Có,Có,Ví điện tử (Momo/ZaloPay),Nhận tại cửa hàng,Online,15,Nửa năm một lần,176.0,6504000.0,6178800.0,384395.0,0,0,Khách hàng phổ thông / mới,0.20144972455140575
1967,35,Nữ,Quảng Ninh,Miền Bắc,Vòng tay,Bạc,5,9.01,0,Quà tặng gia đình,457000.0,17227000.0,4.4,Có,Không,Không,Chuyển khoản ngân hàng,Nhận tại cửa hàng,Online,3,Hàng năm,359.0,274000.0,332115.0,37812.0,1,2,Khách hàng có nguy cơ rời bỏ,0.518577099262415
1968,40,Nữ,Đồng Nai,Miền Nam,Trang sức bộ,Vàng 24K,24,11.22,0,Tự mua sắm,25375000.0,18859000.0,3.7,Không,Không,Không,Thẻ tín dụng,Nhận tại cửa hàng,Tại cửa hàng,13,Nửa năm một lần,201.0,65975000.0,63428365.0,3981980.0,1,3,Khách hàng trung thành,0.6385914655549179
1969,58,Nữ,An Giang,Miền Nam,Vòng tay,Vàng 18K,18,10.09,0,Lễ/Tết,14223000.0,25787000.0,4.0,Không,Có,Có,Chuyển khoản ngân hàng,Nhận tại cửa hàng,Online,28,Hàng quý,86.0,79649000.0,77936546.0,5426912.0,0,3,Khách hàng trung thành,0.1824911362923613
1970,25,Nữ,Tiền Giang,Miền Nam,Dây chuyền,Vàng đính đá quý,18,11.62,1,Tự mua sắm,24945000.0,12957000.0,3.7,Có,Không,Có,Chuyển khoản ngân hàng,Giao hàng tiêu chuẩn,Tại cửa hàng,2,Hàng năm,369.0,9978000.0,11612396.0,2263584.0,0,2,Khách hàng có nguy cơ rời bỏ,0.1483423194061434
1971,57,Nữ,Vĩnh Phúc,Miền Bắc,Vòng tay,Vàng đính đá quý,18,12.85,1,Tự mua sắm,24717000.0,17453000.0,3.2,Không,Có,Có,Tiền mặt,Giao hàng nhanh,Online,13,Nửa năm một lần,162.0,64264000.0,59951886.0,5034985.0,1,3,Khách hàng trung thành,0.5353097761781751
1972,62,Nữ,Long An,Miền Nam,Lắc chân,Vàng 18K,18,6.77,1,Tự mua sắm,11642000.0,19252000.0,2.9,Không,Có,Không,Chuyển khoản ngân hàng,Giao hàng nhanh,Tại cửa hàng,5,Hàng tuần,8.0,11642000.0,10661744.0,35489165.0,0,0,Khách hàng phổ thông / mới,0.45054003510652385
1973,50,Nữ,Bình Định,Miền Trung,Trang sức bộ,Vàng 18K,18,21.87,0,Quà tặng gia đình,34869000.0,23356000.0,4.6,Không,Không,Không,Chuyển khoản ngân hàng,Giao hàng nhanh,Tại cửa hàng,28,Hai tuần một lần,14.0,195266000.0,197745878.0,72065188.0,0,1,Khách hàng VIP (giá trị cao nhất),0.48794272952033263
1974,34,Nữ,Cần Thơ,Miền Nam,Dây chuyền,Vàng 18K,18,6.75,0,Quà tặng gia đình,10867000.0,17524000.0,3.2,Có,Không,Có,Thẻ tín dụng,Nhận tại cửa hàng,Tại cửa hàng,14,Hàng tháng,28.0,30428000.0,34362340.0,11326179.0,0,0,Khách hàng phổ thông / mới,0.25170121689761393
1975,44,Nữ,Bình Định,Miền Trung,Vòng tay,Vàng 18K,18,6.83,0,Cưới hỏi,9918000.0,16210000.0,5.0,Có,Có,Không,Thẻ tín dụng,Nhận tại cửa hàng,Tại cửa hàng,19,Hai tuần một lần,14.0,37688000.0,47241908.0,20507233.0,0,3,Khách hàng trung thành,0.1775618389454988
1976,20,Nữ,Bắc Ninh,Miền Bắc,Dây chuyền,Vàng 18K,18,10.09,1,Quà tặng người yêu,18024000.0,31055000.0,2.5,Không,Không,Không,Thẻ tín dụng,Giao hàng nhanh,Online,30,Hàng quý,83.0,108144000.0,96572592.0,7844210.0,0,1,Khách hàng VIP (giá trị cao nhất),0.5763492873794999
1977,62,Nữ,Hà Nội,Miền Bắc,Dây chuyền,Bạc,5,12.78,0,Quà tặng người yêu,1476000.0,22000000.0,4.7,Không,Có,Có,Tiền mặt,Giao hàng tiêu chuẩn,Tại cửa hàng,2,Hàng quý,92.0,590000.0,600856.0,532727.0,0,0,Khách hàng phổ thông / mới,0.14813962306718395
1978,34,Nam,Kiên Giang,Miền Nam,Nhẫn,Vàng 24K,24,6.63,1,Sinh nhật,17544000.0,24623000.0,4.9,Có,Có,Không,Ví điện tử (Momo/ZaloPay),Giao hàng nhanh,Online,15,Hàng năm,335.0,52632000.0,65611051.0,739566.0,0,2,Khách hàng có nguy cơ rời bỏ,0.13547953307974966
1979,20,Nữ,Huế,Miền Trung,Vòng tay,Vàng 24K,24,8.5,0,Lễ/Tết,16626000.0,6535000.0,2.6,Không,Có,Có,Chuyển khoản ngân hàng,Giao hàng tiêu chuẩn,Tại cửa hàng,3,Hàng quý,86.0,9976000.0,8965431.0,6484500.0,0,0,Khách hàng phổ thông / mới,0.2517322959306864
1980,56,Nữ,Thanh Hóa,Miền Trung,Vòng tay,Vàng 18K,18,11.51,0,Lễ/Tết,18225000.0,12343000.0,4.1,Có,Không,Có,Thẻ tín dụng,Giao hàng nhanh,Tại cửa hàng,24,Hàng tháng,26.0,87480000.0,104223672.0,21765960.0,0,1,Khách hàng VIP (giá trị cao nhất),0.16744074028297434
1981,49,Nam,Thanh Hóa,Miền Trung,Dây chuyền,Bạch kim,20,9.63,0,Sinh nhật,17979000.0,25040000.0,4.5,Không,Không,Không,Thẻ tín dụng,Giao hàng tiêu chuẩn,Online,18,Hàng năm,343.0,64724000.0,65177068.0,1567212.0,1,2,Khách hàng có nguy cơ rời bỏ,0.6560479085444805
1982,47,Nữ,Nghệ An,Miền Trung,Dây chuyền,Vàng 18K,18,12.63,0,Cưới hỏi,20639000.0,19133000.0,4.0,Không,Không,Không,Chuyển khoản ngân hàng,Giao hàng tiêu chuẩn,Online,14,Hàng quý,87.0,57789000.0,56546536.0,6619188.0,0,3,Khách hàng trung thành,0.5789257255072442
1983,20,Nữ,Kiên Giang,Miền Nam,Nhẫn,Vàng 18K,18,2.78,0,Sinh nhật,4448000.0,16496000.0,4.7,Không,Không,Có,Tiền mặt,Giao hàng tiêu chuẩn,Tại cửa hàng,9,Hai tuần một lần,15.0,8006000.0,8153310.0,10696019.0,0,0,Khách hàng phổ thông / mới,0.34996402427675655
1984,54,Nam,Hà Nội,Miền Bắc,Nhẫn,Bạc,5,2.36,0,Lễ/Tết,653000.0,14587000.0,2.8,Không,Không,Không,Chuyển khoản ngân hàng,Giao hàng nhanh,Online,6,Hai tuần một lần,15.0,784000.0,713518.0,1528745.0,0,0,Khách hàng phổ thông / mới,0.6602598891301845
1985,48,Nữ,Hải Phòng,Miền Bắc,Bông tai,Bạch kim,20,5.66,0,Tự mua sắm,10210000.0,27700000.0,4.9,Không,Có,Không,Tiền mặt,Giao hàng tiêu chuẩn,Online,28,Nửa năm một lần,161.0,57176000.0,58879845.0,1637815.0,0,3,Khách hàng trung thành,0.37625759022703165
1986,56,Nữ,Đồng Nai,Miền Nam,Nhẫn,Vàng 18K,18,2.45,0,Quà tặng người yêu,4096000.0,25941000.0,3.9,Không,Có,Không,Ví điện tử (Momo/ZaloPay),Giao hàng tiêu chuẩn,Online,1,Hàng quý,93.0,819000.0,796723.0,1418100.0,0,0,Khách hàng phổ thông / mới,0.28259664774477034
1987,57,Nữ,Bình Định,Miền Trung,Nhẫn,Bạc,5,7.93,1,Cưới hỏi,3727000.0,20964000.0,3.4,Không,Không,Không,Ví điện tử (Momo/ZaloPay),Giao hàng tiêu chuẩn,Tại cửa hàng,4,Nửa năm một lần,179.0,2982000.0,2815903.0,515389.0,1,0,Khách hàng phổ thông / mới,0.6921056449424883
1988,28,Nam,Bắc Ninh,Miền Bắc,Trang sức bộ,Vàng 18K,18,24.97,0,Sinh nhật,35608000.0,21401000.0,3.8,Có,Có,Không,Ví điện tử (Momo/ZaloPay),Giao hàng nhanh,Online,12,Hàng năm,356.0,85459000.0,100046851.0,2255513.0,0,2,Khách hàng có nguy cơ rời bỏ,0.13274485294379262
1989,28,Nữ,Hà Nội,Miền Bắc,Dây chuyền,Bạc,5,8.99,0,Sinh nhật,512000.0,17545000.0,3.3,Có,Có,Không,Tiền mặt,Giao hàng nhanh,Online,12,Nửa năm một lần,160.0,1229000.0,1396390.0,85170.0,0,0,Khách hàng phổ thông / mới,0.2672771032994571
1990,62,Nữ,Nam Định,Miền Bắc,Lắc chân,Vàng 18K,18,4.7,0,Lễ/Tết,7099000.0,16933000.0,3.6,Không,Có,Không,Tiền mặt,Giao hàng nhanh,Online,28,Hàng năm,374.0,39754000.0,37992898.0,657833.0,0,2,Khách hàng có nguy cơ rời bỏ,0.33592090586981627
1991,43,Nam,Hải Dương,Miền Bắc,Vòng tay,Vàng đính đá quý,18,17.91,1,Quà tặng gia đình,30562000.0,16948000.0,2.9,Không,Có,Có,Thẻ tín dụng,Giao hàng nhanh,Online,10,Nửa năm một lần,164.0,61124000.0,55977359.0,6549749.0,0,0,Khách hàng phổ thông / mới,0.37532881290688364
1992,39,Nữ,Hà Nội,Miền Bắc,Bông tai,Vàng đính đá quý,18,1.86,1,Quà tặng người yêu,6370000.0,25691000.0,4.6,Có,Không,Không,Thẻ tín dụng,Giao hàng tiêu chuẩn,Online,10,Nửa năm một lần,170.0,12740000.0,15617966.0,1227936.0,0,0,Khách hàng phổ thông / mới,0.2977730805522741
1993,31,Nam,Nam Định,Miền Bắc,Vòng tay,Bạch kim,20,11.02,0,Cưới hỏi,20745000.0,17098000.0,3.5,Không,Không,Có,Chuyển khoản ngân hàng,Nhận tại cửa hàng,Online,8,Hàng tháng,33.0,33192000.0,31532400.0,21320527.0,0,0,Khách hàng phổ thông / mới,0.3284116153970239
1994,48,Nam,TP. Hồ Chí Minh,Miền Nam,Nhẫn,Vàng đính đá quý,18,1.81,1,Sinh nhật,8316000.0,21282000.0,3.7,Không,Không,Không,Chuyển khoản ngân hàng,Giao hàng tiêu chuẩn,Online,12,Hàng quý,78.0,19958000.0,19187621.0,3495637.0,1,0,Khách hàng phổ thông / mới,0.6542774156154624
1995,54,Nữ,Long An,Miền Nam,Lắc chân,Vàng 24K,24,3.2,0,Cưới hỏi,6959000.0,18233000.0,4.8,Có,Không,Có,Thẻ tín dụng,Giao hàng tiêu chuẩn,Tại cửa hàng,9,Hàng quý,98.0,12526000.0,15528482.0,1884327.0,0,0,Khách hàng phổ thông / mới,0.14091077847081865
1996,18,Nữ,An Giang,Miền Nam,Lắc chân,Bạc,5,9.57,0,Sinh nhật,675000.0,25658000.0,4.8,Không,Không,Có,Tiền mặt,Nhận tại cửa hàng,Online,21,Hàng quý,87.0,2835000.0,2903324.0,250855.0,0,3,Khách hàng trung thành,0.3704261055221302
1997,44,Nữ,Nghệ An,Miền Trung,Dây chuyền,Vàng 24K,24,5.49,0,Quà tặng người yêu,11276000.0,16089000.0,4.5,Có,Có,Không,Thẻ tín dụng,Giao hàng nhanh,Online,24,Hàng quý,84.0,54125000.0,65978375.0,4607348.0,0,3,Khách hàng trung thành,0.12428808775078776
1998,65,Nữ,Lào Cai,Miền Bắc,Bông tai,Vàng 18K,18,4.0,0,Quà tặng người yêu,6304000.0,32590000.0,2.6,Không,Không,Không,Chuyển khoản ngân hàng,Giao hàng nhanh,Tại cửa hàng,23,Nửa năm một lần,182.0,28998000.0,26060503.0,1180205.0,1,3,Khách hàng trung thành,0.7452935741390891
1999,31,Nữ,Tây Ninh,Miền Nam,Vòng tay,Bạc,5,15.85,0,Lễ/Tết,613000.0,15846000.0,4.8,Không,Có,Không,Thẻ tín dụng,Giao hàng nhanh,Tại cửa hàng,25,Hàng quý,84.0,3065000.0,3138866.0,265780.0,0,3,Khách hàng trung thành,0.24110763235672394
2000,31,Nam,Bình Dương,Miền Nam,Trang sức bộ,Bạch kim,20,22.29,0,Quà tặng người yêu,42643000.0,15854000.0,3.0,Không,Không,Không,Thẻ tín dụng,Giao hàng nhanh,Online,19,Hàng quý,99.0,162043000.0,149322624.0,14569623.0,0,1,Khách hàng VIP (giá trị cao nhất),0.47740335479143153
2001,60,Nam,Bình Định,Miền Trung,Lắc chân,Bạc,5,8.91,0,Lễ/Tết,678000.0,35624000.0,3.6,Không,Không,Không,Tiền mặt,Nhận tại cửa hàng,Online,21,Hàng quý,78.0,2848000.0,2721834.0,277266.0,0,3,Khách hàng trung thành,0.5636852188937287
2002,20,Nam,Hải Dương,Miền Bắc,Nhẫn,Vàng đính đá quý,18,3.07,1,Cưới hỏi,7020000.0,11734000.0,4.8,Không,Có,Có,Tiền mặt,Nhận tại cửa hàng,Tại cửa hàng,11,Hàng năm,384.0,15444000.0,15816200.0,654081.0,0,2,Khách hàng có nguy cơ rời bỏ,0.19999856055161414
2003,37,Nữ,Lào Cai,Miền Bắc,Lắc chân,Bạc,5,10.36,0,Cưới hỏi,630000.0,19958000.0,3.8,Không,Không,Không,Chuyển khoản ngân hàng,Giao hàng tiêu chuẩn,Online,30,Hàng quý,98.0,3780000.0,3655638.0,191936.0,1,3,Khách hàng trung thành,0.536738095621945
2004,39,Nam,Khánh Hòa,Miền Trung,Trang sức bộ,Vàng đính đá quý,18,15.16,1,Quà tặng người yêu,31217000.0,27422000.0,2.8,Có,Không,Có,Ví điện tử (Momo/ZaloPay),Giao hàng nhanh,Tại cửa hàng,29,Nửa năm một lần,166.0,181059000.0,199472700.0,4746089.0,0,1,Khách hàng VIP (giá trị cao nhất),0.22041426487798246
2005,56,Nam,Bình Định,Miền Trung,Bông tai,Vàng đính đá quý,18,3.95,1,Quà tặng người yêu,12058000.0,10556000.0,3.9,Không,Không,Không,Ví điện tử (Momo/ZaloPay),Nhận tại cửa hàng,Online,2,Nửa năm một lần,197.0,4823000.0,4691814.0,1782346.0,1,0,Khách hàng phổ thông / mới,0.6369175090534057
2006,24,Nam,Hà Nội,Miền Bắc,Nhẫn,Vàng đính đá quý,18,6.93,1,Cưới hỏi,14864000.0,21247000.0,3.7,Không,Có,Có,Ví điện tử (Momo/ZaloPay),Giao hàng nhanh,Online,11,Hàng quý,89.0,32701000.0,31438741.0,4338539.0,0,0,Khách hàng phổ thông / mới,0.24137852610415725
2007,38,Nữ,Kiên Giang,Miền Nam,Lắc chân,Vàng 18K,18,10.14,0,Lễ/Tết,13709000.0,9507000.0,3.5,Không,Có,Không,Chuyển khoản ngân hàng,Giao hàng nhanh,Online,21,Hàng năm,419.0,57578000.0,54699100.0,862261.0,1,2,Khách hàng có nguy cơ rời bỏ,0.4399960140746589
2008,25,Nữ,Đắk Lắk,Miền Trung,Bông tai,Bạc,5,1.26,0,Quà tặng gia đình,300000.0,19756000.0,4.5,Không,Không,Có,Chuyển khoản ngân hàng,Giao hàng nhanh,Tại cửa hàng,9,Hàng năm,352.0,540000.0,543780.0,24903.0,1,2,Khách hàng có nguy cơ rời bỏ,0.6059386001145893
2009,55,Nữ,Gia Lai,Miền Trung,Dây chuyền,Bạc,5,7.41,0,Quà tặng người yêu,300000.0,35551000.0,4.7,Không,Không,Không,Tiền mặt,Giao hàng nhanh,Online,16,Nửa năm một lần,172.0,960000.0,977664.0,44862.0,0,0,Khách hàng phổ thông / mới,0.5210712497024456
2010,48,Nữ,Nam Định,Miền Bắc,Lắc chân,Vàng đính đá quý,18,10.67,1,Quà tặng người yêu,19301000.0,6000000.0,5.0,Không,Có,Không,Tiền mặt,Giao hàng tiêu chuẩn,Tại cửa hàng,26,Hàng năm,408.0,100365000.0,103927958.0,1340521.0,1,1,Khách hàng VIP (giá trị cao nhất),0.5753529860495399
2011,41,Nữ,Bình Dương,Miền Nam,Vòng tay,Vàng 24K,24,17.76,0,Quà tặng người yêu,38309000.0,19931000.0,2.8,Không,Không,Có,Chuyển khoản ngân hàng,Nhận tại cửa hàng,Online,27,Hàng quý,94.0,206869000.0,188271477.0,8058942.0,0,1,Khách hàng VIP (giá trị cao nhất),0.44546103139204224
2012,36,Nam,TP. Hồ Chí Minh,Miền Nam,Lắc chân,Vàng 18K,18,8.73,1,Tự mua sắm,17469000.0,16976000.0,4.2,Có,Không,Không,Ví điện tử (Momo/ZaloPay),Giao hàng nhanh,Online,29,Hàng năm,395.0,101320000.0,121411756.0,1377698.0,0,1,Khách hàng VIP (giá trị cao nhất),0.3040281650567173
2013,25,Nữ,Hà Nội,Miền Bắc,Bông tai,Vàng 18K,18,1.54,1,Quà tặng người yêu,6161000.0,12449000.0,4.7,Không,Có,Có,Ví điện tử (Momo/ZaloPay),Giao hàng nhanh,Online,20,Hàng năm,356.0,24644000.0,25097450.0,519298.0,0,2,Khách hàng có nguy cơ rời bỏ,0.18399795600163804
2014,62,Nam,Gia Lai,Miền Trung,Dây chuyền,Vàng 18K,18,7.85,0,Cưới hỏi,11538000.0,11010000.0,3.1,Không,Có,Không,Chuyển khoản ngân hàng,Giao hàng tiêu chuẩn,Tại cửa hàng,29,Nửa năm một lần,182.0,66920000.0,62048224.0,1622149.0,1,3,Khách hàng trung thành,0.6327958848729366
2015,49,Nữ,TP. Hồ Chí Minh,Miền Nam,Trang sức bộ,Bạch kim,20,34.03,0,Lễ/Tết,59339000.0,28633000.0,3.7,Không,Có,Không,Tiền mặt,Nhận tại cửa hàng,Tại cửa hàng,20,Hàng năm,418.0,237356000.0,228194058.0,4764145.0,0,1,Khách hàng VIP (giá trị cao nhất),0.3675105824727303
2016,33,Nữ,Long An,Miền Nam,Vòng tay,Vàng 24K,24,6.6,0,Lễ/Tết,12115000.0,21364000.0,2.5,Không,Có,Có,Ví điện tử (Momo/ZaloPay),Nhận tại cửa hàng,Online,16,Nửa năm một lần,184.0,38768000.0,34619824.0,2308624.0,0,3,Khách hàng trung thành,0.25543456691540123
2017,37,Nữ,Thái Nguyên,Miền Bắc,Vòng tay,Vàng 18K,18,17.02,0,Tự mua sắm,24728000.0,7208000.0,2.8,Không,Có,Không,Thẻ tín dụng,Nhận tại cửa hàng,Online,7,Hàng quý,97.0,34619000.0,31506752.0,5434852.0,0,0,Khách hàng phổ thông / mới,0.42718263114747185
2018,52,Nam,Bà Rịa - Vũng Tàu,Miền Nam,Dây chuyền,Bạc,5,8.01,0,Quà tặng người yêu,1058000.0,14529000.0,2.8,Không,Có,Không,Tiền mặt,Giao hàng nhanh,Tại cửa hàng,27,Hàng quý,103.0,5713000.0,5199401.0,265849.0,0,3,Khách hàng trung thành,0.5899681049616782
2019,52,Nữ,Đà Nẵng,Miền Trung,Nhẫn,Vàng 18K,18,6.34,0,Sinh nhật,10070000.0,17278000.0,4.3,Có,Không,Không,Ví điện tử (Momo/ZaloPay),Giao hàng nhanh,Online,8,Hàng quý,96.0,16112000.0,19418182.0,2711204.0,0,0,Khách hàng phổ thông / mới,0.316276432536856
2020,40,Nữ,Hải Phòng,Miền Bắc,Bông tai,Vàng 24K,24,1.27,0,Cưới hỏi,3352000.0,9401000.0,4.1,Không,Không,Không,Tiền mặt,Giao hàng tiêu chuẩn,Online,6,Nửa năm một lần,194.0,4022000.0,3958452.0,430655.0,0,0,Khách hàng phổ thông / mới,0.5398716949940978
2021,32,Nữ,Hải Phòng,Miền Bắc,Dây chuyền,Bạc,5,3.12,1,Tự mua sắm,2573000.0,20534000.0,2.6,Không,Không,Không,Thẻ tín dụng,Giao hàng tiêu chuẩn,Online,23,Hàng quý,80.0,11836000.0,10637013.0,1108936.0,0,3,Khách hàng trung thành,0.7363453448807546
2022,49,Nữ,Thái Nguyên,Miền Bắc,Trang sức bộ,Bạc,5,17.52,0,Tự mua sắm,1379000.0,22726000.0,4.0,Không,Có,Có,Chuyển khoản ngân hàng,Giao hàng nhanh,Online,27,Nửa năm một lần,166.0,7447000.0,7286890.0,240522.0,0,3,Khách hàng trung thành,0.1990793644395759
2023,49,Nữ,Hưng Yên,Miền Bắc,Trang sức bộ,Vàng đính đá quý,18,31.75,1,Quà tặng người yêu,57467000.0,22626000.0,2.7,Không,Không,Có,Ví điện tử (Momo/ZaloPay),Giao hàng tiêu chuẩn,Tại cửa hàng,30,Hàng quý,98.0,344802000.0,311838929.0,16754340.0,0,1,Khách hàng VIP (giá trị cao nhất),0.32920239875540647
2024,46,Nam,Quảng Nam,Miền Trung,Bông tai,Bạch kim,20,4.4,0,Lễ/Tết,7118000.0,34905000.0,3.0,Không,Có,Không,Ví điện tử (Momo/ZaloPay),Giao hàng tiêu chuẩn,Tại cửa hàng,23,Hàng quý,103.0,32743000.0,30172674.0,1325409.0,0,3,Khách hàng trung thành,0.6332972205487454
2025,21,Nữ,TP. Hồ Chí Minh,Miền Nam,Dây chuyền,Vàng đính đá quý,18,10.34,1,Sinh nhật,23701000.0,12674000.0,4.8,Có,Không,Không,Tiền mặt,Nhận tại cửa hàng,Online,29,Hàng tháng,29.0,137466000.0,170416600.0,27322560.0,0,1,Khách hàng VIP (giá trị cao nhất),0.24613413624792402
2026,40,Nữ,Thái Nguyên,Miền Bắc,Bông tai,Vàng 24K,24,5.99,0,Tự mua sắm,12603000.0,17089000.0,3.6,Không,Có,Có,Tiền mặt,Giao hàng nhanh,Tại cửa hàng,12,Hàng tháng,32.0,30247000.0,28907058.0,9179712.0,0,0,Khách hàng phổ thông / mới,0.2692761110943613
2027,47,Nam,Tây Ninh,Miền Nam,Nhẫn,Bạch kim,20,3.76,0,Quà tặng người yêu,7499000.0,17131000.0,4.5,Không,Không,Có,Ví điện tử (Momo/ZaloPay),Nhận tại cửa hàng,Tại cửa hàng,4,Nửa năm một lần,155.0,5999000.0,6040993.0,1467077.0,0,0,Khách hàng phổ thông / mới,0.3570739632108258
2028,63,Nữ,Quảng Ninh,Miền Bắc,Lắc chân,Bạc,5,10.65,1,Cưới hỏi,4036000.0,27762000.0,3.3,Không,Không,Không,Thẻ tín dụng,Nhận tại cửa hàng,Online,8,Hàng quý,80.0,6458000.0,6061479.0,1589066.0,0,0,Khách hàng phổ thông / mới,0.6782649917882243
2029,43,Nữ,Gia Lai,Miền Trung,Vòng tay,Bạc,5,6.64,0,Quà tặng người yêu,379000.0,25796000.0,2.8,Không,Không,Không,Tiền mặt,Giao hàng tiêu chuẩn,Online,5,Hàng tuần,6.0,379000.0,344928.0,1415472.0,0,0,Khách hàng phổ thông / mới,0.5966902236753634
2030,34,Nữ,Tiền Giang,Miền Nam,Trang sức bộ,Vàng 18K,18,14.27,0,Tự mua sắm,23786000.0,12125000.0,4.7,Không,Không,Có,Chuyển khoản ngân hàng,Nhận tại cửa hàng,Online,23,Hàng quý,79.0,109416000.0,111429254.0,6904675.0,0,1,Khách hàng VIP (giá trị cao nhất),0.29077190033435335
2031,44,Nữ,Cần Thơ,Miền Nam,Dây chuyền,Vàng 24K,24,8.74,0,Quà tặng người yêu,19221000.0,30756000.0,2.9,Không,Không,Không,Chuyển khoản ngân hàng,Giao hàng nhanh,Online,13,Hàng quý,78.0,49975000.0,45767105.0,3374674.0,0,3,Khách hàng trung thành,0.6589012750767785
2032,26,Nữ,TP. Hồ Chí Minh,Miền Nam,Dây chuyền,Vàng 24K,24,14.51,0,Cưới hỏi,31787000.0,13204000.0,3.4,Không,Không,Không,Ví điện tử (Momo/ZaloPay),Nhận tại cửa hàng,Online,13,Hàng tháng,26.0,82646000.0,78042618.0,37891067.0,1,3,Khách hàng trung thành,0.7099239363335402
2033,22,Nữ,TP. Hồ Chí Minh,Miền Nam,Trang sức bộ,Bạch kim,20,27.59,0,Tự mua sắm,44695000.0,25297000.0,4.3,Không,Có,Không,Thẻ tín dụng,Giao hàng tiêu chuẩn,Online,28,Hàng tháng,32.0,250292000.0,249190715.0,55481524.0,0,1,Khách hàng VIP (giá trị cao nhất),0.34993776564969004
2034,50,Nữ,Bắc Ninh,Miền Bắc,Vòng tay,Bạch kim,20,6.69,0,Tự mua sắm,12634000.0,26555000.0,4.0,Không,Không,Không,Ví điện tử (Momo/ZaloPay),Giao hàng nhanh,Online,30,Nửa năm một lần,179.0,75804000.0,74174214.0,2589639.0,1,3,Khách hàng trung thành,0.583038470507262
2035,65,Nữ,Hà Nội,Miền Bắc,Lắc chân,Vàng 24K,24,11.59,1,Tự mua sắm,25953000.0,20389500.0,4.8,Không,Có,Không,Chuyển khoản ngân hàng,Giao hàng nhanh,Tại cửa hàng,5,Nửa năm một lần,184.0,25953000.0,26578467.0,4391157.0,0,0,Khách hàng phổ thông / mới,0.29312018657899297
2036,58,Nữ,Đà Nẵng,Miền Trung,Trang sức bộ,Bạc,5,29.14,0,Tự mua sắm,1792000.0,19174000.0,5.0,Không,Có,Có,Ví điện tử (Momo/ZaloPay),Giao hàng nhanh,Online,26,Hàng năm,348.0,9318000.0,9648789.0,140812.0,0,2,Khách hàng có nguy cơ rời bỏ,0.13489961512643958
2037,46,Nữ,Hà Nội,Miền Bắc,Vòng tay,Bạc,5,16.05,0,Tự mua sắm,658000.0,18583000.0,2.9,Không,Không,Không,Thẻ tín dụng,Giao hàng nhanh,Tại cửa hàng,20,Hai tuần một lần,14.0,2632000.0,2410386.0,1614848.0,0,3,Khách hàng trung thành,0.6959906772902844
2038,19,Nam,Thanh Hóa,Miền Trung,Dây chuyền,Bạc,5,9.62,0,Tự mua sắm,714000.0,22509000.0,3.1,Có,Không,Không,Chuyển khoản ngân hàng,Giao hàng tiêu chuẩn,Tại cửa hàng,24,Hàng tháng,27.0,3427000.0,3846465.0,654311.0,1,3,Khách hàng trung thành,0.6433606171441524
2039,65,Nữ,Nam Định,Miền Bắc,Vòng tay,Vàng 18K,18,10.9,0,Cưới hỏi,15196000.0,25584000.0,4.1,Có,Có,Có,Ví điện tử (Momo/ZaloPay),Giao hàng tiêu chuẩn,Tại cửa hàng,29,Hai tuần một lần,15.0,88137000.0,105006422.0,32997944.0,0,1,Khách hàng VIP (giá trị cao nhất),0.07230929765177606
2040,39,Nữ,An Giang,Miền Nam,Lắc chân,Vàng đính đá quý,18,3.99,1,Quà tặng người yêu,12562000.0,25307000.0,2.9,Không,Không,Không,Ví điện tử (Momo/ZaloPay),Giao hàng nhanh,Online,11,Nửa năm một lần,162.0,27636000.0,25309049.0,2537954.0,1,0,Khách hàng phổ thông / mới,0.7378408649219027
2041,31,Nữ,Bà Rịa - Vũng Tàu,Miền Nam,Trang sức bộ,Bạc,5,25.49,0,Sinh nhật,1300000.0,24830000.0,3.9,Không,Có,Không,Thẻ tín dụng,Giao hàng nhanh,Online,25,Hàng tuần,8.0,6500000.0,6323200.0,4644267.0,0,3,Khách hàng trung thành,0.34481201456008154
2042,60,Nữ,Cần Thơ,Miền Nam,Dây chuyền,Bạc,5,4.53,0,Quà tặng người yêu,300000.0,23997000.0,3.4,Không,Không,Không,Chuyển khoản ngân hàng,Giao hàng nhanh,Online,22,Hàng tháng,28.0,1320000.0,1246476.0,481095.0,0,3,Khách hàng trung thành,0.5805918169387819
2043,53,Nữ,TP. Hồ Chí Minh,Miền Nam,Bông tai,Bạc,5,3.95,0,Sinh nhật,620000.0,31073000.0,4.7,Không,Không,Có,Chuyển khoản ngân hàng,Giao hàng nhanh,Online,20,Nửa năm một lần,169.0,2480000.0,2525632.0,117833.0,1,3,Khách hàng trung thành,0.44316093652861005
2044,53,Nữ,Quảng Ninh,Miền Bắc,Dây chuyền,Bạc,5,9.48,0,Sinh nhật,890000.0,16979000.0,4.8,Không,Có,Không,Tiền mặt,Giao hàng tiêu chuẩn,Online,23,Hàng quý,82.0,4094000.0,4192665.0,295780.0,0,3,Khách hàng trung thành,0.3471922848059495
2045,31,Nữ,Hà Nội,Miền Bắc,Vòng tay,Vàng 24K,24,13.95,0,Quà tặng người yêu,28069000.0,20157000.0,3.1,Có,Có,Không,Tiền mặt,Nhận tại cửa hàng,Online,24,Hàng quý,79.0,134731000.0,151222074.0,10610046.0,0,1,Khách hàng VIP (giá trị cao nhất),0.22198609879557418
2046,65,Nữ,TP. Hồ Chí Minh,Miền Nam,Lắc chân,Vàng đính đá quý,18,10.44,1,Tự mua sắm,21920000.0,17992000.0,2.7,Không,Không,Không,Chuyển khoản ngân hàng,Giao hàng tiêu chuẩn,Tại cửa hàng,13,Nửa năm một lần,168.0,56992000.0,51543565.0,2667845.0,1,3,Khách hàng trung thành,0.7810358377013269
2047,39,Nữ,TP. Hồ Chí Minh,Miền Nam,Lắc chân,Vàng 18K,18,6.7,1,Tự mua sắm,13926000.0,37445000.0,5.0,Không,Có,Không,Tiền mặt,Nhận tại cửa hàng,Tại cửa hàng,28,Hàng năm,419.0,77986000.0,80754503.0,872404.0,1,2,Khách hàng có nguy cơ rời bỏ,0.39903307352082057
2048,43,Nữ,Thanh Hóa,Miền Trung,Dây chuyền,Bạch kim,20,8.24,0,Sinh nhật,15413000.0,25930000.0,2.9,Không,Không,Có,Chuyển khoản ngân hàng,Giao hàng tiêu chuẩn,Online,3,Hàng quý,77.0,9248000.0,8469318.0,5562667.0,0,0,Khách hàng phổ thông / mới,0.5436494462749263
2049,54,Nam,Đà Nẵng,Miền Trung,Dây chuyền,Vàng đính đá quý,18,3.72,1,Quà tặng gia đình,11890000.0,28334000.0,2.9,Không,Không,Không,Thẻ tín dụng,Nhận tại cửa hàng,Tại cửa hàng,6,Hàng tháng,30.0,14268000.0,13066634.0,10768346.0,1,0,Khách hàng phổ thông / mới,0.7872433136391013
2050,49,Nữ,Quảng Nam,Miền Trung,Dây chuyền,Bạc,5,6.45,0,Cưới hỏi,841000.0,24065000.0,3.1,Không,Có,Không,Thẻ tín dụng,Giao hàng tiêu chuẩn,Online,23,Hàng quý,86.0,3869000.0,3587337.0,301417.0,1,3,Khách hàng trung thành,0.6499718312746792
2051,26,Nữ,Hải Dương,Miền Bắc,Nhẫn,Bạc,5,2.03,0,Cưới hỏi,672000.0,19165000.0,3.4,Có,Không,Không,Ví điện tử (Momo/ZaloPay),Nhận tại cửa hàng,Tại cửa hàng,14,Hai tuần một lần,15.0,1882000.0,2151314.0,1145040.0,0,0,Khách hàng phổ thông / mới,0.479267872082494
2052,32,Nam,Vĩnh Phúc,Miền Bắc,Dây chuyền,Vàng 24K,24,4.7,0,Quà tặng người yêu,11041000.0,38615000.0,2.9,Có,Không,Không,Thẻ tín dụng,Giao hàng tiêu chuẩn,Online,9,Hai tuần một lần,14.0,19874000.0,22032316.0,28433387.0,0,0,Khách hàng phổ thông / mới,0.48017225085856474
2053,35,Nữ,Huế,Miền Trung,Lắc chân,Vàng 18K,18,6.84,0,Sinh nhật,10074000.0,28608000.0,3.3,Có,Có,Có,Ví điện tử (Momo/ZaloPay),Giao hàng nhanh,Online,16,Hàng quý,77.0,32237000.0,36627679.0,3925081.0,0,3,Khách hàng trung thành,0.13242010688929742
2054,63,Nữ,Gia Lai,Miền Trung,Dây chuyền,Bạc,5,7.89,0,Quà tặng người yêu,513000.0,19535000.0,2.6,Không,Không,Có,Ví điện tử (Momo/ZaloPay),Giao hàng nhanh,Online,4,Hàng tháng,26.0,410000.0,368467.0,590932.0,0,0,Khách hàng phổ thông / mới,0.3948818829887706
2055,52,Nữ,Kiên Giang,Miền Nam,Dây chuyền,Vàng 24K,24,14.23,0,Lễ/Tết,28364000.0,19216000.0,4.5,Không,Có,Không,Ví điện tử (Momo/ZaloPay),Giao hàng tiêu chuẩn,Tại cửa hàng,1,Hàng tuần,7.0,5673000.0,5712711.0,80069781.0,0,0,Khách hàng phổ thông / mới,0.229725263285606
2056,35,Nam,Bình Định,Miền Trung,Bông tai,Vàng 24K,24,1.6,0,Cưới hỏi,3475000.0,21654000.0,3.2,Không,Có,Có,Ví điện tử (Momo/ZaloPay),Giao hàng nhanh,Online,2,Nửa năm một lần,192.0,1390000.0,1296731.0,558136.0,0,0,Khách hàng phổ thông / mới,0.34188026071395006
2057,53,Nữ,TP. Hồ Chí Minh,Miền Nam,Nhẫn,Vàng đính đá quý,18,2.47,1,Sinh nhật,8402000.0,17394000.0,4.5,Không,Không,Có,Chuyển khoản ngân hàng,Giao hàng tiêu chuẩn,Online,27,Hàng năm,380.0,45371000.0,45688597.0,761830.0,1,2,Khách hàng có nguy cơ rời bỏ,0.3830670332034792
2058,53,Nữ,Đồng Nai,Miền Nam,Dây chuyền,Vàng 18K,18,12.01,0,Sinh nhật,19053000.0,18747000.0,4.1,Có,Không,Không,Thẻ tín dụng,Giao hàng nhanh,Online,10,Hàng tháng,31.0,38106000.0,45399488.0,15560460.0,0,0,Khách hàng phổ thông / mới,0.38369459416303686
2059,36,Nữ,Hải Phòng,Miền Bắc,Trang sức bộ,Vàng 18K,18,10.56,0,Cưới hỏi,17410000.0,9522000.0,3.7,Có,Không,Không,Ví điện tử (Momo/ZaloPay),Giao hàng nhanh,Tại cửa hàng,28,Nửa năm một lần,200.0,97496000.0,113465845.0,2302139.0,0,1,Khách hàng VIP (giá trị cao nhất),0.2709755894428344
2060,37,Nam,TP. Hồ Chí Minh,Miền Nam,Nhẫn,Vàng 18K,18,5.73,0,Tự mua sắm,8818000.0,6000000.0,4.9,Có,Không,Có,Ví điện tử (Momo/ZaloPay),Giao hàng tiêu chuẩn,Online,16,Hàng năm,352.0,28218000.0,35176559.0,710447.0,0,2,Khách hàng có nguy cơ rời bỏ,0.2273708182322029
2061,60,Nữ,Quảng Nam,Miền Trung,Dây chuyền,Bạc,5,11.97,0,Tự mua sắm,1053000.0,35438000.0,3.5,Không,Không,Không,Thẻ tín dụng,Nhận tại cửa hàng,Online,10,Hàng tháng,28.0,2106000.0,2000700.0,854897.0,1,0,Khách hàng phổ thông / mới,0.5644649346760747
2062,44,Nam,Đắk Lắk,Miền Trung,Vòng tay,Vàng 18K,18,14.43,0,Tự mua sắm,21688000.0,17096000.0,2.9,Có,Có,Có,Thẻ tín dụng,Giao hàng nhanh,Online,2,Nửa năm một lần,200.0,8675000.0,9617105.0,2773462.0,1,0,Khách hàng phổ thông / mới,0.4491585477490059
2063,25,Nữ,Hà Nội,Miền Bắc,Nhẫn,Bạch kim,20,3.37,0,Tự mua sắm,6368000.0,17372000.0,3.9,Có,Không,Không,Thẻ tín dụng,Nhận tại cửa hàng,Online,4,Hàng tháng,29.0,5094000.0,5998694.0,6022900.0,0,0,Khách hàng phổ thông / mới,0.3637893657431338
2064,52,Nữ,An Giang,Miền Nam,Dây chuyền,Bạc,5,4.24,0,Sinh nhật,811000.0,21603000.0,2.9,Có,Không,Có,Tiền mặt,Nhận tại cửa hàng,Online,17,Hàng năm,415.0,2757000.0,3056410.0,67854.0,0,2,Khách hàng có nguy cơ rời bỏ,0.2585791401576453
2065,46,Nữ,Kiên Giang,Miền Nam,Nhẫn,Vàng 24K,24,7.96,0,Sinh nhật,17379000.0,25632000.0,3.2,Không,Không,Không,Thẻ tín dụng,Giao hàng tiêu chuẩn,Online,19,Hàng tuần,7.0,66040000.0,61608716.0,54601049.0,0,3,Khách hàng trung thành,0.6457253806362272
2066,42,Nữ,Hà Nội,Miền Bắc,Dây chuyền,Vàng 18K,18,13.31,0,Tự mua sắm,20799000.0,25951000.0,4.8,Không,Không,Có,Tiền mặt,Giao hàng tiêu chuẩn,Online,27,Hàng tháng,32.0,112315000.0,115021792.0,20178530.0,0,1,Khách hàng VIP (giá trị cao nhất),0.33983728602808505
2067,52,Nữ,Nam Định,Miền Bắc,Lắc chân,Vàng 24K,24,9.58,0,Cưới hỏi,21330000.0,28324000.0,4.7,Có,Không,Không,Ví điện tử (Momo/ZaloPay),Nhận tại cửa hàng,Online,6,Hàng năm,410.0,25596000.0,31554749.0,1799776.0,1,2,Khách hàng có nguy cơ rời bỏ,0.4111364166965344
2068,61,Nam,Thái Nguyên,Miền Bắc,Dây chuyền,Bạch kim,20,5.24,0,Sinh nhật,9678000.0,25684000.0,3.7,Không,Không,Không,Thẻ tín dụng,Giao hàng tiêu chuẩn,Tại cửa hàng,18,Nửa năm một lần,197.0,34841000.0,33496137.0,1437364.0,1,3,Khách hàng trung thành,0.6890572440673165
2069,33,Nữ,Đồng Nai,Miền Nam,Dây chuyền,Vàng 24K,24,8.17,0,Quà tặng người yêu,15474000.0,18104000.0,3.7,Không,Có,Có,Chuyển khoản ngân hàng,Giao hàng tiêu chuẩn,Online,3,Hàng tháng,26.0,9284000.0,8925638.0,19109503.0,0,0,Khách hàng phổ thông / mới,0.219945670757387
2070,38,Nữ,Gia Lai,Miền Trung,Dây chuyền,Vàng 24K,24,11.52,1,Tự mua sắm,26115000.0,29132000.0,3.9,Có,Có,Không,Tiền mặt,Giao hàng nhanh,Online,16,Nửa năm một lần,180.0,83568000.0,98409677.0,4271631.0,0,3,Khách hàng trung thành,0.1297892621628856
2071,27,Nữ,Quảng Ninh,Miền Bắc,Trang sức bộ,Vàng 18K,18,12.54,0,Quà tặng người yêu,20227000.0,18370000.0,2.7,Không,Không,Không,Chuyển khoản ngân hàng,Nhận tại cửa hàng,Online,6,Hàng năm,352.0,24272000.0,21951597.0,1806234.0,1,2,Khách hàng có nguy cơ rời bỏ,0.7021106734394856
2072,49,Nam,Cần Thơ,Miền Nam,Nhẫn,Vàng 24K,24,7.72,1,Quà tặng gia đình,19533000.0,28161000.0,3.1,Không,Có,Không,Chuyển khoản ngân hàng,Giao hàng tiêu chuẩn,Tại cửa hàng,7,Hàng quý,88.0,27346000.0,25355211.0,5960473.0,1,0,Khách hàng phổ thông / mới,0.626882700312233
2073,37,Nam,Thanh Hóa,Miền Trung,Lắc chân,Bạc,5,11.6,0,Quà tặng người yêu,487000.0,9441000.0,3.9,Không,Có,Không,Chuyển khoản ngân hàng,Giao hàng nhanh,Online,13,Hàng tháng,28.0,1266000.0,1231565.0,292729.0,0,0,Khách hàng phổ thông / mới,0.34990885037733904
2074,34,Nam,Đà Nẵng,Miền Trung,Dây chuyền,Vàng 18K,18,4.81,0,Sinh nhật,8376000.0,29150000.0,3.3,Có,Không,Có,Ví điện tử (Momo/ZaloPay),Giao hàng nhanh,Online,14,Hàng tháng,27.0,23453000.0,26647299.0,9081722.0,0,0,Khách hàng phổ thông / mới,0.22251358416002398
2075,51,Nữ,Nghệ An,Miền Trung,Trang sức bộ,Vàng đính đá quý,18,14.93,1,Cưới hỏi,28304000.0,14819000.0,3.0,Không,Có,Không,Tiền mặt,Giao hàng nhanh,Tại cửa hàng,4,Hàng năm,370.0,22643000.0,20865524.0,2882635.0,0,2,Khách hàng có nguy cơ rời bỏ,0.49028360533029997
2076,37,Nữ,Khánh Hòa,Miền Trung,Dây chuyền,Vàng 24K,24,7.37,0,Cưới hỏi,15180000.0,10070000.0,4.1,Không,Có,Không,Chuyển khoản ngân hàng,Giao hàng nhanh,Online,19,Hàng tháng,32.0,57684000.0,56772593.0,16603867.0,0,3,Khách hàng trung thành,0.36623719436500224
2077,40,Nam,Quảng Nam,Miền Trung,Nhẫn,Bạc,5,4.43,0,Cưới hỏi,300000.0,11306000.0,3.9,Có,Không,Không,Thẻ tín dụng,Giao hàng tiêu chuẩn,Tại cửa hàng,13,Hàng tháng,27.0,780000.0,918528.0,391257.0,0,0,Khách hàng phổ thông / mới,0.3240894934067443
2078,39,Nữ,Hưng Yên,Miền Bắc,Vòng tay,Bạc,5,11.61,1,Tự mua sắm,4575000.0,21760000.0,3.3,Không,Có,Có,Ví điện tử (Momo/ZaloPay),Giao hàng nhanh,Online,26,Hàng tháng,28.0,23790000.0,22329294.0,5992450.0,0,3,Khách hàng trung thành,0.3695553566311817
2079,30,Nam,Huế,Miền Trung,Nhẫn,Vàng 24K,24,5.97,0,Quà tặng người yêu,11458000.0,35802000.0,4.8,Có,Có,Không,Chuyển khoản ngân hàng,Giao hàng tiêu chuẩn,Online,19,Hai tuần một lần,15.0,43540000.0,53976538.0,23281702.0,0,3,Khách hàng trung thành,0.14746896478715327
2080,24,Nữ,An Giang,Miền Nam,Bông tai,Bạc,5,3.35,0,Cưới hỏi,651000.0,18067000.0,4.4,Không,Có,Có,Ví điện tử (Momo/ZaloPay),Nhận tại cửa hàng,Tại cửa hàng,27,Hàng quý,95.0,3515000.0,3519570.0,212880.0,0,3,Khách hàng trung thành,0.17880418566203907
2081,57,Nữ,Quảng Nam,Miền Trung,Bông tai,Vàng đính đá quý,18,1.92,1,Quà tặng người yêu,8212000.0,20634000.0,4.0,Không,Không,Có,Tiền mặt,Giao hàng tiêu chuẩn,Online,1,Hàng quý,79.0,1642000.0,1606697.0,2771777.0,0,0,Khách hàng phổ thông / mới,0.27253178714566245
2082,22,Nữ,An Giang,Miền Nam,Bông tai,Bạch kim,20,2.31,0,Cưới hỏi,4653000.0,24699000.0,3.0,Không,Không,Không,Thẻ tín dụng,Nhận tại cửa hàng,Online,14,Hai tuần một lần,12.0,13028000.0,12005302.0,10970691.0,0,0,Khách hàng phổ thông / mới,0.7058768351335521
2083,33,Nữ,Bình Định,Miền Trung,Nhẫn,Vàng đính đá quý,18,4.17,1,Quà tặng gia đình,9004000.0,15949000.0,4.1,Có,Có,Có,Chuyển khoản ngân hàng,Giao hàng tiêu chuẩn,Tại cửa hàng,26,Hàng tháng,30.0,46821000.0,55782539.0,10001993.0,0,3,Khách hàng trung thành,0.09183117643404438
2084,50,Nữ,Bình Dương,Miền Nam,Bông tai,Bạc,5,3.6,0,Sinh nhật,808000.0,19953000.0,4.2,Không,Không,Có,Tiền mặt,Giao hàng nhanh,Tại cửa hàng,6,Hàng tuần,8.0,970000.0,960203.0,2949279.0,0,0,Khách hàng phổ thông / mới,0.4077333547107275
2085,24,Nữ,Vĩnh Phúc,Miền Bắc,Dây chuyền,Vàng 18K,18,14.08,0,Tự mua sắm,20119000.0,17000000.0,4.0,Có,Có,Không,Chuyển khoản ngân hàng,Giao hàng tiêu chuẩn,Online,7,Hàng tuần,6.0,28167000.0,33363811.0,58842019.0,0,0,Khách hàng phổ thông / mới,0.17650497712886817
2086,49,Nam,Đồng Nai,Miền Nam,Trang sức bộ,Vàng đính đá quý,18,12.41,1,Sinh nhật,26234000.0,34711000.0,4.1,Không,Không,Không,Tiền mặt,Giao hàng nhanh,Tại cửa hàng,22,Hàng tháng,34.0,115430000.0,113606206.0,21271899.0,0,1,Khách hàng VIP (giá trị cao nhất),0.568384775096882
2087,53,Nữ,Hưng Yên,Miền Bắc,Bông tai,Vàng 18K,18,5.02,0,Sinh nhật,7485000.0,21709000.0,2.9,Không,Có,Không,Tiền mặt,Nhận tại cửa hàng,Online,1,Nửa năm một lần,209.0,1497000.0,1370953.0,1074504.0,1,0,Khách hàng phổ thông / mới,0.6050787419247512
2088,49,Nữ,Hà Nội,Miền Bắc,Vòng tay,Bạc,5,9.66,0,Lễ/Tết,829000.0,26181000.0,3.3,Có,Không,Không,Chuyển khoản ngân hàng,Nhận tại cửa hàng,Online,29,Hàng tuần,7.0,4808000.0,5462850.0,2756136.0,0,3,Khách hàng trung thành,0.5156153824643707
2089,32,Nữ,Quảng Ninh,Miền Bắc,Lắc chân,Bạch kim,20,9.54,0,Quà tặng người yêu,18041000.0,14935000.0,4.7,Không,Không,Không,Thẻ tín dụng,Nhận tại cửa hàng,Online,29,Hàng tháng,34.0,104638000.0,106563339.0,11781401.0,0,1,Khách hàng VIP (giá trị cao nhất),0.47224855419494444
2090,18,Nam,Hà Nội,Miền Bắc,Vòng tay,Vàng đính đá quý,18,8.87,1,Lễ/Tết,18253000.0,11107000.0,2.8,Không,Không,Không,Thẻ tín dụng,Giao hàng nhanh,Tại cửa hàng,29,Nửa năm một lần,176.0,105867000.0,96349557.0,1825365.0,1,1,Khách hàng VIP (giá trị cao nhất),0.7492261944204998
2091,60,Nam,Kiên Giang,Miền Nam,Vòng tay,Vàng đính đá quý,18,10.78,1,Sinh nhật,19219000.0,26247000.0,4.0,Không,Có,Có,Thẻ tín dụng,Giao hàng nhanh,Online,24,Nửa năm một lần,182.0,92251000.0,90267604.0,2854032.0,1,1,Khách hàng VIP (giá trị cao nhất),0.46523954133707474
2092,33,Nữ,Tây Ninh,Miền Nam,Nhẫn,Vàng 24K,24,4.38,0,Cưới hỏi,9993000.0,21750000.0,4.7,Có,Không,Có,Chuyển khoản ngân hàng,Nhận tại cửa hàng,Tại cửa hàng,30,Nửa năm một lần,193.0,59958000.0,73916222.0,1212009.0,0,3,Khách hàng trung thành,0.1278485659520755
2093,56,Nữ,Bình Dương,Miền Nam,Bông tai,Bạc,5,4.75,0,Quà tặng gia đình,379000.0,28571000.0,2.5,Có,Có,Không,Chuyển khoản ngân hàng,Nhận tại cửa hàng,Online,30,Hàng năm,318.0,2274000.0,2458194.0,32484.0,0,2,Khách hàng có nguy cơ rời bỏ,0.29002709059988896
2094,27,Nữ,Hải Phòng,Miền Bắc,Dây chuyền,Vàng 24K,24,5.0,0,Cưới hỏi,11347000.0,13413000.0,4.9,Có,Không,Không,Chuyển khoản ngân hàng,Nhận tại cửa hàng,Online,8,Hàng tháng,32.0,18155000.0,22632023.0,10354842.0,0,0,Khách hàng phổ thông / mới,0.26994148897907894
2095,25,Nữ,An Giang,Miền Nam,Nhẫn,Bạch kim,20,3.75,1,Quà tặng gia đình,9406000.0,18853000.0,4.7,Không,Không,Có,Ví điện tử (Momo/ZaloPay),Giao hàng tiêu chuẩn,Tại cửa hàng,5,Hàng tuần,8.0,9406000.0,9579070.0,25915843.0,0,0,Khách hàng phổ thông / mới,0.33012815781020755
2096,55,Nữ,TP. Hồ Chí Minh,Miền Nam,Lắc chân,Bạc,5,7.76,0,Quà tặng gia đình,549000.0,12282000.0,4.3,Có,Không,Không,Chuyển khoản ngân hàng,Giao hàng tiêu chuẩn,Online,26,Hàng tuần,7.0,2855000.0,3440846.0,2077599.0,0,3,Khách hàng trung thành,0.33909757480232866
2097,63,Nữ,Lào Cai,Miền Bắc,Nhẫn,Vàng 24K,24,5.77,0,Cưới hỏi,12867000.0,18319000.0,4.3,Có,Không,Không,Tiền mặt,Giao hàng tiêu chuẩn,Online,14,Hai tuần một lần,13.0,36028000.0,43420946.0,31439447.0,0,3,Khách hàng trung thành,0.2338360356165363
2098,59,Nữ,Quảng Nam,Miền Trung,Bông tai,Bạch kim,20,1.38,0,Cưới hỏi,2807000.0,11422000.0,4.7,Không,Không,Không,Tiền mặt,Giao hàng tiêu chuẩn,Online,2,Hàng năm,325.0,1123000.0,1143663.0,273122.0,1,2,Khách hàng có nguy cơ rời bỏ,0.6064318750580611
2099,54,Nam,TP. Hồ Chí Minh,Miền Nam,Nhẫn,Vàng 18K,18,2.12,0,Lễ/Tết,3049000.0,19249000.0,2.9,Không,Không,Có,Ví điện tử (Momo/ZaloPay),Nhận tại cửa hàng,Online,14,Nửa năm một lần,167.0,8537000.0,7818185.0,609068.0,0,0,Khách hàng phổ thông / mới,0.43124898519678356
2100,29,Nam,Hà Nội,Miền Bắc,Dây chuyền,Bạc,5,11.62,0,Quà tặng người yêu,466000.0,28895000.0,4.2,Có,Có,Không,Thẻ tín dụng,Giao hàng tiêu chuẩn,Online,1,Nửa năm một lần,166.0,93000.0,111442.0,66953.0,0,0,Khách hàng phổ thông / mới,0.1558772129660588
2101,61,Nam,Quảng Nam,Miền Trung,Lắc chân,Vàng đính đá quý,18,6.3,1,Tự mua sắm,12865000.0,15653000.0,3.4,Không,Có,Có,Thẻ tín dụng,Nhận tại cửa hàng,Online,18,Hàng năm,404.0,46314000.0,43734310.0,1134005.0,0,2,Khách hàng có nguy cơ rời bỏ,0.2387292659339779
2102,50,Nữ,TP. Hồ Chí Minh,Miền Nam,Nhẫn,Bạc,5,2.58,1,Quà tặng người yêu,5247000.0,14905000.0,4.7,Có,Không,Không,Thẻ tín dụng,Nhận tại cửa hàng,Online,21,Hàng năm,325.0,22037000.0,27167214.0,477733.0,0,2,Khách hàng có nguy cơ rời bỏ,0.27209504183109356
2103,26,Nữ,Thái Nguyên,Miền Bắc,Bông tai,Bạc,5,2.32,0,Quà tặng người yêu,307000.0,18391000.0,3.8,Không,Không,Không,Ví điện tử (Momo/ZaloPay),Giao hàng nhanh,Tại cửa hàng,2,Hàng quý,103.0,123000.0,118953.0,100209.0,0,0,Khách hàng phổ thông / mới,0.4498274753969966
2104,24,Nữ,Đà Nẵng,Miền Trung,Vòng tay,Vàng 24K,24,13.97,1,Sinh nhật,32417000.0,18151000.0,4.4,Không,Không,Không,Ví điện tử (Momo/ZaloPay),Giao hàng tiêu chuẩn,Online,4,Hàng năm,396.0,25934000.0,25967714.0,1982019.0,1,2,Khách hàng có nguy cơ rời bỏ,0.4038619472237385
2105,59,Nữ,Bình Định,Miền Trung,Lắc chân,Vàng 24K,24,11.58,0,Tự mua sắm,25560000.0,26931000.0,2.9,Không,Không,Có,Thẻ tín dụng,Giao hàng tiêu chuẩn,Tại cửa hàng,28,Hàng quý,96.0,143136000.0,131083949.0,5753583.0,0,1,Khách hàng VIP (giá trị cao nhất),0.4275612335331436
2106,31,Nữ,TP. Hồ Chí Minh,Miền Nam,Nhẫn,Vàng 24K,24,6.26,0,Tự mua sắm,13812000.0,10767000.0,3.8,Không,Không,Có,Chuyển khoản ngân hàng,Nhận tại cửa hàng,Online,12,Hai tuần một lần,14.0,33149000.0,32058398.0,33954438.0,0,0,Khách hàng phổ thông / mới,0.40278774254602967
2107,54,Nữ,Kiên Giang,Miền Nam,Bông tai,Vàng 18K,18,4.99,0,Tự mua sắm,7125000.0,6000000.0,4.6,Có,Có,Không,Chuyển khoản ngân hàng,Nhận tại cửa hàng,Online,2,Hàng quý,78.0,2850000.0,3493815.0,2926056.0,0,0,Khách hàng phổ thông / mới,0.16918509736785606
2108,24,Nữ,Long An,Miền Nam,Dây chuyền,Vàng 18K,18,10.3,0,Cưới hỏi,14742000.0,19885000.0,3.5,Không,Có,Không,Chuyển khoản ngân hàng,Giao hàng nhanh,Online,1,Hàng năm,389.0,2948000.0,2800600.0,952315.0,1,2,Khách hàng có nguy cơ rời bỏ,0.4783076247503114
2109,31,Nữ,Quảng Ngãi,Miền Trung,Dây chuyền,Bạc,5,7.45,0,Sinh nhật,607000.0,31695000.0,3.8,Có,Không,Có,Ví điện tử (Momo/ZaloPay),Giao hàng nhanh,Online,12,Nửa năm một lần,176.0,1457000.0,1705710.0,87269.0,0,0,Khách hàng phổ thông / mới,0.1438716157577839
2110,31,Nữ,Đắk Lắk,Miền Trung,Dây chuyền,Bạc,5,14.55,1,Cưới hỏi,5412000.0,18503000.0,4.3,Có,Có,Không,Chuyển khoản ngân hàng,Nhận tại cửa hàng,Online,3,Hàng quý,80.0,3247000.0,3913284.0,2440633.0,0,0,Khách hàng phổ thông / mới,0.17668491024810903
2111,31,Nữ,Gia Lai,Miền Trung,Dây chuyền,Vàng 24K,24,3.98,0,Cưới hỏi,8572000.0,22632000.0,2.9,Không,Có,Không,Tiền mặt,Nhận tại cửa hàng,Online,5,Hàng năm,401.0,8572000.0,7850238.0,503999.0,1,2,Khách hàng có nguy cơ rời bỏ,0.6034105829016018
2112,50,Nữ,Bình Định,Miền Trung,Vòng tay,Bạc,5,17.13,0,Cưới hỏi,849000.0,20443000.0,3.3,Không,Không,Không,Chuyển khoản ngân hàng,Nhận tại cửa hàng,Tại cửa hàng,7,Hàng quý,86.0,1189000.0,1115995.0,383733.0,0,0,Khách hàng phổ thông / mới,0.6544449448045747
2113,61,Nữ,Hà Nội,Miền Bắc,Nhẫn,Vàng đính đá quý,18,3.18,1,Tự mua sắm,5653000.0,26879000.0,3.3,Không,Có,Không,Ví điện tử (Momo/ZaloPay),Giao hàng tiêu chuẩn,Online,22,Nửa năm một lần,188.0,24873000.0,23345798.0,755838.0,1,3,Khách hàng trung thành,0.6256498974901179
2114,61,Nữ,TP. Hồ Chí Minh,Miền Nam,Dây chuyền,Vàng 24K,24,10.29,0,Quà tặng người yêu,22206000.0,19599000.0,4.8,Có,Không,Không,Tiền mặt,Giao hàng tiêu chuẩn,Tại cửa hàng,17,Hàng quý,81.0,75500000.0,93597350.0,9169520.0,0,3,Khách hàng trung thành,0.24147719303313
2115,53,Nữ,TP. Hồ Chí Minh,Miền Nam,Bông tai,Bạc,5,5.91,0,Quà tặng người yêu,300000.0,20664000.0,2.8,Không,Không,Có,Thẻ tín dụng,Giao hàng nhanh,Tại cửa hàng,24,Hàng tháng,27.0,1440000.0,1310544.0,313616.0,0,3,Khách hàng trung thành,0.4283332992747058
2116,27,Nữ,Khánh Hòa,Miền Trung,Vòng tay,Vàng 24K,24,17.63,0,Tự mua sắm,38196000.0,31087000.0,3.4,Không,Không,Không,Tiền mặt,Giao hàng nhanh,Online,10,Hàng tháng,30.0,76392000.0,72136966.0,42343082.0,0,3,Khách hàng trung thành,0.5437446004741368
2117,64,Nữ,Bà Rịa - Vũng Tàu,Miền Nam,Nhẫn,Bạc,5,7.03,0,Quà tặng người yêu,626000.0,29848000.0,4.9,Không,Không,Không,Chuyển khoản ngân hàng,Giao hàng nhanh,Online,3,Hàng năm,315.0,376000.0,387205.0,53780.0,1,2,Khách hàng có nguy cơ rời bỏ,0.5316059598735879
2118,44,Nữ,TP. Hồ Chí Minh,Miền Nam,Dây chuyền,Bạch kim,20,12.88,0,Quà tặng gia đình,23912000.0,15798000.0,4.6,Có,Không,Không,Tiền mặt,Giao hàng nhanh,Tại cửa hàng,17,Hàng năm,378.0,81301000.0,99666896.0,1842168.0,0,2,Khách hàng có nguy cơ rời bỏ,0.24382520411434408
2119,44,Nữ,Thanh Hóa,Miền Trung,Dây chuyền,Vàng 24K,24,8.45,0,Cưới hỏi,18267000.0,15981000.0,4.2,Không,Không,Không,Chuyển khoản ngân hàng,Nhận tại cửa hàng,Online,29,Hàng tháng,26.0,105949000.0,104878915.0,21232552.0,0,1,Khách hàng VIP (giá trị cao nhất),0.5646668095751588
2120,51,Nữ,Hà Nội,Miền Bắc,Bông tai,Vàng 18K,18,2.97,0,Quà tặng người yêu,4998000.0,16888000.0,3.9,Không,Không,Có,Tiền mặt,Nhận tại cửa hàng,Online,20,Hàng tháng,30.0,19992000.0,19448218.0,4096392.0,0,3,Khách hàng trung thành,0.3999314739639845
2121,54,Nam,Hà Nội,Miền Bắc,Trang sức bộ,Vàng đính đá quý,18,22.96,1,Lễ/Tết,40589000.0,13373000.0,4.6,Có,Có,Có,Ví điện tử (Momo/ZaloPay),Nhận tại cửa hàng,Online,8,Hai tuần một lần,13.0,64942000.0,79612398.0,106157256.0,0,0,Khách hàng phổ thông / mới,0.05194394568793506
2122,63,Nữ,Thanh Hóa,Miền Trung,Vòng tay,Vàng 18K,18,9.28,0,Tự mua sắm,13392000.0,17914000.0,4.9,Không,Có,Không,Thẻ tín dụng,Nhận tại cửa hàng,Tại cửa hàng,1,Nửa năm một lần,172.0,2678000.0,2757804.0,2120035.0,0,0,Khách hàng phổ thông / mới,0.24480192355034694
2123,45,Nữ,Đà Nẵng,Miền Trung,Bông tai,Bạc,5,3.39,1,Lễ/Tết,4283000.0,19850000.0,4.8,Không,Không,Có,Thẻ tín dụng,Giao hàng nhanh,Online,3,Hàng quý,97.0,2570000.0,2631937.0,1270133.0,0,0,Khách hàng phổ thông / mới,0.3306159780700157
2124,47,Nữ,Quảng Ninh,Miền Bắc,Nhẫn,Bạc,5,2.32,0,Sinh nhật,513000.0,15406000.0,4.1,Có,Không,Không,Ví điện tử (Momo/ZaloPay),Giao hàng nhanh,Online,26,Hàng quý,89.0,2668000.0,3178655.0,141971.0,0,3,Khách hàng trung thành,0.27763232769739626
2125,53,Nam,Thái Nguyên,Miền Bắc,Trang sức bộ,Vàng 24K,24,32.31,0,Cưới hỏi,61916000.0,24760000.0,4.3,Không,Có,Có,Thẻ tín dụng,Giao hàng nhanh,Tại cửa hàng,9,Hai tuần một lần,13.0,111449000.0,110958624.0,76982536.0,0,1,Khách hàng VIP (giá trị cao nhất),0.17353636245501322
2126,30,Nữ,Nam Định,Miền Bắc,Dây chuyền,Bạch kim,20,11.83,0,Tự mua sắm,19090000.0,8085000.0,4.4,Không,Có,Có,Tiền mặt,Nhận tại cửa hàng,Tại cửa hàng,2,Hai tuần một lần,14.0,7636000.0,7645927.0,39500551.0,0,0,Khách hàng phổ thông / mới,0.16649176550953756
2127,32,Nữ,Đồng Nai,Miền Nam,Dây chuyền,Bạc,5,3.74,0,Sinh nhật,518000.0,11661000.0,4.5,Không,Có,Không,Ví điện tử (Momo/ZaloPay),Nhận tại cửa hàng,Online,11,Hàng năm,353.0,1140000.0,1147980.0,63140.0,1,2,Khách hàng có nguy cơ rời bỏ,0.33818908666793396
2128,48,Nữ,Bình Dương,Miền Nam,Nhẫn,Vàng 24K,24,5.79,0,Sinh nhật,11911000.0,25494000.0,4.3,Không,Có,Có,Tiền mặt,Giao hàng nhanh,Online,27,Nửa năm một lần,184.0,64319000.0,64035996.0,2216279.0,0,3,Khách hàng trung thành,0.22635233751717498
2129,21,Nam,Nghệ An,Miền Trung,Nhẫn,Vàng đính đá quý,18,6.43,1,Cưới hỏi,13635000.0,32566000.0,2.9,Không,Có,Không,Thẻ tín dụng,Nhận tại cửa hàng,Tại cửa hàng,13,Hàng tháng,31.0,35451000.0,32466026.0,13149415.0,0,0,Khách hàng phổ thông / mới,0.5012751579175956
2130,33,Nữ,Quảng Ninh,Miền Bắc,Bông tai,Vàng 18K,18,5.31,0,Cưới hỏi,8625000.0,21750000.0,4.4,Có,Không,Có,Tiền mặt,Giao hàng tiêu chuẩn,Online,30,Hàng tháng,28.0,51750000.0,62726175.0,8803781.0,0,3,Khách hàng trung thành,0.2105794771919469
2131,52,Nữ,Hải Phòng,Miền Bắc,Dây chuyền,Bạch kim,20,6.95,0,Quà tặng người yêu,13539000.0,15280000.0,3.5,Không,Không,Không,Chuyển khoản ngân hàng,Giao hàng nhanh,Online,16,Hàng tháng,28.0,43325000.0,41158750.0,14564732.0,0,3,Khách hàng trung thành,0.5898366272211389
2132,64,Nữ,Hà Nội,Miền Bắc,Dây chuyền,Vàng 24K,24,10.57,0,Tự mua sắm,23279000.0,14048000.0,3.0,Không,Không,Không,Thẻ tín dụng,Nhận tại cửa hàng,Tại cửa hàng,28,Hai tuần một lần,15.0,130362000.0,120128583.0,51143099.0,0,1,Khách hàng VIP (giá trị cao nhất),0.6178436580611628
2133,42,Nữ,Nghệ An,Miền Trung,Nhẫn,Vàng 24K,24,3.29,0,Cưới hỏi,7267000.0,17893000.0,2.8,Không,Không,Không,Ví điện tử (Momo/ZaloPay),Nhận tại cửa hàng,Tại cửa hàng,7,Hai tuần một lần,13.0,10174000.0,9259357.0,13205598.0,0,0,Khách hàng phổ thông / mới,0.7048375577740427
2134,37,Nam,Hà Nội,Miền Bắc,Trang sức bộ,Bạch kim,20,31.22,0,Quà tặng gia đình,51470000.0,29086000.0,3.1,Không,Có,Có,Tiền mặt,Giao hàng nhanh,Online,17,Nửa năm một lần,190.0,174998000.0,162258146.0,9756907.0,0,1,Khách hàng VIP (giá trị cao nhất),0.30218108689940765
2135,39,Nữ,Lào Cai,Miền Bắc,Bông tai,Bạc,5,5.38,1,Cưới hỏi,3226000.0,23940000.0,3.8,Không,Không,Không,Chuyển khoản ngân hàng,Giao hàng tiêu chuẩn,Online,15,Hàng tháng,34.0,9678000.0,9359594.0,3213007.0,1,0,Khách hàng phổ thông / mới,0.6055677854921109
2136,50,Nam,Kiên Giang,Miền Nam,Trang sức bộ,Vàng 18K,18,11.91,0,Sinh nhật,19545000.0,12341000.0,3.1,Có,Không,Có,Tiền mặt,Nhận tại cửa hàng,Online,24,Hàng quý,98.0,93816000.0,105299078.0,6756627.0,0,1,Khách hàng VIP (giá trị cao nhất),0.25451238194724196
2137,44,Nữ,Khánh Hòa,Miền Trung,Lắc chân,Bạch kim,20,5.57,0,Cưới hỏi,10845000.0,23176000.0,4.2,Không,Không,Có,Tiền mặt,Nhận tại cửa hàng,Tại cửa hàng,5,Hàng quý,84.0,10845000.0,10735466.0,4178910.0,0,0,Khách hàng phổ thông / mới,0.3737677135307464
2138,19,Nữ,Cần Thơ,Miền Nam,Trang sức bộ,Bạc,5,12.57,0,Tự mua sắm,1227000.0,29183000.0,4.9,Không,Có,Không,Thẻ tín dụng,Giao hàng nhanh,Tại cửa hàng,6,Hàng quý,77.0,1472000.0,1515866.0,479740.0,0,0,Khách hàng phổ thông / mới,0.3079634735978472
2139,43,Nữ,Bắc Ninh,Miền Bắc,Vòng tay,Vàng 18K,18,10.98,0,Lễ/Tết,17736000.0,28846000.0,2.6,Không,Không,Có,Ví điện tử (Momo/ZaloPay),Nhận tại cửa hàng,Online,7,Hàng quý,84.0,24830000.0,22314721.0,7101463.0,0,0,Khách hàng phổ thông / mới,0.4687184035982748
2140,37,Nam,Hưng Yên,Miền Bắc,Nhẫn,Bạch kim,20,1.53,1,Sinh nhật,7217000.0,29534000.0,2.8,Không,Không,Không,Ví điện tử (Momo/ZaloPay),Giao hàng nhanh,Tại cửa hàng,29,Hàng năm,311.0,41859000.0,38095876.0,770335.0,0,2,Khách hàng có nguy cơ rời bỏ,0.6543257272560048
2141,51,Nam,Kiên Giang,Miền Nam,Dây chuyền,Bạc,5,12.39,0,Cưới hỏi,844000.0,26662000.0,3.1,Không,Có,Có,Chuyển khoản ngân hàng,Giao hàng nhanh,Online,27,Hàng tháng,31.0,4558000.0,4226178.0,764723.0,0,3,Khách hàng trung thành,0.38523760088673287
2142,60,Nam,Nghệ An,Miền Trung,Dây chuyền,Bạc,5,8.18,1,Tự mua sắm,3616000.0,20389500.0,4.5,Không,Không,Không,Thẻ tín dụng,Giao hàng tiêu chuẩn,Online,1,Nửa năm một lần,180.0,723000.0,728061.0,540442.0,1,0,Khách hàng phổ thông / mới,0.6553155746162341
2143,64,Nam,TP. Hồ Chí Minh,Miền Nam,Bông tai,Bạch kim,20,3.67,1,Quà tặng người yêu,7691000.0,16188000.0,3.2,Không,Có,Không,Thẻ tín dụng,Giao hàng nhanh,Online,13,Hàng tháng,31.0,19997000.0,18655201.0,7579362.0,0,0,Khách hàng phổ thông / mới,0.4898971454873369
2144,47,Nữ,Tây Ninh,Miền Nam,Nhẫn,Bạc,5,6.33,0,Tự mua sắm,300000.0,32997000.0,3.0,Có,Không,Không,Tiền mặt,Giao hàng nhanh,Tại cửa hàng,17,Hàng tháng,33.0,1020000.0,1137810.0,348770.0,0,0,Khách hàng phổ thông / mới,0.3978195948772268
2145,35,Nam,Bình Định,Miền Trung,Nhẫn,Vàng đính đá quý,18,6.13,1,Tự mua sắm,12316000.0,17719000.0,2.9,Không,Không,Không,Thẻ tín dụng,Giao hàng nhanh,Online,27,Hai tuần một lần,13.0,66506000.0,60906195.0,22082419.0,0,3,Khách hàng trung thành,0.6870116988549563
2146,39,Nữ,Vĩnh Phúc,Miền Bắc,Bông tai,Bạch kim,20,2.57,0,Cưới hỏi,4588000.0,7064000.0,2.9,Không,Có,Có,Thẻ tín dụng,Giao hàng tiêu chuẩn,Tại cửa hàng,14,Nửa năm một lần,175.0,12846000.0,11764367.0,578753.0,1,0,Khách hàng phổ thông / mới,0.5200078402065261
2147,26,Nam,Bình Định,Miền Trung,Nhẫn,Vàng 18K,18,6.59,0,Tự mua sắm,10234000.0,23805000.0,4.3,Không,Không,Có,Chuyển khoản ngân hàng,Giao hàng nhanh,Tại cửa hàng,24,Hàng quý,89.0,49123000.0,48906859.0,3551969.0,0,3,Khách hàng trung thành,0.470907819910417
2148,62,Nam,Hà Nội,Miền Bắc,Nhẫn,Vàng 18K,18,5.66,0,Tự mua sắm,9179000.0,29154000.0,4.3,Có,Không,Không,Tiền mặt,Nhận tại cửa hàng,Tại cửa hàng,24,Nửa năm một lần,197.0,44059000.0,53099907.0,1410621.0,0,3,Khách hàng trung thành,0.2940266992015967
2149,58,Nữ,Hải Phòng,Miền Bắc,Nhẫn,Vàng đính đá quý,18,2.92,1,Quà tặng người yêu,8468000.0,20917000.0,3.3,Không,Không,Không,Tiền mặt,Nhận tại cửa hàng,Online,16,Hàng tháng,30.0,27098000.0,25434183.0,8732214.0,0,3,Khách hàng trung thành,0.6234932611966988
2150,58,Nữ,Hà Nội,Miền Bắc,Bông tai,Vàng đính đá quý,18,1.15,1,Cưới hỏi,4837000.0,25328000.0,3.6,Không,Không,Không,Chuyển khoản ngân hàng,Giao hàng tiêu chuẩn,Online,23,Nửa năm một lần,166.0,22250000.0,21264325.0,912542.0,1,3,Khách hàng trung thành,0.6305513272883558
2151,33,Nữ,Bà Rịa - Vũng Tàu,Miền Nam,Nhẫn,Vàng 24K,24,6.42,0,Sinh nhật,12709000.0,14183000.0,4.1,Không,Có,Không,Tiền mặt,Giao hàng nhanh,Online,3,Hàng tuần,8.0,7625000.0,7504525.0,36595194.0,0,0,Khách hàng phổ thông / mới,0.31950563616645505
2152,33,Nữ,TP. Hồ Chí Minh,Miền Nam,Nhẫn,Vàng 18K,18,2.58,0,Tự mua sắm,4425000.0,16730000.0,4.9,Không,Không,Không,Thẻ tín dụng,Giao hàng tiêu chuẩn,Online,10,Hàng tháng,26.0,8850000.0,9113730.0,6475011.0,0,0,Khách hàng phổ thông / mới,0.5043141457072765
2153,59,Nữ,Vĩnh Phúc,Miền Bắc,Nhẫn,Vàng 18K,18,2.23,0,Tự mua sắm,3748000.0,8878000.0,4.4,Có,Không,Không,Chuyển khoản ngân hàng,Nhận tại cửa hàng,Tại cửa hàng,26,Nửa năm một lần,190.0,19490000.0,23623829.0,421258.0,0,3,Khách hàng trung thành,0.3256912439439198
2154,44,Nữ,Nam Định,Miền Bắc,Bông tai,Vàng đính đá quý,18,3.1,1,Sinh nhật,8916000.0,13125000.0,4.5,Có,Có,Không,Ví điện tử (Momo/ZaloPay),Giao hàng nhanh,Online,5,Hai tuần một lần,13.0,8916000.0,10868604.0,17506989.0,0,0,Khách hàng phổ thông / mới,0.2168801328402165
2155,51,Nam,TP. Hồ Chí Minh,Miền Nam,Nhẫn,Vàng đính đá quý,18,7.49,1,Cưới hỏi,17008000.0,31117000.0,4.9,Không,Có,Có,Chuyển khoản ngân hàng,Nhận tại cửa hàng,Online,16,Hàng quý,90.0,54426000.0,56047895.0,5563964.0,0,3,Khách hàng trung thành,0.22755251586784056
2156,41,Nữ,Tiền Giang,Miền Nam,Nhẫn,Bạch kim,20,6.17,1,Quà tặng người yêu,13760000.0,6000000.0,3.5,Không,Không,Không,Ví điện tử (Momo/ZaloPay),Giao hàng nhanh,Online,24,Nửa năm một lần,207.0,66048000.0,62745600.0,1404370.0,1,3,Khách hàng trung thành,0.6227647688550646
2157,39,Nữ,Vĩnh Phúc,Miền Bắc,Trang sức bộ,Vàng 18K,18,29.95,0,Quà tặng người yêu,47506000.0,17629000.0,2.7,Có,Không,Có,Thẻ tín dụng,Giao hàng tiêu chuẩn,Online,16,Nửa năm một lần,187.0,152019000.0,166430401.0,7380041.0,0,1,Khách hàng VIP (giá trị cao nhất),0.2690725499715514
2158,48,Nữ,Lào Cai,Miền Bắc,Lắc chân,Vàng đính đá quý,18,5.43,1,Cưới hỏi,13250000.0,17144000.0,4.4,Không,Không,Không,Chuyển khoản ngân hàng,Giao hàng nhanh,Online,30,Nửa năm một lần,191.0,79500000.0,79603350.0,2703551.0,0,3,Khách hàng trung thành,0.5450643228040198
2159,57,Nam,Long An,Miền Nam,Nhẫn,Vàng 24K,24,6.93,0,Quà tặng người yêu,15026000.0,25581000.0,2.8,Không,Không,Không,Ví điện tử (Momo/ZaloPay),Giao hàng nhanh,Online,26,Hàng tháng,31.0,78135000.0,71110664.0,14595959.0,1,3,Khách hàng trung thành,0.6824299902431611
2160,34,Nữ,An Giang,Miền Nam,Dây chuyền,Vàng 18K,18,7.98,1,Quà tặng người yêu,17738000.0,6000000.0,3.6,Không,Không,Không,Tiền mặt,Nhận tại cửa hàng,Online,3,Hai tuần một lần,15.0,10643000.0,10171515.0,36949182.0,0,0,Khách hàng phổ thông / mới,0.5434491712103251
2161,56,Nữ,An Giang,Miền Nam,Nhẫn,Vàng 18K,18,7.87,0,Tự mua sắm,11652000.0,16016000.0,4.3,Không,Có,Không,Chuyển khoản ngân hàng,Nhận tại cửa hàng,Online,16,Hàng quý,88.0,37286000.0,37121942.0,3071243.0,0,3,Khách hàng trung thành,0.3809777339565828
2162,29,Nam,Vĩnh Phúc,Miền Bắc,Bông tai,Bạc,5,3.85,0,Tự mua sắm,468000.0,15621000.0,3.9,Không,Có,Không,Thẻ tín dụng,Nhận tại cửa hàng,Tại cửa hàng,22,Hàng tháng,26.0,2059000.0,2002995.0,480090.0,0,3,Khách hàng trung thành,0.3734859206219152
2163,37,Nữ,Hải Phòng,Miền Bắc,Dây chuyền,Bạc,5,10.27,0,Quà tặng người yêu,859000.0,23057000.0,3.4,Không,Có,Không,Ví điện tử (Momo/ZaloPay),Nhận tại cửa hàng,Online,23,Hàng tháng,34.0,3951000.0,3730929.0,706753.0,0,3,Khách hàng trung thành,0.5241695451008123
2164,61,Nam,Đà Nẵng,Miền Trung,Trang sức bộ,Vàng 18K,18,32.88,0,Tự mua sắm,45002000.0,21592000.0,3.8,Không,Có,Không,Thẻ tín dụng,Giao hàng nhanh,Tại cửa hàng,16,Hàng quý,92.0,144006000.0,139268203.0,13835346.0,0,1,Khách hàng VIP (giá trị cao nhất),0.37430295377594947
2165,63,Nữ,Vĩnh Phúc,Miền Bắc,Lắc chân,Vàng 24K,24,11.54,0,Quà tặng người yêu,22817000.0,10188000.0,3.1,Có,Có,Không,Ví điện tử (Momo/ZaloPay),Giao hàng nhanh,Tại cửa hàng,13,Hàng quý,101.0,59324000.0,66585258.0,8340828.0,0,3,Khách hàng trung thành,0.26288291417390747
2166,62,Nam,Bà Rịa - Vũng Tàu,Miền Nam,Vòng tay,Bạch kim,20,5.26,0,Cưới hỏi,10325000.0,19349000.0,2.7,Có,Không,Không,Ví điện tử (Momo/ZaloPay),Giao hàng nhanh,Online,10,Hàng quý,96.0,20650000.0,22607620.0,3550459.0,1,0,Khách hàng phổ thông / mới,0.5944284223833329
2167,33,Nữ,Hà Nội,Miền Bắc,Nhẫn,Vàng 24K,24,3.01,0,Quà tặng gia đình,6042000.0,14538000.0,3.5,Có,Có,Không,Chuyển khoản ngân hàng,Giao hàng nhanh,Online,11,Hàng tuần,8.0,13292000.0,15285800.0,14499668.0,0,0,Khách hàng phổ thông / mới,0.22006472432751992
2168,58,Nam,Quảng Ngãi,Miền Trung,Lắc chân,Vàng 18K,18,8.53,0,Sinh nhật,13577000.0,24725000.0,2.6,Không,Không,Không,Tiền mặt,Giao hàng tiêu chuẩn,Online,1,Hàng tháng,31.0,2715000.0,2439970.0,13722022.0,0,0,Khách hàng phổ thông / mới,0.5372262786338816
2169,62,Nữ,An Giang,Miền Nam,Bông tai,Vàng 24K,24,1.02,0,Quà tặng người yêu,2608000.0,19997000.0,4.9,Không,Không,Không,Tiền mặt,Nhận tại cửa hàng,Online,26,Hàng tháng,34.0,13562000.0,13966148.0,2507546.0,0,3,Khách hàng trung thành,0.5121764370493155
2170,64,Nam,Tây Ninh,Miền Nam,Bông tai,Vàng 18K,18,2.59,0,Cưới hỏi,4094000.0,34080000.0,3.6,Không,Có,Không,Chuyển khoản ngân hàng,Giao hàng nhanh,Tại cửa hàng,22,Hàng tháng,33.0,18014000.0,17215980.0,4485635.0,0,3,Khách hàng trung thành,0.4174280094557821
2171,19,Nữ,TP. Hồ Chí Minh,Miền Nam,Nhẫn,Vàng 18K,18,2.78,0,Tự mua sắm,4408000.0,14492000.0,4.7,Không,Có,Không,Thẻ tín dụng,Giao hàng nhanh,Online,9,Nửa năm một lần,178.0,7934000.0,8079986.0,954280.0,0,0,Khách hàng phổ thông / mới,0.3607231698310192
2172,53,Nam,Kiên Giang,Miền Nam,Bông tai,Bạc,5,3.62,0,Cưới hỏi,300000.0,17205000.0,4.9,Có,Có,Không,Thẻ tín dụng,Nhận tại cửa hàng,Tại cửa hàng,4,Hàng tháng,28.0,240000.0,299184.0,262698.0,0,0,Khách hàng phổ thông / mới,0.17812571678264683
2173,65,Nữ,Hà Nội,Miền Bắc,Lắc chân,Vàng 18K,18,8.38,0,Quà tặng gia đình,13418000.0,18175000.0,3.6,Không,Không,Không,Ví điện tử (Momo/ZaloPay),Giao hàng nhanh,Tại cửa hàng,16,Hàng tháng,29.0,42938000.0,41035847.0,11854743.0,0,3,Khách hàng trung thành,0.5001687275528135
2174,54,Nam,Thanh Hóa,Miền Trung,Trang sức bộ,Vàng 18K,18,14.73,0,Sinh nhật,23830000.0,19889000.0,3.6,Có,Không,Có,Thẻ tín dụng,Giao hàng nhanh,Online,26,Hàng năm,330.0,123916000.0,143358420.0,1675977.0,0,1,Khách hàng VIP (giá trị cao nhất),0.12149526175237069
2175,29,Nam,Hà Nội,Miền Bắc,Vòng tay,Bạch kim,20,13.05,0,Quà tặng người yêu,24628000.0,25633000.0,4.7,Không,Không,Không,Thẻ tín dụng,Giao hàng nhanh,Tại cửa hàng,30,Hàng quý,83.0,147768000.0,150486931.0,8526716.0,0,1,Khách hàng VIP (giá trị cao nhất),0.3890036031183589
2176,54,Nam,Tây Ninh,Miền Nam,Vòng tay,Vàng 24K,24,10.95,1,Sinh nhật,29671000.0,18145000.0,2.6,Có,Không,Không,Thẻ tín dụng,Nhận tại cửa hàng,Online,8,Hàng tháng,27.0,47474000.0,51646965.0,35735242.0,0,0,Khách hàng phổ thông / mới,0.3429895393607762
2177,23,Nam,An Giang,Miền Nam,Dây chuyền,Bạch kim,20,14.89,1,Tự mua sắm,31332000.0,16612000.0,3.7,Có,Không,Không,Ví điện tử (Momo/ZaloPay),Giao hàng tiêu chuẩn,Online,14,Nửa năm một lần,158.0,87730000.0,102100174.0,7006392.0,0,1,Khách hàng VIP (giá trị cao nhất),0.2475265599488346
2178,41,Nam,Hà Nội,Miền Bắc,Bông tai,Vàng 18K,18,1.33,0,Sinh nhật,2260000.0,22959000.0,3.2,Không,Không,Không,Thẻ tín dụng,Giao hàng tiêu chuẩn,Online,18,Nửa năm một lần,176.0,8136000.0,7590074.0,379961.0,1,3,Khách hàng trung thành,0.6913581459811189
2179,48,Nữ,Hà Nội,Miền Bắc,Trang sức bộ,Vàng đính đá quý,18,31.02,1,Quà tặng gia đình,57669000.0,14256000.0,4.4,Không,Không,Không,Thẻ tín dụng,Giao hàng tiêu chuẩn,Online,18,Hàng năm,393.0,207608000.0,207877890.0,4148767.0,1,1,Khách hàng VIP (giá trị cao nhất),0.6613206750921043
2180,39,Nữ,Thanh Hóa,Miền Trung,Vòng tay,Vàng 24K,24,19.99,0,Quà tặng gia đình,43612000.0,24755000.0,4.6,Không,Không,Không,Chuyển khoản ngân hàng,Nhận tại cửa hàng,Tại cửa hàng,9,Hàng năm,318.0,78502000.0,79498975.0,4226729.0,1,2,Khách hàng có nguy cơ rời bỏ,0.5801215351805988
2181,51,Nam,Hải Dương,Miền Bắc,Nhẫn,Bạc,5,5.02,1,Quà tặng người yêu,4674000.0,18414000.0,4.1,Có,Không,Không,Tiền mặt,Giao hàng tiêu chuẩn,Tại cửa hàng,25,Nửa năm một lần,190.0,23370000.0,27843018.0,627060.0,0,3,Khách hàng trung thành,0.23660939451529037
2182,29,Nữ,Long An,Miền Nam,Nhẫn,Bạc,5,5.92,0,Quà tặng người yêu,300000.0,20389500.0,3.5,Không,Có,Có,Chuyển khoản ngân hàng,Nhận tại cửa hàng,Online,22,Hàng tháng,34.0,1320000.0,1254000.0,364266.0,0,3,Khách hàng trung thành,0.24403118138208815
2183,47,Nữ,Quảng Ninh,Miền Bắc,Vòng tay,Bạc,5,6.92,0,Cưới hỏi,550000.0,7946000.0,3.9,Có,Không,Không,Chuyển khoản ngân hàng,Nhận tại cửa hàng,Tại cửa hàng,25,Hàng quý,89.0,2750000.0,3238400.0,131744.0,0,3,Khách hàng trung thành,0.3059620385379368
2184,48,Nam,Đồng Nai,Miền Nam,Lắc chân,Bạch kim,20,6.16,0,Tự mua sắm,11937000.0,13165000.0,3.9,Không,Không,Không,Tiền mặt,Nhận tại cửa hàng,Tại cửa hàng,4,Hai tuần một lần,13.0,9550000.0,9290240.0,28462949.0,0,0,Khách hàng phổ thông / mới,0.569445369226268
2185,48,Nữ,Bình Định,Miền Trung,Nhẫn,Vàng 24K,24,2.68,0,Tự mua sắm,6294000.0,19434000.0,4.1,Không,Không,Không,Ví điện tử (Momo/ZaloPay),Giao hàng tiêu chuẩn,Tại cửa hàng,21,Hàng quý,93.0,26435000.0,26017327.0,2769866.0,0,3,Khách hàng trung thành,0.5466950640964635
2186,31,Nam,Nghệ An,Miền Trung,Dây chuyền,Vàng 18K,18,10.0,0,Cưới hỏi,16065000.0,19213000.0,4.8,Có,Không,Không,Tiền mặt,Giao hàng nhanh,Tại cửa hàng,11,Hàng năm,385.0,35343000.0,43814717.0,1253350.0,1,2,Khách hàng có nguy cơ rời bỏ,0.4047583497833673
2187,32,Nam,Bắc Ninh,Miền Bắc,Trang sức bộ,Vàng đính đá quý,18,33.55,1,Quà tặng gia đình,58124000.0,17931000.0,3.1,Không,Có,Không,Ví điện tử (Momo/ZaloPay),Giao hàng nhanh,Online,23,Hàng tuần,7.0,267370000.0,247905464.0,168407252.0,0,1,Khách hàng VIP (giá trị cao nhất),0.49575177690556926
2188,30,Nữ,Tây Ninh,Miền Nam,Vòng tay,Vàng đính đá quý,18,5.44,1,Cưới hỏi,15684000.0,9441000.0,3.0,Có,Không,Không,Ví điện tử (Momo/ZaloPay),Giao hàng tiêu chuẩn,Tại cửa hàng,16,Hàng năm,354.0,50189000.0,55985829.0,1243635.0,1,2,Khách hàng có nguy cơ rời bỏ,0.6089315979650113
2189,40,Nữ,Quảng Ngãi,Miền Trung,Nhẫn,Vàng 18K,18,4.71,1,Lễ/Tết,12693000.0,18917000.0,3.0,Có,Không,Không,Tiền mặt,Giao hàng tiêu chuẩn,Online,16,Hàng quý,102.0,40618000.0,45309379.0,3612015.0,0,3,Khách hàng trung thành,0.4436597526266163
2190,46,Nữ,Đà Nẵng,Miền Trung,Dây chuyền,Bạc,5,11.68,0,Lễ/Tết,627000.0,9889000.0,4.2,Không,Không,Có,Thẻ tín dụng,Nhận tại cửa hàng,Online,18,Hàng tháng,30.0,2257000.0,2234204.0,781940.0,0,3,Khách hàng trung thành,0.35243467599076117
2191,35,Nữ,Thanh Hóa,Miền Trung,Dây chuyền,Bạch kim,20,8.17,1,Quà tặng người yêu,14804000.0,11211000.0,4.8,Có,Có,Có,Tiền mặt,Giao hàng nhanh,Online,7,Hàng năm,418.0,20726000.0,25694022.0,639474.0,0,2,Khách hàng có nguy cơ rời bỏ,0.09134696537917507
2192,37,Nữ,An Giang,Miền Nam,Nhẫn,Bạch kim,20,5.0,0,Cưới hỏi,8684000.0,27816000.0,3.3,Có,Có,Không,Chuyển khoản ngân hàng,Giao hàng nhanh,Tại cửa hàng,18,Hàng quý,90.0,31262000.0,35519884.0,3693647.0,0,3,Khách hàng trung thành,0.3561006160381599
2193,31,Nam,Cần Thơ,Miền Nam,Bông tai,Vàng đính đá quý,18,3.26,1,Quà tặng người yêu,7105000.0,18914000.0,3.6,Không,Có,Không,Thẻ tín dụng,Nhận tại cửa hàng,Online,27,Hàng quý,81.0,38367000.0,36667342.0,1957000.0,0,3,Khách hàng trung thành,0.4773244373714258
2194,28,Nữ,Cần Thơ,Miền Nam,Vòng tay,Vàng đính đá quý,18,13.96,1,Quà tặng gia đình,22100000.0,22634000.0,4.9,Không,Có,Không,Thẻ tín dụng,Giao hàng nhanh,Online,3,Hàng quý,98.0,13260000.0,13655148.0,6440589.0,0,0,Khách hàng phổ thông / mới,0.261745998188873
2195,49,Nam,Quảng Ngãi,Miền Trung,Bông tai,Vàng 18K,18,1.34,0,Cưới hỏi,2405000.0,30742000.0,2.9,Không,Không,Có,Ví điện tử (Momo/ZaloPay),Nhận tại cửa hàng,Online,6,Hàng tháng,33.0,2886000.0,2642999.0,2017436.0,0,0,Khách hàng phổ thông / mới,0.5386339891218882
2196,57,Nam,Bà Rịa - Vũng Tàu,Miền Nam,Vòng tay,Bạc,5,13.2,0,Lễ/Tết,714000.0,20794000.0,4.7,Không,Có,Không,Chuyển khoản ngân hàng,Giao hàng tiêu chuẩn,Online,2,Hai tuần một lần,12.0,286000.0,291262.0,1974102.0,0,0,Khách hàng phổ thông / mới,0.22234793597418834
2197,31,Nam,Vĩnh Phúc,Miền Bắc,Nhẫn,Vàng 18K,18,4.83,0,Sinh nhật,7741000.0,26361000.0,4.9,Không,Không,Có,Ví điện tử (Momo/ZaloPay),Giao hàng tiêu chuẩn,Tại cửa hàng,15,Nửa năm một lần,167.0,23223000.0,23915045.0,990576.0,1,0,Khách hàng phổ thông / mới,0.37959633755741434
2198,59,Nữ,TP. Hồ Chí Minh,Miền Nam,Nhẫn,Vàng 24K,24,2.68,1,Sinh nhật,11784000.0,24026000.0,4.5,Không,Không,Có,Chuyển khoản ngân hàng,Giao hàng tiêu chuẩn,Online,8,Hàng năm,360.0,18854000.0,18985978.0,1063694.0,0,2,Khách hàng có nguy cơ rời bỏ,0.32770153945451475
2199,45,Nữ,Huế,Miền Trung,Nhẫn,Bạch kim,20,4.98,0,Quà tặng gia đình,9532000.0,15439000.0,3.8,Không,Không,Không,Thẻ tín dụng,Giao hàng nhanh,Online,18,Nửa năm một lần,205.0,34315000.0,33186036.0,1903204.0,1,3,Khách hàng trung thành,0.709027087098222
2200,26,Nam,Gia Lai,Miền Trung,Nhẫn,Bạc,5,4.51,1,Sinh nhật,1193000.0,18322000.0,4.1,Không,Không,Có,Tiền mặt,Nhận tại cửa hàng,Tại cửa hàng,2,Hàng năm,407.0,477000.0,469463.0,66359.0,0,2,Khách hàng có nguy cơ rời bỏ,0.4174929535642156
2201,35,Nữ,Tây Ninh,Miền Nam,Bông tai,Vàng 24K,24,3.97,1,Tự mua sắm,12059000.0,14613000.0,3.2,Không,Không,Không,Tiền mặt,Giao hàng nhanh,Tại cửa hàng,4,Hàng năm,382.0,9647000.0,8999686.0,979381.0,1,2,Khách hàng có nguy cơ rời bỏ,0.6726894008372133
2202,18,Nữ,Tây Ninh,Miền Nam,Nhẫn,Bạc,5,5.16,0,Sinh nhật,583000.0,23131000.0,2.8,Không,Không,Không,Chuyển khoản ngân hàng,Giao hàng tiêu chuẩn,Tại cửa hàng,7,Hàng tuần,8.0,816000.0,742642.0,1540595.0,0,0,Khách hàng phổ thông / mới,0.6113810530629793
2203,19,Nữ,Khánh Hòa,Miền Trung,Bông tai,Vàng 18K,18,3.02,0,Quà tặng người yêu,4036000.0,25890000.0,2.8,Không,Có,Có,Chuyển khoản ngân hàng,Giao hàng tiêu chuẩn,Tại cửa hàng,20,Nửa năm một lần,163.0,16144000.0,14692654.0,799767.0,0,3,Khách hàng trung thành,0.36415505483768945
2204,34,Nam,Đắk Lắk,Miền Trung,Nhẫn,Vàng 24K,24,6.58,0,Quà tặng người yêu,14946000.0,10239000.0,2.5,Có,Không,Không,Chuyển khoản ngân hàng,Giao hàng nhanh,Online,2,Nửa năm một lần,186.0,5978000.0,6462218.0,2418954.0,0,0,Khách hàng phổ thông / mới,0.5617804935908244
2205,39,Nữ,An Giang,Miền Nam,Nhẫn,Bạc,5,3.82,0,Quà tặng người yêu,779000.0,13954000.0,4.9,Không,Không,Không,Ví điện tử (Momo/ZaloPay),Giao hàng tiêu chuẩn,Tại cửa hàng,16,Hàng quý,98.0,2493000.0,2567291.0,210934.0,0,0,Khách hàng phổ thông / mới,0.5114701306033047
2206,56,Nam,Tây Ninh,Miền Nam,Nhẫn,Bạc,5,4.58,0,Tự mua sắm,300000.0,18624000.0,4.1,Có,Có,Có,Tiền mặt,Giao hàng tiêu chuẩn,Online,16,Hàng quý,83.0,960000.0,1143744.0,117956.0,0,0,Khách hàng phổ thông / mới,0.11543188270673609
2207,24,Nữ,Bình Dương,Miền Nam,Vòng tay,Bạc,5,11.4,0,Cưới hỏi,926000.0,13501000.0,3.3,Không,Không,Không,Chuyển khoản ngân hàng,Giao hàng tiêu chuẩn,Online,10,Nửa năm một lần,162.0,1852000.0,1738287.0,227176.0,1,0,Khách hàng phổ thông / mới,0.7090160279743342
2208,58,Nam,Hà Nội,Miền Bắc,Bông tai,Vàng 24K,24,3.43,0,Sinh nhật,7959000.0,19606000.0,3.9,Không,Không,Có,Chuyển khoản ngân hàng,Giao hàng nhanh,Online,4,Hàng năm,376.0,6367000.0,6193818.0,613205.0,0,2,Khách hàng có nguy cơ rời bỏ,0.3502295571298119
2209,29,Nam,Lào Cai,Miền Bắc,Lắc chân,Bạc,5,10.2,0,Quà tặng người yêu,498000.0,22048000.0,4.0,Không,Có,Không,Chuyển khoản ngân hàng,Nhận tại cửa hàng,Tại cửa hàng,22,Hàng năm,411.0,2191000.0,2143894.0,41060.0,0,2,Khách hàng có nguy cơ rời bỏ,0.37876958799011506
2210,24,Nữ,An Giang,Miền Nam,Nhẫn,Vàng 24K,24,6.11,0,Tự mua sắm,13574000.0,28209000.0,3.0,Không,Không,Không,Tiền mặt,Nhận tại cửa hàng,Online,13,Hàng quý,103.0,35292000.0,32521578.0,3033239.0,1,0,Khách hàng phổ thông / mới,0.7300912047008075
2211,51,Nam,Bình Dương,Miền Nam,Vòng tay,Vàng đính đá quý,18,5.63,1,Lễ/Tết,13568000.0,20389500.0,3.2,Có,Có,Có,Thẻ tín dụng,Giao hàng tiêu chuẩn,Tại cửa hàng,18,Nửa năm một lần,178.0,48845000.0,55160658.0,1893059.0,0,3,Khách hàng trung thành,0.14632157188576878
2212,55,Nam,TP. Hồ Chí Minh,Miền Nam,Bông tai,Vàng 18K,18,3.47,1,Tự mua sắm,6797000.0,17201000.0,3.9,Không,Không,Không,Tiền mặt,Nhận tại cửa hàng,Tại cửa hàng,24,Hàng quý,89.0,32626000.0,31738573.0,2485945.0,0,3,Khách hàng trung thành,0.5640342907967473
2213,47,Nữ,TP. Hồ Chí Minh,Miền Nam,Dây chuyền,Vàng đính đá quý,18,4.5,1,Quà tặng gia đình,9383000.0,23190000.0,4.6,Không,Có,Không,Tiền mặt,Giao hàng nhanh,Online,1,Hàng năm,379.0,1877000.0,1900838.0,941128.0,0,2,Khách hàng có nguy cơ rời bỏ,0.3163536548575985
2214,23,Nam,Huế,Miền Trung,Nhẫn,Vàng 24K,24,6.24,0,Quà tặng người yêu,12062000.0,18783000.0,2.8,Không,Có,Có,Ví điện tử (Momo/ZaloPay),Giao hàng nhanh,Online,24,Nửa năm một lần,157.0,57898000.0,52692970.0,2452375.0,1,3,Khách hàng trung thành,0.4803236514892332
2215,23,Nữ,Huế,Miền Trung,Nhẫn,Vàng 24K,24,7.91,0,Quà tặng người yêu,15018000.0,8230000.0,4.6,Có,Có,Không,Chuyển khoản ngân hàng,Nhận tại cửa hàng,Online,3,Hàng năm,370.0,9011000.0,11046585.0,1149059.0,0,2,Khách hàng có nguy cơ rời bỏ,0.1574723036204285
2216,36,Nữ,Cần Thơ,Miền Nam,Nhẫn,Vàng 18K,18,5.52,0,Sinh nhật,8827000.0,13883000.0,4.0,Không,Không,Không,Ví điện tử (Momo/ZaloPay),Giao hàng tiêu chuẩn,Online,17,Hàng năm,379.0,30012000.0,29366742.0,698618.0,1,2,Khách hàng có nguy cơ rời bỏ,0.555526363696408
2217,39,Nam,Vĩnh Phúc,Miền Bắc,Lắc chân,Bạch kim,20,6.42,0,Cưới hỏi,10935000.0,17645000.0,3.7,Không,Có,Không,Chuyển khoản ngân hàng,Giao hàng nhanh,Online,3,Hàng quý,80.0,6561000.0,6307745.0,3177683.0,0,0,Khách hàng phổ thông / mới,0.42221474506398077
2218,65,Nữ,TP. Hồ Chí Minh,Miền Nam,Dây chuyền,Vàng đính đá quý,18,3.87,1,Tự mua sắm,8543000.0,27091000.0,2.9,Có,Có,Không,Tiền mặt,Giao hàng tiêu chuẩn,Online,1,Hàng năm,401.0,1709000.0,1894597.0,708672.0,1,2,Khách hàng có nguy cơ rời bỏ,0.5713914449956423
2219,31,Nam,TP. Hồ Chí Minh,Miền Nam,Vòng tay,Bạc,5,9.99,0,Tự mua sắm,300000.0,27374000.0,3.9,Không,Có,Không,Ví điện tử (Momo/ZaloPay),Giao hàng nhanh,Online,13,Nửa năm một lần,184.0,780000.0,758784.0,56681.0,0,0,Khách hàng phổ thông / mới,0.2652471490494039
2220,27,Nữ,Long An,Miền Nam,Bông tai,Vàng 18K,18,3.63,0,Quà tặng người yêu,4472000.0,11933000.0,3.4,Không,Có,Không,Chuyển khoản ngân hàng,Giao hàng tiêu chuẩn,Online,17,Hàng tháng,33.0,15205000.0,14358082.0,3734623.0,0,3,Khách hàng trung thành,0.5496511576226873
2221,63,Nam,Lào Cai,Miền Bắc,Dây chuyền,Vàng 24K,24,13.57,0,Quà tặng gia đình,29761000.0,16126000.0,3.8,Có,Không,Có,Tiền mặt,Giao hàng tiêu chuẩn,Online,10,Hàng tuần,7.0,59522000.0,69682405.0,81728981.0,0,0,Khách hàng phổ thông / mới,0.10095760892076665
2222,25,Nam,TP. Hồ Chí Minh,Miền Nam,Bông tai,Bạc,5,3.56,0,Quà tặng người yêu,300000.0,25274000.0,4.7,Không,Có,Không,Tiền mặt,Giao hàng nhanh,Tại cửa hàng,8,Nửa năm một lần,172.0,480000.0,488832.0,54830.0,1,0,Khách hàng phổ thông / mới,0.3631470732674327
2223,19,Nữ,Hải Phòng,Miền Bắc,Nhẫn,Vàng 18K,18,7.9,0,Tự mua sắm,12265000.0,15638000.0,3.7,Có,Không,Có,Ví điện tử (Momo/ZaloPay),Giao hàng tiêu chuẩn,Online,6,Hàng tháng,29.0,14718000.0,17128808.0,11690538.0,0,0,Khách hàng phổ thông / mới,0.18255707650987366
2224,38,Nữ,Bắc Ninh,Miền Bắc,Vòng tay,Vàng đính đá quý,18,10.54,1,Sinh nhật,23492000.0,22510000.0,2.7,Không,Không,Không,Chuyển khoản ngân hàng,Nhận tại cửa hàng,Tại cửa hàng,18,Hàng tháng,34.0,84571000.0,76486012.0,20481489.0,1,3,Khách hàng trung thành,0.787074341120606
2225,37,Nữ,Huế,Miền Trung,Nhẫn,Vàng 18K,18,1.5,1,Tự mua sắm,7401000.0,18610000.0,3.3,Không,Có,Có,Tiền mặt,Giao hàng tiêu chuẩn,Tại cửa hàng,13,Hàng quý,89.0,19243000.0,18061480.0,3437598.0,0,0,Khách hàng phổ thông / mới,0.5082856438791507
2226,47,Nữ,Hà Nội,Miền Bắc,Dây chuyền,Bạch kim,20,10.54,0,Quà tặng người yêu,19666000.0,20766000.0,3.0,Không,Không,Có,Thẻ tín dụng,Giao hàng tiêu chuẩn,Online,28,Hàng tuần,7.0,110130000.0,101484795.0,56374676.0,0,1,Khách hàng VIP (giá trị cao nhất),0.5528078276313586
2227,60,Nữ,Kiên Giang,Miền Nam,Dây chuyền,Vàng đính đá quý,18,5.63,1,Quà tặng gia đình,12851000.0,18421000.0,4.8,Không,Không,Không,Ví điện tử (Momo/ZaloPay),Giao hàng nhanh,Tại cửa hàng,14,Hàng quý,97.0,35983000.0,36850190.0,3718174.0,0,3,Khách hàng trung thành,0.4897848851027299
2228,62,Nữ,An Giang,Miền Nam,Bông tai,Vàng 24K,24,2.22,0,Quà tặng gia đình,4883000.0,29256000.0,3.1,Không,Không,Có,Ví điện tử (Momo/ZaloPay),Giao hàng nhanh,Online,18,Nửa năm một lần,199.0,17579000.0,16299249.0,650329.0,0,3,Khách hàng trung thành,0.5100618462676664
2229,31,Nữ,Hà Nội,Miền Bắc,Bông tai,Vàng 18K,18,1.09,1,Sinh nhật,3726000.0,8718000.0,3.8,Không,Không,Không,Ví điện tử (Momo/ZaloPay),Giao hàng nhanh,Online,29,Hàng tuần,8.0,21611000.0,20899998.0,12675344.0,0,3,Khách hàng trung thành,0.5264244229787921
2230,65,Nữ,Long An,Miền Nam,Bông tai,Vàng đính đá quý,18,3.66,1,Sinh nhật,7514000.0,18841000.0,4.4,Không,Có,Có,Thẻ tín dụng,Nhận tại cửa hàng,Online,29,Nửa năm một lần,193.0,43581000.0,43637655.0,1129879.0,0,3,Khách hàng trung thành,0.14832608266911126
2231,48,Nữ,Khánh Hòa,Miền Trung,Nhẫn,Vàng 18K,18,3.11,0,Tự mua sắm,4815000.0,20389500.0,2.9,Không,Không,Không,Tiền mặt,Giao hàng nhanh,Online,15,Hàng tháng,28.0,14445000.0,13228731.0,4555916.0,0,0,Khách hàng phổ thông / mới,0.6705707236962443
2232,21,Nữ,TP. Hồ Chí Minh,Miền Nam,Trang sức bộ,Bạc,5,34.86,0,Tự mua sắm,1784000.0,17483000.0,3.6,Không,Không,Không,Thẻ tín dụng,Giao hàng nhanh,Online,7,Hàng năm,327.0,2498000.0,2387339.0,202596.0,0,2,Khách hàng có nguy cơ rời bỏ,0.5124379711020374
2233,63,Nữ,Bà Rịa - Vũng Tàu,Miền Nam,Nhẫn,Vàng đính đá quý,18,6.93,1,Sinh nhật,15380000.0,20681000.0,4.1,Không,Không,Không,Chuyển khoản ngân hàng,Nhận tại cửa hàng,Online,12,Hàng quý,89.0,36912000.0,36328790.0,6508999.0,0,0,Khách hàng phổ thông / mới,0.5236427439810736
2234,24,Nữ,Đắk Lắk,Miền Trung,Lắc chân,Vàng 18K,18,9.49,0,Tự mua sắm,14837000.0,25821000.0,4.7,Có,Không,Không,Ví điện tử (Momo/ZaloPay),Giao hàng nhanh,Tại cửa hàng,9,Hàng năm,321.0,26707000.0,32924390.0,1236773.0,0,2,Khách hàng có nguy cơ rời bỏ,0.26375345396880945
2235,46,Nam,Hải Phòng,Miền Bắc,Bông tai,Vàng đính đá quý,18,2.77,1,Lễ/Tết,6471000.0,23663000.0,4.1,Có,Không,Không,Chuyển khoản ngân hàng,Giao hàng tiêu chuẩn,Tại cửa hàng,15,Nửa năm một lần,205.0,19413000.0,23128648.0,628813.0,1,0,Khách hàng phổ thông / mới,0.3253228244139866
2236,55,Nữ,Hà Nội,Miền Bắc,Vòng tay,Vàng 18K,18,6.07,0,Tự mua sắm,9901000.0,26871000.0,2.7,Có,Không,Có,Tiền mặt,Giao hàng nhanh,Online,5,Hàng năm,418.0,9901000.0,10839615.0,839467.0,0,2,Khách hàng có nguy cơ rời bỏ,0.22236184671084522
2237,29,Nữ,Quảng Nam,Miền Trung,Dây chuyền,Bạc,5,11.03,0,Quà tặng người yêu,572000.0,27767000.0,3.3,Có,Có,Có,Chuyển khoản ngân hàng,Nhận tại cửa hàng,Online,13,Hàng quý,91.0,1487000.0,1689529.0,165333.0,0,0,Khách hàng phổ thông / mới,0.17586942768531214
2238,30,Nữ,Kiên Giang,Miền Nam,Bông tai,Vàng 18K,18,1.11,0,Quà tặng gia đình,2178000.0,9341000.0,3.4,Không,Không,Có,Tiền mặt,Giao hàng tiêu chuẩn,Online,3,Hàng quý,78.0,1307000.0,1234200.0,956906.0,0,0,Khách hàng phổ thông / mới,0.5232676908187532
2239,40,Nữ,Đắk Lắk,Miền Trung,Bông tai,Bạc,5,3.21,0,Quà tặng người yêu,300000.0,16837000.0,3.5,Không,Không,Có,Chuyển khoản ngân hàng,Nhận tại cửa hàng,Online,30,Hàng tuần,7.0,1800000.0,1710000.0,580843.0,0,3,Khách hàng trung thành,0.29097198210259373
2240,60,Nữ,Nghệ An,Miền Trung,Nhẫn,Vàng 24K,24,1.84,1,Quà tặng người yêu,9708000.0,15466000.0,4.9,Không,Không,Có,Thẻ tín dụng,Giao hàng nhanh,Online,1,Hàng quý,87.0,1942000.0,1999872.0,3885435.0,0,0,Khách hàng phổ thông / mới,0.2873499642217923
2241,28,Nữ,Hà Nội,Miền Bắc,Bông tai,Vàng 24K,24,3.8,1,Quà tặng gia đình,9834000.0,20389500.0,2.6,Có,Không,Không,Chuyển khoản ngân hàng,Giao hàng tiêu chuẩn,Online,27,Hàng quý,87.0,53104000.0,57771842.0,2651752.0,0,3,Khách hàng trung thành,0.47112291189547
2242,49,Nữ,An Giang,Miền Nam,Nhẫn,Vàng 18K,18,5.14,0,Quà tặng người yêu,8338000.0,27830000.0,3.3,Không,Không,Có,Chuyển khoản ngân hàng,Giao hàng nhanh,Online,28,Nửa năm một lần,193.0,46693000.0,43826050.0,1466543.0,1,3,Khách hàng trung thành,0.5677287518646956
2243,39,Nam,Lào Cai,Miền Bắc,Vòng tay,Vàng 18K,18,12.96,1,Quà tặng người yêu,26505000.0,6000000.0,3.7,Có,Không,Không,Chuyển khoản ngân hàng,Giao hàng nhanh,Tại cửa hàng,29,Hàng tháng,34.0,153729000.0,178909810.0,23446849.0,0,1,Khách hàng VIP (giá trị cao nhất),0.2844680009494371
2244,23,Nữ,TP. Hồ Chí Minh,Miền Nam,Bông tai,Bạc,5,4.57,0,Tự mua sắm,627000.0,7899000.0,2.7,Có,Không,Không,Tiền mặt,Nhận tại cửa hàng,Online,14,Hàng quý,77.0,1756000.0,1922469.0,202340.0,0,0,Khách hàng phổ thông / mới,0.5011656605052285
2245,52,Nữ,TP. Hồ Chí Minh,Miền Nam,Lắc chân,Vàng 24K,24,5.05,0,Lễ/Tết,9539000.0,6203000.0,3.7,Không,Có,Không,Ví điện tử (Momo/ZaloPay),Giao hàng tiêu chuẩn,Tại cửa hàng,24,Hàng quý,103.0,45787000.0,44019622.0,2574789.0,0,3,Khách hàng trung thành,0.35385938173203035
2246,57,Nam,Hải Dương,Miền Bắc,Vòng tay,Vàng 24K,24,8.63,0,Quà tặng người yêu,18715000.0,14953000.0,2.8,Có,Không,Không,Chuyển khoản ngân hàng,Giao hàng tiêu chuẩn,Online,29,Nửa năm một lần,205.0,108547000.0,119586230.0,3077122.0,0,1,Khách hàng VIP (giá trị cao nhất),0.3481539115089481
2247,45,Nam,Hà Nội,Miền Bắc,Nhẫn,Vàng 24K,24,4.21,0,Sinh nhật,8951000.0,20468000.0,4.6,Không,Có,Có,Chuyển khoản ngân hàng,Giao hàng tiêu chuẩn,Online,26,Nửa năm một lần,201.0,46545000.0,47136122.0,1361435.0,0,3,Khách hàng trung thành,0.24004517015516616
2248,26,Nam,Nghệ An,Miền Trung,Vòng tay,Vàng 18K,18,15.54,0,Quà tặng người yêu,23198000.0,30336000.0,3.2,Không,Có,Không,Thẻ tín dụng,Giao hàng nhanh,Online,26,Hàng quý,88.0,120630000.0,112535727.0,8740329.0,0,1,Khách hàng VIP (giá trị cao nhất),0.4564980141616034
2249,25,Nữ,Lào Cai,Miền Bắc,Dây chuyền,Vàng 18K,18,4.4,0,Sinh nhật,6367000.0,9767000.0,3.8,Không,Có,Không,Tiền mặt,Nhận tại cửa hàng,Tại cửa hàng,15,Hàng quý,87.0,19101000.0,18472577.0,2976593.0,0,0,Khách hàng phổ thông / mới,0.4067143031163491
2250,38,Nữ,TP. Hồ Chí Minh,Miền Nam,Vòng tay,Vàng 24K,24,18.29,0,Cưới hỏi,39611000.0,36441000.0,4.0,Có,Không,Không,Chuyển khoản ngân hàng,Nhận tại cửa hàng,Tại cửa hàng,23,Hàng quý,89.0,182211000.0,215828929.0,9592580.0,0,1,Khách hàng VIP (giá trị cao nhất),0.22477237345740217
2251,42,Nữ,Cần Thơ,Miền Nam,Vòng tay,Bạc,5,8.78,0,Quà tặng người yêu,1214000.0,23581000.0,3.3,Không,Không,Không,Thẻ tín dụng,Giao hàng nhanh,Online,7,Nửa năm một lần,190.0,1700000.0,1595620.0,247483.0,1,0,Khách hàng phổ thông / mới,0.6831062333441893
2252,44,Nữ,Nam Định,Miền Bắc,Bông tai,Bạch kim,20,1.64,1,Quà tặng gia đình,4177000.0,23957000.0,3.4,Không,Không,Không,Ví điện tử (Momo/ZaloPay),Giao hàng nhanh,Online,28,Nửa năm một lần,169.0,23391000.0,22088121.0,755407.0,1,3,Khách hàng trung thành,0.7757050913554263
2253,29,Nữ,Khánh Hòa,Miền Trung,Dây chuyền,Bạc,5,10.19,0,Tự mua sắm,898000.0,24120000.0,3.8,Không,Không,Không,Chuyển khoản ngân hàng,Giao hàng nhanh,Tại cửa hàng,15,Hàng tháng,29.0,2694000.0,2605367.0,778676.0,0,0,Khách hàng phổ thông / mới,0.5881115154385614
2254,42,Nữ,Hà Nội,Miền Bắc,Nhẫn,Vàng 18K,18,3.29,1,Lễ/Tết,6796000.0,9993000.0,4.5,Không,Có,Không,Thẻ tín dụng,Giao hàng tiêu chuẩn,Online,8,Hàng tháng,34.0,10874000.0,10950118.0,4560577.0,0,0,Khách hàng phổ thông / mới,0.26846575880330703
2255,32,Nữ,Nam Định,Miền Bắc,Vòng tay,Vàng đính đá quý,18,11.13,1,Quà tặng gia đình,20540000.0,15144000.0,3.6,Có,Có,Không,Tiền mặt,Giao hàng nhanh,Online,9,Nửa năm một lần,159.0,36972000.0,42772907.0,3743544.0,0,0,Khách hàng phổ thông / mới,0.16837743284048123
2256,50,Nữ,Bình Dương,Miền Nam,Nhẫn,Bạc,5,1.9,0,Quà tặng gia đình,300000.0,13198000.0,3.7,Không,Không,Không,Chuyển khoản ngân hàng,Nhận tại cửa hàng,Online,26,Nửa năm một lần,166.0,1560000.0,1499784.0,63211.0,0,3,Khách hàng trung thành,0.6150876645381979
2257,56,Nữ,Đồng Nai,Miền Nam,Nhẫn,Bạc,5,4.52,0,Tự mua sắm,832000.0,25218000.0,4.0,Có,Không,Không,Ví điện tử (Momo/ZaloPay),Giao hàng nhanh,Online,6,Hàng tuần,6.0,998000.0,1182131.0,2438695.0,0,0,Khách hàng phổ thông / mới,0.3398657038510931
2258,49,Nữ,Bình Dương,Miền Nam,Dây chuyền,Vàng 24K,24,6.64,0,Cưới hỏi,14787000.0,13925000.0,3.6,Không,Không,Không,Thẻ tín dụng,Giao hàng tiêu chuẩn,Online,21,Hàng quý,93.0,62105000.0,59353748.0,6067478.0,0,3,Khách hàng trung thành,0.6080475731429151
2259,18,Nữ,Bắc Ninh,Miền Bắc,Vòng tay,Vàng 18K,18,7.55,1,Lễ/Tết,13335000.0,16894000.0,4.3,Không,Có,Có,Chuyển khoản ngân hàng,Giao hàng tiêu chuẩn,Online,9,Hàng tháng,30.0,24003000.0,23897387.0,9851743.0,0,0,Khách hàng phổ thông / mới,0.18015095248507357
2260,65,Nữ,Bình Định,Miền Trung,Dây chuyền,Vàng 18K,18,7.64,0,Sinh nhật,12441000.0,16543000.0,2.5,Có,Không,Không,Tiền mặt,Nhận tại cửa hàng,Tại cửa hàng,18,Nửa năm một lần,158.0,44788000.0,48415828.0,2357075.0,1,3,Khách hàng trung thành,0.5882442572139285
2261,19,Nữ,Huế,Miền Trung,Vòng tay,Vàng 18K,18,16.55,0,Cưới hỏi,26074000.0,28443000.0,3.7,Có,Không,Không,Thẻ tín dụng,Nhận tại cửa hàng,Tại cửa hàng,17,Hàng tháng,30.0,88652000.0,103173198.0,20196117.0,0,3,Khách hàng trung thành,0.33862085164681205
2262,65,Nữ,Tây Ninh,Miền Nam,Lắc chân,Bạc,5,9.87,0,Sinh nhật,772000.0,16936000.0,4.8,Không,Không,Có,Ví điện tử (Momo/ZaloPay),Giao hàng tiêu chuẩn,Online,19,Nửa năm một lần,165.0,2934000.0,3004709.0,149551.0,0,3,Khách hàng trung thành,0.31657791265259455
2263,19,Nam,TP. Hồ Chí Minh,Miền Nam,Vòng tay,Vàng 18K,18,10.41,0,Cưới hỏi,16503000.0,10732000.0,4.0,Không,Không,Có,Thẻ tín dụng,Giao hàng nhanh,Online,7,Nửa năm một lần,190.0,23104000.0,22607264.0,3021716.0,0,0,Khách hàng phổ thông / mới,0.3383531014876296
2264,42,Nữ,Tiền Giang,Miền Nam,Dây chuyền,Vàng 24K,24,14.69,0,Sinh nhật,28377000.0,23182000.0,3.7,Không,Có,Không,Ví điện tử (Momo/ZaloPay),Nhận tại cửa hàng,Online,28,Hàng năm,399.0,158911000.0,152777035.0,1972016.0,1,1,Khách hàng VIP (giá trị cao nhất),0.5376853113041052
2265,23,Nam,Bắc Ninh,Miền Bắc,Nhẫn,Vàng 24K,24,2.32,0,Tự mua sắm,5562000.0,18235000.0,4.4,Không,Không,Có,Thẻ tín dụng,Giao hàng tiêu chuẩn,Tại cửa hàng,27,Hàng năm,322.0,30035000.0,30074046.0,275289.0,0,2,Khách hàng có nguy cơ rời bỏ,0.4490409749657385
2266,22,Nữ,Đà Nẵng,Miền Trung,Nhẫn,Vàng 24K,24,7.06,0,Sinh nhật,15994000.0,28440000.0,3.5,Không,Không,Có,Ví điện tử (Momo/ZaloPay),Giao hàng tiêu chuẩn,Tại cửa hàng,28,Hàng quý,97.0,89566000.0,85087700.0,5123739.0,0,3,Khách hàng trung thành,0.4074047614467948
2267,50,Nữ,Bình Dương,Miền Nam,Vòng tay,Vàng 18K,18,19.68,0,Cưới hỏi,30489000.0,22444000.0,3.7,Có,Không,Không,Chuyển khoản ngân hàng,Giao hàng nhanh,Tại cửa hàng,15,Nửa năm một lần,179.0,91467000.0,106449295.0,5511592.0,0,1,Khách hàng VIP (giá trị cao nhất),0.30261515607644246
2268,52,Nữ,Thanh Hóa,Miền Trung,Bông tai,Vàng 24K,24,3.86,1,Quà tặng người yêu,9978000.0,22331000.0,3.0,Không,Có,Không,Ví điện tử (Momo/ZaloPay),Giao hàng nhanh,Online,6,Nửa năm một lần,183.0,11974000.0,11034041.0,1754775.0,0,0,Khách hàng phổ thông / mới,0.5395361048912322
2269,23,Nữ,Quảng Ngãi,Miền Trung,Nhẫn,Bạc,5,1.89,0,Lễ/Tết,300000.0,24826000.0,2.8,Không,Có,Có,Chuyển khoản ngân hàng,Giao hàng nhanh,Tại cửa hàng,17,Hàng năm,359.0,1020000.0,928302.0,30646.0,0,2,Khách hàng có nguy cơ rời bỏ,0.40010509913643627
2270,64,Nam,Khánh Hòa,Miền Trung,Nhẫn,Vàng 18K,18,7.49,1,Sinh nhật,13484000.0,24359000.0,2.6,Không,Không,Không,Thẻ tín dụng,Nhận tại cửa hàng,Tại cửa hàng,3,Hàng quý,96.0,8090000.0,7270483.0,3401383.0,0,0,Khách hàng phổ thông / mới,0.6307376513743946
2271,33,Nữ,Tây Ninh,Miền Nam,Dây chuyền,Bạc,5,8.24,0,Sinh nhật,300000.0,24824000.0,4.3,Không,Không,Có,Thẻ tín dụng,Nhận tại cửa hàng,Online,22,Hai tuần một lần,15.0,1320000.0,1314192.0,673463.0,0,3,Khách hàng trung thành,0.3737571023367378
2272,33,Nữ,Quảng Ninh,Miền Bắc,Dây chuyền,Vàng đính đá quý,18,5.06,1,Tự mua sắm,11571000.0,24237000.0,3.7,Không,Không,Có,Chuyển khoản ngân hàng,Giao hàng nhanh,Tại cửa hàng,9,Hàng năm,375.0,20828000.0,20024039.0,1124378.0,0,2,Khách hàng có nguy cơ rời bỏ,0.34254747473781927
2273,32,Nữ,Tiền Giang,Miền Nam,Trang sức bộ,Vàng đính đá quý,18,32.29,1,Lễ/Tết,59330000.0,16925000.0,4.8,Có,Không,Có,Ví điện tử (Momo/ZaloPay),Giao hàng tiêu chuẩn,Online,6,Hai tuần một lần,13.0,71196000.0,88261681.0,93082504.0,0,0,Khách hàng phổ thông / mới,0.10473214231900566
2274,40,Nam,Huế,Miền Trung,Nhẫn,Bạc,5,4.27,0,Sinh nhật,314000.0,11294000.0,2.9,Không,Có,Không,Tiền mặt,Giao hàng tiêu chuẩn,Tại cửa hàng,25,Hàng năm,352.0,1570000.0,1437806.0,28301.0,1,2,Khách hàng có nguy cơ rời bỏ,0.5997943757638303
2275,26,Nam,Đà Nẵng,Miền Trung,Nhẫn,Vàng 18K,18,4.75,1,Tự mua sắm,11893000.0,17622000.0,3.1,Có,Có,Không,Ví điện tử (Momo/ZaloPay),Giao hàng tiêu chuẩn,Online,20,Hàng tháng,33.0,47572000.0,53394813.0,9830620.0,0,3,Khách hàng trung thành,0.25665364437459226
2276,38,Nữ,Khánh Hòa,Miền Trung,Dây chuyền,Bạc,5,9.85,0,Cưới hỏi,569000.0,6000000.0,4.1,Không,Có,Có,Ví điện tử (Momo/ZaloPay),Giao hàng tiêu chuẩn,Online,3,Hàng quý,85.0,341000.0,335612.0,197877.0,0,0,Khách hàng phổ thông / mới,0.18255129792972077
2277,28,Nữ,Hưng Yên,Miền Bắc,Nhẫn,Vàng đính đá quý,18,7.39,1,Quà tặng gia đình,15286000.0,13822000.0,2.6,Không,Không,Không,Ví điện tử (Momo/ZaloPay),Giao hàng nhanh,Online,27,Hàng năm,411.0,82544000.0,74182293.0,1185593.0,1,2,Khách hàng có nguy cơ rời bỏ,0.7636370557650389
2278,20,Nữ,Kiên Giang,Miền Nam,Nhẫn,Vàng 18K,18,4.77,1,Tự mua sắm,9587000.0,15738000.0,3.8,Có,Không,Có,Chuyển khoản ngân hàng,Giao hàng tiêu chuẩn,Online,20,Nửa năm một lần,170.0,38348000.0,44894004.0,1543449.0,0,3,Khách hàng trung thành,0.23586489664984328
2279,35,Nam,An Giang,Miền Nam,Dây chuyền,Vàng 24K,24,13.66,1,Tự mua sắm,31667000.0,28488000.0,2.8,Không,Không,Có,Ví điện tử (Momo/ZaloPay),Giao hàng nhanh,Online,9,Nửa năm một lần,185.0,57001000.0,51876610.0,4510609.0,1,0,Khách hàng phổ thông / mới,0.6369119407572614
2280,50,Nữ,Tây Ninh,Miền Nam,Dây chuyền,Bạch kim,20,5.04,0,Quà tặng người yêu,10191000.0,19243000.0,2.9,Không,Không,Có,Thẻ tín dụng,Giao hàng tiêu chuẩn,Online,12,Hàng quý,93.0,24458000.0,22398636.0,3307629.0,0,0,Khách hàng phổ thông / mới,0.4833970295087613
2281,54,Nữ,Tây Ninh,Miền Nam,Nhẫn,Vàng 24K,24,5.51,0,Tự mua sắm,12349000.0,32822000.0,3.8,Có,Không,Không,Chuyển khoản ngân hàng,Nhận tại cửa hàng,Online,14,Hàng tháng,27.0,34577000.0,40479294.0,11035831.0,0,3,Khách hàng trung thành,0.279502564796116
2282,34,Nam,TP. Hồ Chí Minh,Miền Nam,Vòng tay,Bạch kim,20,12.88,0,Cưới hỏi,23332000.0,22646000.0,3.9,Không,Có,Không,Ví điện tử (Momo/ZaloPay),Giao hàng nhanh,Online,28,Hàng tuần,7.0,130659000.0,127105075.0,56315385.0,0,1,Khách hàng VIP (giá trị cao nhất),0.3365268024619451
2283,33,Nữ,Đà Nẵng,Miền Trung,Vòng tay,Vàng 24K,24,9.88,0,Sinh nhật,21482000.0,7878000.0,3.0,Không,Không,Không,Ví điện tử (Momo/ZaloPay),Nhận tại cửa hàng,Online,17,Nửa năm một lần,169.0,73039000.0,67305438.0,4279699.0,1,3,Khách hàng trung thành,0.7201862106177941
2284,55,Nữ,Long An,Miền Nam,Nhẫn,Vàng 24K,24,2.88,1,Tự mua sắm,8897000.0,28639000.0,3.2,Không,Có,Có,Chuyển khoản ngân hàng,Giao hàng nhanh,Tại cửa hàng,25,Hàng quý,83.0,44485000.0,41500056.0,2550814.0,0,3,Khách hàng trung thành,0.339120235735674
2285,50,Nữ,Hà Nội,Miền Bắc,Lắc chân,Bạch kim,20,3.63,0,Tự mua sắm,7377000.0,27611000.0,3.2,Không,Không,Không,Thẻ tín dụng,Giao hàng tiêu chuẩn,Online,1,Hàng tháng,30.0,1475000.0,1376028.0,8261770.0,0,0,Khách hàng phổ thông / mới,0.672179950154136
2286,57,Nữ,Cần Thơ,Miền Nam,Dây chuyền,Bạc,5,6.14,0,Cưới hỏi,712000.0,8990000.0,2.9,Không,Có,Không,Ví điện tử (Momo/ZaloPay),Nhận tại cửa hàng,Online,16,Hàng quý,85.0,2278000.0,2086192.0,272218.0,0,0,Khách hàng phổ thông / mới,0.5611278846541778
2287,61,Nữ,Quảng Nam,Miền Trung,Trang sức bộ,Bạc,5,27.01,0,Lễ/Tết,2228000.0,26054000.0,4.9,Không,Có,Có,Chuyển khoản ngân hàng,Giao hàng tiêu chuẩn,Online,3,Hàng năm,375.0,1337000.0,1376843.0,122871.0,0,2,Khách hàng có nguy cơ rời bỏ,0.11274214999484426
2288,57,Nữ,TP. Hồ Chí Minh,Miền Nam,Trang sức bộ,Bạch kim,20,16.96,0,Quà tặng người yêu,32677000.0,30845000.0,4.2,Không,Không,Không,Ví điện tử (Momo/ZaloPay),Nhận tại cửa hàng,Online,12,Hàng năm,388.0,78425000.0,77632908.0,2218427.0,1,2,Khách hàng có nguy cơ rời bỏ,0.4817676816725359
2289,62,Nam,Nghệ An,Miền Trung,Dây chuyền,Vàng đính đá quý,18,11.74,1,Tự mua sắm,20080000.0,6034000.0,2.8,Có,Có,Không,Chuyển khoản ngân hàng,Nhận tại cửa hàng,Online,17,Hàng quý,96.0,68272000.0,75215262.0,7623747.0,0,3,Khách hàng trung thành,0.2899918905926153
2290,37,Nam,Thanh Hóa,Miền Trung,Nhẫn,Vàng 18K,18,7.19,0,Quà tặng người yêu,10906000.0,11996000.0,3.4,Không,Không,Không,Ví điện tử (Momo/ZaloPay),Nhận tại cửa hàng,Tại cửa hàng,26,Hàng năm,333.0,56711000.0,53552197.0,808999.0,1,2,Khách hàng có nguy cơ rời bỏ,0.6452523517269177
2291,36,Nam,Hà Nội,Miền Bắc,Lắc chân,Vàng đính đá quý,18,9.25,1,Cưới hỏi,18870000.0,26132000.0,2.9,Không,Có,Không,Thẻ tín dụng,Giao hàng nhanh,Tại cửa hàng,9,Hàng quý,86.0,33966000.0,31106063.0,6032304.0,0,0,Khách hàng phổ thông / mới,0.5243501575926327
2292,33,Nữ,Huế,Miền Trung,Dây chuyền,Vàng 18K,18,12.66,0,Lễ/Tết,20272000.0,18067000.0,3.1,Có,Không,Có,Chuyển khoản ngân hàng,Giao hàng nhanh,Online,8,Hàng quý,103.0,32435000.0,36405044.0,6395546.0,0,0,Khách hàng phổ thông / mới,0.23891926978978723
2293,29,Nữ,Huế,Miền Trung,Nhẫn,Vàng 24K,24,5.23,0,Quà tặng người yêu,10338000.0,29452000.0,4.8,Không,Có,Không,Ví điện tử (Momo/ZaloPay),Giao hàng nhanh,Online,26,Hàng quý,101.0,53758000.0,55053568.0,3503692.0,0,3,Khách hàng trung thành,0.3196179210011108
2294,53,Nam,Nam Định,Miền Bắc,Vòng tay,Vàng đính đá quý,18,19.2,1,Quà tặng gia đình,38851000.0,27180000.0,2.8,Có,Không,Không,Chuyển khoản ngân hàng,Giao hàng nhanh,Online,17,Hàng năm,411.0,132093000.0,145526858.0,2707441.0,0,1,Khách hàng VIP (giá trị cao nhất),0.32553881625385517
2295,52,Nam,Hải Dương,Miền Bắc,Vòng tay,Vàng 18K,18,16.44,0,Cưới hỏi,25924000.0,26337000.0,4.7,Không,Không,Không,Tiền mặt,Nhận tại cửa hàng,Tại cửa hàng,22,Hàng tháng,31.0,114066000.0,116164814.0,22389509.0,1,1,Khách hàng VIP (giá trị cao nhất),0.5849180841043452
2296,56,Nữ,Đắk Lắk,Miền Trung,Lắc chân,Vàng đính đá quý,18,5.9,1,Tự mua sắm,12017000.0,28949000.0,4.6,Có,Có,Có,Ví điện tử (Momo/ZaloPay),Giao hàng nhanh,Tại cửa hàng,28,Hàng tháng,31.0,67295000.0,82496940.0,14606779.0,0,3,Khách hàng trung thành,0.08520057494239795
2297,26,Nữ,Lào Cai,Miền Bắc,Bông tai,Vàng 24K,24,4.62,0,Quà tặng người yêu,9072000.0,13244000.0,4.4,Không,Có,Không,Thẻ tín dụng,Giao hàng tiêu chuẩn,Online,2,Hàng năm,369.0,3629000.0,3633718.0,968419.0,0,2,Khách hàng có nguy cơ rời bỏ,0.28379915794976257
2298,41,Nữ,Cần Thơ,Miền Nam,Lắc chân,Vàng 24K,24,9.05,1,Tự mua sắm,20277000.0,17709000.0,3.7,Có,Có,Không,Tiền mặt,Giao hàng nhanh,Online,19,Nửa năm một lần,195.0,77053000.0,89674281.0,3669184.0,0,3,Khách hàng trung thành,0.1493380691083853
2299,28,Nữ,Hải Phòng,Miền Bắc,Bông tai,Vàng 24K,24,4.76,0,Quà tặng gia đình,10851000.0,32721000.0,3.1,Không,Không,Không,Thẻ tín dụng,Nhận tại cửa hàng,Tại cửa hàng,3,Nửa năm một lần,157.0,6511000.0,6036999.0,2105282.0,1,0,Khách hàng phổ thông / mới,0.7679274386126241
2300,60,Nữ,Đắk Lắk,Miền Trung,Bông tai,Bạc,5,2.6,0,Sinh nhật,652000.0,18566000.0,4.6,Không,Có,Không,Tiền mặt,Giao hàng tiêu chuẩn,Online,28,Nửa năm một lần,163.0,3651000.0,3697368.0,102541.0,0,3,Khách hàng trung thành,0.3137461422286018
2301,30,Nữ,Quảng Ninh,Miền Bắc,Vòng tay,Bạch kim,20,12.64,0,Cưới hỏi,21412000.0,26879000.0,4.6,Có,Có,Không,Ví điện tử (Momo/ZaloPay),Giao hàng nhanh,Online,14,Nửa năm một lần,169.0,59954000.0,73497609.0,3232781.0,0,3,Khách hàng trung thành,0.1277008236901969
2302,24,Nữ,Khánh Hòa,Miền Trung,Trang sức bộ,Vàng 18K,18,32.01,1,Tự mua sắm,56061000.0,17474000.0,3.8,Có,Không,Không,Ví điện tử (Momo/ZaloPay),Nhận tại cửa hàng,Online,14,Hai tuần một lần,15.0,156971000.0,183765950.0,122667359.0,0,1,Khách hàng VIP (giá trị cao nhất),0.1866076240819998
2303,45,Nữ,Bình Định,Miền Trung,Trang sức bộ,Vàng 24K,24,34.39,0,Tự mua sắm,75040000.0,14756000.0,2.6,Không,Không,Có,Thẻ tín dụng,Giao hàng tiêu chuẩn,Online,6,Nửa năm một lần,169.0,90048000.0,80926138.0,14323915.0,1,0,Khách hàng phổ thông / mới,0.5964198456055171
2304,60,Nữ,TP. Hồ Chí Minh,Miền Nam,Lắc chân,Vàng 18K,18,6.24,0,Quà tặng người yêu,10297000.0,14110000.0,3.0,Có,Không,Không,Ví điện tử (Momo/ZaloPay),Nhận tại cửa hàng,Tại cửa hàng,19,Hàng tháng,27.0,39129000.0,43648400.0,14327563.0,0,3,Khách hàng trung thành,0.4329274443249794
2305,61,Nữ,Đà Nẵng,Miền Trung,Bông tai,Vàng 18K,18,3.43,0,Tự mua sắm,4791000.0,24952000.0,2.6,Có,Có,Không,Chuyển khoản ngân hàng,Nhận tại cửa hàng,Online,17,Hàng tháng,26.0,16289000.0,17720803.0,6175310.0,0,3,Khách hàng trung thành,0.3214682016669031
2306,22,Nam,Khánh Hòa,Miền Trung,Vòng tay,Bạc,5,9.96,0,Tự mua sắm,300000.0,27870000.0,2.9,Không,Không,Không,Ví điện tử (Momo/ZaloPay),Giao hàng tiêu chuẩn,Online,29,Hàng năm,408.0,1740000.0,1593492.0,16091.0,1,2,Khách hàng có nguy cơ rời bỏ,0.716035880491597
2307,33,Nữ,Thái Nguyên,Miền Bắc,Dây chuyền,Bạc,5,11.62,1,Tự mua sắm,4050000.0,22827000.0,3.8,Không,Có,Có,Tiền mặt,Nhận tại cửa hàng,Tại cửa hàng,1,Hàng tuần,7.0,810000.0,783351.0,14450609.0,0,0,Khách hàng phổ thông / mới,0.1788099109578458
2308,25,Nữ,Đà Nẵng,Miền Trung,Lắc chân,Vàng 24K,24,3.35,0,Cưới hỏi,7572000.0,20704000.0,4.6,Có,Không,Có,Tiền mặt,Giao hàng nhanh,Online,23,Hàng tuần,7.0,34831000.0,42699323.0,18635050.0,0,3,Khách hàng trung thành,0.17248131359803712
2309,32,Nữ,Nghệ An,Miền Trung,Nhẫn,Vàng 18K,18,7.7,0,Sinh nhật,10789000.0,11305000.0,4.1,Không,Có,Không,Ví điện tử (Momo/ZaloPay),Giao hàng tiêu chuẩn,Online,29,Hàng tháng,26.0,62576000.0,61587299.0,11588446.0,0,3,Khách hàng trung thành,0.36422936570471154
2310,43,Nữ,TP. Hồ Chí Minh,Miền Nam,Nhẫn,Bạc,5,5.07,0,Quà tặng gia đình,445000.0,20012000.0,4.0,Có,Không,Không,Thẻ tín dụng,Giao hàng tiêu chuẩn,Tại cửa hàng,28,Hàng năm,380.0,2492000.0,2951774.0,36714.0,0,2,Khách hàng có nguy cơ rời bỏ,0.3082891812303533
2311,31,Nữ,Đà Nẵng,Miền Trung,Dây chuyền,Vàng 18K,18,6.25,0,Tự mua sắm,10278000.0,20549000.0,4.4,Không,Không,Không,Chuyển khoản ngân hàng,Giao hàng tiêu chuẩn,Tại cửa hàng,19,Hàng năm,378.0,39056000.0,39106773.0,1108735.0,1,2,Khách hàng có nguy cơ rời bỏ,0.6039856844138026
2312,21,Nữ,Bình Dương,Miền Nam,Vòng tay,Vàng 18K,18,5.56,0,Sinh nhật,9503000.0,12527000.0,4.1,Có,Không,Có,Ví điện tử (Momo/ZaloPay),Giao hàng nhanh,Tại cửa hàng,25,Hai tuần một lần,12.0,47515000.0,56609371.0,37056600.0,0,3,Khách hàng trung thành,0.1631569748474524
2313,42,Nữ,Huế,Miền Trung,Vòng tay,Bạc,5,13.41,0,Quà tặng gia đình,1010000.0,22986000.0,3.6,Không,Không,Không,Thẻ tín dụng,Giao hàng tiêu chuẩn,Online,2,Hàng quý,85.0,404000.0,386103.0,395401.0,0,0,Khách hàng phổ thông / mới,0.48212047309044903
2314,20,Nữ,Hải Dương,Miền Bắc,Nhẫn,Vàng 18K,18,5.31,0,Cưới hỏi,8389000.0,13805000.0,4.5,Có,Không,Có,Tiền mặt,Giao hàng nhanh,Tại cửa hàng,3,Nửa năm một lần,197.0,5033000.0,6135227.0,1235386.0,0,0,Khách hàng phổ thông / mới,0.15088336473791286
2315,28,Nữ,Hưng Yên,Miền Bắc,Nhẫn,Vàng 24K,24,6.02,0,Sinh nhật,12665000.0,16361000.0,3.3,Không,Không,Không,Ví điện tử (Momo/ZaloPay),Nhận tại cửa hàng,Online,21,Nửa năm một lần,202.0,53193000.0,49926950.0,2061908.0,0,3,Khách hàng trung thành,0.6735489232765808
2316,18,Nam,Hà Nội,Miền Bắc,Nhẫn,Vàng 18K,18,4.92,0,Tự mua sắm,7707000.0,23925000.0,4.8,Có,Không,Không,Thẻ tín dụng,Nhận tại cửa hàng,Online,8,Hàng tháng,28.0,12331000.0,15286741.0,9576867.0,0,0,Khách hàng phổ thông / mới,0.31421753264652746
2317,22,Nữ,Bình Định,Miền Trung,Dây chuyền,Bạch kim,20,9.19,0,Tự mua sắm,17837000.0,29945000.0,2.8,Không,Không,Không,Tiền mặt,Nhận tại cửa hàng,Online,22,Hàng quý,89.0,78483000.0,71427378.0,5665431.0,1,3,Khách hàng trung thành,0.7513361697986141
2318,38,Nữ,Cần Thơ,Miền Nam,Nhẫn,Vàng 18K,18,3.48,1,Quà tặng gia đình,7995000.0,30295000.0,4.1,Không,Có,Không,Thẻ tín dụng,Giao hàng nhanh,Online,23,Nửa năm một lần,197.0,36777000.0,36195923.0,1610937.0,0,3,Khách hàng trung thành,0.3850582833178126
2319,58,Nữ,Bình Dương,Miền Nam,Bông tai,Bạch kim,20,1.97,0,Tự mua sắm,4114000.0,19926000.0,3.8,Không,Không,Có,Chuyển khoản ngân hàng,Nhận tại cửa hàng,Online,21,Hàng tuần,7.0,17279000.0,16710521.0,12853116.0,0,3,Khách hàng trung thành,0.40484238721214016
2320,55,Nữ,Đà Nẵng,Miền Trung,Dây chuyền,Vàng 18K,18,6.01,0,Cưới hỏi,9976000.0,24583000.0,3.6,Có,Không,Không,Ví điện tử (Momo/ZaloPay),Giao hàng nhanh,Online,27,Nửa năm một lần,174.0,53870000.0,62322203.0,1874101.0,0,3,Khách hàng trung thành,0.2725208013582718
2321,22,Nữ,Thái Nguyên,Miền Bắc,Dây chuyền,Vàng 18K,18,7.5,0,Sinh nhật,12111000.0,23208000.0,3.6,Không,Không,Không,Tiền mặt,Giao hàng tiêu chuẩn,Online,7,Hàng tháng,34.0,16955000.0,16203894.0,11967090.0,0,0,Khách hàng phổ thông / mới,0.5187076410741506
2322,19,Nữ,Bà Rịa - Vũng Tàu,Miền Nam,Dây chuyền,Bạch kim,20,12.28,0,Quà tặng người yêu,23196000.0,22987000.0,2.6,Không,Không,Không,Chuyển khoản ngân hàng,Nhận tại cửa hàng,Online,25,Hàng năm,366.0,115980000.0,104231226.0,2045594.0,1,1,Khách hàng VIP (giá trị cao nhất),0.7005955868173883
2323,34,Nữ,Hà Nội,Miền Bắc,Vòng tay,Vàng 18K,18,6.77,0,Quà tặng gia đình,10777000.0,20384000.0,4.4,Có,Không,Không,Tiền mặt,Giao hàng tiêu chuẩn,Tại cửa hàng,25,Nửa năm một lần,189.0,53885000.0,65314008.0,1968957.0,0,3,Khách hàng trung thành,0.29527513016921697
2324,49,Nữ,Nghệ An,Miền Trung,Lắc chân,Vàng 18K,18,7.29,0,Quà tặng người yêu,14581000.0,29470000.0,3.4,Có,Không,Không,Thẻ tín dụng,Nhận tại cửa hàng,Tại cửa hàng,10,Nửa năm một lần,182.0,29162000.0,33335082.0,2136424.0,1,0,Khách hàng phổ thông / mới,0.5656513741530266
2325,53,Nữ,Long An,Miền Nam,Nhẫn,Vàng 24K,24,1.75,0,Sinh nhật,3874000.0,16349000.0,3.7,Không,Không,Không,Thẻ tín dụng,Giao hàng nhanh,Online,7,Nửa năm một lần,162.0,5424000.0,5214634.0,645312.0,1,0,Khách hàng phổ thông / mới,0.6648053403292226
2326,57,Nam,Nghệ An,Miền Trung,Dây chuyền,Bạc,5,3.52,1,Sinh nhật,5776000.0,12895000.0,4.6,Không,Không,Có,Chuyển khoản ngân hàng,Nhận tại cửa hàng,Tại cửa hàng,19,Hai tuần một lần,14.0,21949000.0,22227752.0,9926125.0,0,3,Khách hàng trung thành,0.3431982660678574
2327,34,Nữ,Hải Phòng,Miền Bắc,Bông tai,Vàng 18K,18,2.37,0,Quà tặng người yêu,3644000.0,21982000.0,3.9,Không,Có,Không,Chuyển khoản ngân hàng,Giao hàng tiêu chuẩn,Online,27,Hàng tháng,28.0,19678000.0,19142758.0,4213155.0,0,3,Khách hàng trung thành,0.4011625980363234
2328,26,Nữ,Hưng Yên,Miền Bắc,Nhẫn,Bạch kim,20,3.82,1,Cưới hỏi,10820000.0,16847000.0,4.6,Không,Có,Có,Tiền mặt,Giao hàng nhanh,Online,20,Hàng quý,77.0,43280000.0,43829656.0,4806645.0,0,3,Khách hàng trung thành,0.20170207365390064
2329,19,Nữ,Gia Lai,Miền Trung,Lắc chân,Vàng 18K,18,4.71,0,Tự mua sắm,7671000.0,32027000.0,3.8,Không,Không,Có,Tiền mặt,Giao hàng nhanh,Tại cửa hàng,4,Nửa năm một lần,164.0,6137000.0,5935093.0,1518857.0,0,0,Khách hàng phổ thông / mới,0.35124092857544625
2330,25,Nữ,Quảng Ninh,Miền Bắc,Trang sức bộ,Vàng 18K,18,32.16,0,Quà tặng người yêu,46750000.0,15712000.0,3.2,Có,Có,Có,Chuyển khoản ngân hàng,Giao hàng nhanh,Online,14,Hàng năm,412.0,130900000.0,147825370.0,4430159.0,0,1,Khách hàng VIP (giá trị cao nhất),0.11889378527753308
2331,21,Nữ,TP. Hồ Chí Minh,Miền Nam,Vòng tay,Vàng 18K,18,9.57,0,Quà tặng gia đình,14996000.0,25968000.0,3.1,Không,Không,Không,Thẻ tín dụng,Giao hàng nhanh,Tại cửa hàng,12,Hàng quý,98.0,35990000.0,33369928.0,4585988.0,0,0,Khách hàng phổ thông / mới,0.6660446999259798
2332,59,Nữ,Đà Nẵng,Miền Trung,Trang sức bộ,Vàng 24K,24,21.71,0,Quà tặng gia đình,47683000.0,24326000.0,4.7,Không,Không,Không,Chuyển khoản ngân hàng,Giao hàng nhanh,Tại cửa hàng,18,Nửa năm một lần,156.0,171659000.0,174817526.0,10273610.0,1,1,Khách hàng VIP (giá trị cao nhất),0.6471188425502339
2333,30,Nữ,Lào Cai,Miền Bắc,Dây chuyền,Bạch kim,20,14.93,0,Quà tặng người yêu,26097000.0,9479000.0,4.5,Không,Có,Không,Tiền mặt,Nhận tại cửa hàng,Tại cửa hàng,18,Hàng tháng,31.0,93949000.0,94606643.0,20292367.0,0,3,Khách hàng trung thành,0.37972006657387325
2334,57,Nữ,Hải Dương,Miền Bắc,Dây chuyền,Vàng 24K,24,6.05,0,Lễ/Tết,13730000.0,25049000.0,4.6,Không,Không,Có,Chuyển khoản ngân hàng,Nhận tại cửa hàng,Tại cửa hàng,30,Hai tuần một lần,14.0,82380000.0,83426226.0,27371404.0,0,3,Khách hàng trung thành,0.29524988261649504
2335,44,Nữ,Cần Thơ,Miền Nam,Nhẫn,Vàng đính đá quý,18,5.52,1,Cưới hỏi,15615000.0,15554000.0,3.9,Không,Không,Không,Ví điện tử (Momo/ZaloPay),Giao hàng tiêu chuẩn,Tại cửa hàng,26,Hàng tháng,30.0,81198000.0,78989414.0,17569948.0,0,3,Khách hàng trung thành,0.5655084075127573
2336,43,Nam,Nghệ An,Miền Trung,Nhẫn,Vàng 24K,24,6.35,0,Quà tặng người yêu,14067000.0,36875000.0,3.1,Không,Không,Có,Thẻ tín dụng,Nhận tại cửa hàng,Online,17,Hàng năm,326.0,47828000.0,44346122.0,1492360.0,1,2,Khách hàng có nguy cơ rời bỏ,0.49074055259662674
2337,39,Nữ,TP. Hồ Chí Minh,Miền Nam,Dây chuyền,Bạc,5,6.25,0,Cưới hỏi,827000.0,14293000.0,3.4,Có,Có,Không,Chuyển khoản ngân hàng,Giao hàng nhanh,Online,5,Hàng quý,102.0,827000.0,945344.0,230365.0,0,0,Khách hàng phổ thông / mới,0.27130133825501335
2338,57,Nữ,Đà Nẵng,Miền Trung,Vòng tay,Vàng 24K,24,5.86,0,Lễ/Tết,12527000.0,14440000.0,3.9,Không,Không,Có,Thẻ tín dụng,Giao hàng nhanh,Online,6,Hàng quý,91.0,15032000.0,14623130.0,4076556.0,0,0,Khách hàng phổ thông / mới,0.29434963470451775
2339,20,Nữ,Hà Nội,Miền Bắc,Vòng tay,Bạch kim,20,16.87,0,Tự mua sắm,31108000.0,6000000.0,2.5,Có,Không,Không,Thẻ tín dụng,Giao hàng tiêu chuẩn,Online,6,Nửa năm một lần,195.0,37330000.0,40353730.0,3478270.0,1,0,Khách hàng phổ thông / mới,0.6893409917374087
2340,22,Nữ,Đà Nẵng,Miền Trung,Nhẫn,Vàng 24K,24,3.38,0,Cưới hỏi,7230000.0,13439000.0,4.1,Có,Không,Không,Tiền mặt,Nhận tại cửa hàng,Online,16,Hàng tuần,8.0,23136000.0,27564230.0,20296087.0,0,3,Khách hàng trung thành,0.2552839836027141
2341,38,Nữ,Khánh Hòa,Miền Trung,Vòng tay,Bạc,5,9.82,0,Tự mua sắm,956000.0,24845000.0,4.6,Không,Không,Không,Thẻ tín dụng,Nhận tại cửa hàng,Online,5,Hai tuần một lần,16.0,956000.0,968141.0,2079782.0,0,0,Khách hàng phổ thông / mới,0.5140996486709514
2342,36,Nữ,Đà Nẵng,Miền Trung,Nhẫn,Vàng đính đá quý,18,4.2,1,Tự mua sắm,12788000.0,12421000.0,3.3,Không,Không,Không,Ví điện tử (Momo/ZaloPay),Giao hàng tiêu chuẩn,Online,6,Hai tuần một lần,12.0,15346000.0,14403756.0,35280075.0,0,0,Khách hàng phổ thông / mới,0.6451417296912755
2343,44,Nam,Cần Thơ,Miền Nam,Dây chuyền,Bạc,5,3.47,0,Tự mua sắm,561000.0,23725000.0,4.2,Không,Có,Không,Tiền mặt,Nhận tại cửa hàng,Online,5,Hàng tháng,29.0,561000.0,555334.0,632645.0,0,0,Khách hàng phổ thông / mới,0.3521566946542423
2344,53,Nữ,An Giang,Miền Nam,Nhẫn,Vàng 24K,24,7.03,0,Sinh nhật,15237000.0,22468000.0,3.7,Có,Không,Không,Thẻ tín dụng,Giao hàng tiêu chuẩn,Tại cửa hàng,21,Hàng quý,91.0,63995000.0,74477381.0,5068191.0,0,3,Khách hàng trung thành,0.2587960248314157
2345,46,Nữ,Đồng Nai,Miền Nam,Bông tai,Bạch kim,20,5.32,0,Lễ/Tết,10181000.0,13413000.0,2.5,Không,Không,Không,Ví điện tử (Momo/ZaloPay),Nhận tại cửa hàng,Online,9,Hàng tháng,31.0,18326000.0,16365118.0,9865107.0,0,0,Khách hàng phổ thông / mới,0.6594904656318704
2346,30,Nam,Đắk Lắk,Miền Trung,Vòng tay,Vàng 18K,18,18.07,0,Tự mua sắm,25679000.0,18449000.0,3.2,Không,Có,Có,Thẻ tín dụng,Giao hàng tiêu chuẩn,Online,28,Nửa năm một lần,204.0,143802000.0,134152886.0,3327478.0,0,1,Khách hàng VIP (giá trị cao nhất),0.2695915113330879
2347,33,Nam,Bình Định,Miền Trung,Bông tai,Vàng 24K,24,1.91,0,Quà tặng người yêu,4469000.0,20389500.0,3.8,Không,Không,Không,Ví điện tử (Momo/ZaloPay),Giao hàng nhanh,Tại cửa hàng,15,Hàng năm,363.0,13407000.0,12965910.0,415798.0,0,2,Khách hàng có nguy cơ rời bỏ,0.5291486934110249
2348,54,Nữ,TP. Hồ Chí Minh,Miền Nam,Nhẫn,Vàng 18K,18,7.85,0,Lễ/Tết,12418000.0,26735000.0,4.3,Có,Không,Không,Thẻ tín dụng,Giao hàng tiêu chuẩn,Online,21,Hàng năm,394.0,52156000.0,62858411.0,1017181.0,1,2,Khách hàng có nguy cơ rời bỏ,0.4357947025318246
2349,27,Nữ,Hưng Yên,Miền Bắc,Dây chuyền,Bạch kim,20,10.94,0,Cưới hỏi,20916000.0,6349000.0,3.5,Có,Không,Không,Chuyển khoản ngân hàng,Nhận tại cửa hàng,Online,16,Hàng tháng,30.0,66931000.0,76970650.0,22768392.0,0,3,Khách hàng trung thành,0.28752836408040133
2350,42,Nữ,Cần Thơ,Miền Nam,Trang sức bộ,Vàng 18K,18,24.82,0,Tự mua sắm,40037000.0,25162000.0,3.0,Có,Không,Không,Ví điện tử (Momo/ZaloPay),Giao hàng nhanh,Tại cửa hàng,27,Hàng quý,87.0,216200000.0,241171100.0,12498636.0,0,1,Khách hàng VIP (giá trị cao nhất),0.29016000356124644
2351,43,Nam,Long An,Miền Nam,Nhẫn,Bạch kim,20,6.19,0,Tự mua sắm,11025000.0,15009000.0,2.7,Không,Có,Không,Chuyển khoản ngân hàng,Nhận tại cửa hàng,Online,4,Hai tuần một lần,13.0,8820000.0,7976808.0,15580825.0,0,0,Khách hàng phổ thông / mới,0.5526083395087411
2352,54,Nữ,Hưng Yên,Miền Bắc,Dây chuyền,Bạc,5,12.07,0,Cưới hỏi,747000.0,21538000.0,4.3,Có,Không,Không,Ví điện tử (Momo/ZaloPay),Giao hàng nhanh,Tại cửa hàng,22,Hàng tháng,28.0,3287000.0,3961492.0,958418.0,0,3,Khách hàng trung thành,0.291006349954556
2353,52,Nữ,An Giang,Miền Nam,Nhẫn,Vàng 18K,18,4.2,0,Quà tặng người yêu,6644000.0,23863000.0,3.4,Không,Không,Có,Chuyển khoản ngân hàng,Giao hàng tiêu chuẩn,Online,18,Nửa năm một lần,189.0,23918000.0,22585767.0,963706.0,1,3,Khách hàng trung thành,0.48852186215047416
2354,40,Nữ,Long An,Miền Nam,Nhẫn,Vàng 18K,18,5.3,0,Tự mua sắm,8614000.0,20870000.0,4.1,Không,Không,Không,Tiền mặt,Nhận tại cửa hàng,Tại cửa hàng,14,Hàng quý,78.0,24119000.0,23737920.0,2798557.0,0,0,Khách hàng phổ thông / mới,0.5985610880373363
2355,32,Nữ,Huế,Miền Trung,Vòng tay,Bạc,5,13.78,0,Lễ/Tết,1330000.0,33834000.0,3.1,Có,Không,Không,Tiền mặt,Giao hàng tiêu chuẩn,Tại cửa hàng,21,Nửa năm một lần,172.0,5586000.0,6269726.0,260934.0,1,3,Khách hàng trung thành,0.6557429074556704
2356,35,Nam,An Giang,Miền Nam,Nhẫn,Vàng 18K,18,1.55,0,Lễ/Tết,2484000.0,16658000.0,4.4,Có,Có,Có,Chuyển khoản ngân hàng,Giao hàng nhanh,Tại cửa hàng,17,Hàng năm,384.0,8446000.0,10237397.0,180369.0,0,2,Khách hàng có nguy cơ rời bỏ,0.08691241682988568
2357,37,Nữ,Hải Phòng,Miền Bắc,Vòng tay,Vàng 24K,24,5.15,0,Tự mua sắm,11732000.0,10122000.0,3.4,Không,Không,Có,Thẻ tín dụng,Giao hàng tiêu chuẩn,Online,19,Hai tuần một lần,12.0,44582000.0,42098783.0,34925828.0,0,3,Khách hàng trung thành,0.4862195999333857
2358,28,Nam,Hà Nội,Miền Bắc,Trang sức bộ,Vàng 18K,18,21.77,0,Cưới hỏi,30825000.0,34372000.0,2.6,Không,Có,Không,Thẻ tín dụng,Giao hàng tiêu chuẩn,Online,16,Hàng năm,369.0,98640000.0,88647768.0,2784427.0,1,2,Khách hàng có nguy cơ rời bỏ,0.4824610972579481
2359,48,Nữ,Thanh Hóa,Miền Trung,Nhẫn,Vàng đính đá quý,18,5.13,1,Cưới hỏi,11358000.0,22962000.0,3.8,Không,Có,Có,Thẻ tín dụng,Giao hàng nhanh,Online,4,Hai tuần một lần,14.0,9086000.0,8787071.0,27333250.0,0,0,Khách hàng phổ thông / mới,0.19509406737221394
2360,28,Nam,Đắk Lắk,Miền Trung,Nhẫn,Vàng 18K,18,6.1,0,Tự mua sắm,10123000.0,20242000.0,4.3,Không,Không,Không,Ví điện tử (Momo/ZaloPay),Nhận tại cửa hàng,Online,12,Hàng năm,317.0,24295000.0,24188102.0,722464.0,1,2,Khách hàng có nguy cơ rời bỏ,0.5355307090896975
2361,49,Nữ,Thanh Hóa,Miền Trung,Lắc chân,Vàng 18K,18,9.77,0,Sinh nhật,13811000.0,36127000.0,4.8,Không,Có,Có,Ví điện tử (Momo/ZaloPay),Giao hàng tiêu chuẩn,Tại cửa hàng,30,Nửa năm một lần,159.0,82866000.0,84863071.0,3174315.0,0,3,Khách hàng trung thành,0.16523257901518618
2362,54,Nữ,Tiền Giang,Miền Nam,Vòng tay,Vàng 24K,24,13.79,0,Tự mua sắm,26024000.0,11590000.0,4.9,Không,Có,Không,Ví điện tử (Momo/ZaloPay),Giao hàng tiêu chuẩn,Tại cửa hàng,3,Hai tuần một lần,14.0,15614000.0,16079297.0,58388102.0,0,0,Khách hàng phổ thông / mới,0.2048639562586626
2363,64,Nữ,Hải Dương,Miền Bắc,Lắc chân,Vàng 24K,24,5.56,0,Cưới hỏi,11335000.0,20774000.0,3.6,Không,Có,Không,Tiền mặt,Nhận tại cửa hàng,Online,7,Hàng quý,91.0,15869000.0,15166003.0,3488428.0,0,0,Khách hàng phổ thông / mới,0.3777077030516771
2364,23,Nữ,Hưng Yên,Miền Bắc,Dây chuyền,Vàng đính đá quý,18,10.43,1,Quà tặng người yêu,20198000.0,11306000.0,4.0,Không,Không,Có,Chuyển khoản ngân hàng,Giao hàng tiêu chuẩn,Tại cửa hàng,22,Hàng tháng,32.0,88871000.0,86960274.0,19424352.0,0,3,Khách hàng trung thành,0.385070070168521
2365,54,Nữ,Quảng Ngãi,Miền Trung,Bông tai,Bạc,5,2.3,0,Tự mua sắm,587000.0,20007000.0,3.9,Không,Có,Có,Chuyển khoản ngân hàng,Giao hàng tiêu chuẩn,Online,5,Nửa năm một lần,189.0,587000.0,571034.0,63385.0,0,0,Khách hàng phổ thông / mới,0.23232693035415575
2366,22,Nam,Hà Nội,Miền Bắc,Trang sức bộ,Bạc,5,30.44,0,Tự mua sắm,1912000.0,8837000.0,3.8,Có,Có,Không,Ví điện tử (Momo/ZaloPay),Nhận tại cửa hàng,Online,2,Hàng tháng,30.0,765000.0,895585.0,2052642.0,0,0,Khách hàng phổ thông / mới,0.17720302203625746
2367,34,Nam,TP. Hồ Chí Minh,Miền Nam,Nhẫn,Bạch kim,20,4.25,0,Tự mua sắm,7635000.0,20217000.0,2.8,Không,Có,Không,Thẻ tín dụng,Giao hàng nhanh,Tại cửa hàng,23,Hàng năm,358.0,35121000.0,31963622.0,521257.0,1,2,Khách hàng có nguy cơ rời bỏ,0.6585514021638387
2368,26,Nữ,Nghệ An,Miền Trung,Lắc chân,Vàng 18K,18,11.05,0,Cưới hỏi,17422000.0,19233000.0,4.2,Có,Không,Không,Chuyển khoản ngân hàng,Giao hàng tiêu chuẩn,Tại cửa hàng,7,Hàng tháng,28.0,24391000.0,29227735.0,14121514.0,0,0,Khách hàng phổ thông / mới,0.3137155499313841
2369,25,Nữ,Tây Ninh,Miền Nam,Bông tai,Bạch kim,20,1.64,1,Lễ/Tết,6805000.0,18817000.0,4.9,Không,Có,Không,Thẻ tín dụng,Nhận tại cửa hàng,Online,7,Hàng năm,315.0,9527000.0,9810905.0,470501.0,1,2,Khách hàng có nguy cơ rời bỏ,0.281976937482923
2370,26,Nữ,TP. Hồ Chí Minh,Miền Nam,Lắc chân,Vàng đính đá quý,18,9.35,1,Sinh nhật,22287000.0,6000000.0,2.8,Có,Không,Không,Thẻ tín dụng,Giao hàng nhanh,Tại cửa hàng,14,Hàng tháng,26.0,62404000.0,68750487.0,30866224.0,0,3,Khách hàng trung thành,0.3891577191750588
2371,20,Nữ,Hà Nội,Miền Bắc,Nhẫn,Bạch kim,20,4.29,0,Tự mua sắm,8252000.0,24145000.0,3.3,Không,Không,Không,Tiền mặt,Nhận tại cửa hàng,Online,26,Nửa năm một lần,186.0,42910000.0,40275326.0,1180212.0,1,3,Khách hàng trung thành,0.6740556618229162
2372,57,Nữ,Hà Nội,Miền Bắc,Dây chuyền,Bạc,5,4.53,0,Tự mua sắm,540000.0,19381000.0,2.7,Không,Không,Không,Chuyển khoản ngân hàng,Giao hàng nhanh,Online,30,Hàng năm,374.0,3240000.0,2930256.0,55274.0,1,2,Khách hàng có nguy cơ rời bỏ,0.7517939155242066
2373,20,Nữ,Hà Nội,Miền Bắc,Nhẫn,Vàng 18K,18,5.13,0,Sinh nhật,7335000.0,37179000.0,3.5,Không,Có,Không,Tiền mặt,Giao hàng nhanh,Tại cửa hàng,8,Hàng tháng,26.0,11736000.0,11149200.0,7647209.0,0,0,Khách hàng phổ thông / mới,0.40350520984436933
2374,37,Nữ,Kiên Giang,Miền Nam,Trang sức bộ,Vàng đính đá quý,18,15.3,1,Tự mua sắm,32925000.0,16516000.0,3.7,Không,Không,Có,Chuyển khoản ngân hàng,Giao hàng nhanh,Online,10,Hai tuần một lần,14.0,65850000.0,63308190.0,48870735.0,0,0,Khách hàng phổ thông / mới,0.33357194979751514
2375,51,Nữ,TP. Hồ Chí Minh,Miền Nam,Nhẫn,Vàng 24K,24,3.4,0,Tự mua sắm,7221000.0,16203000.0,3.4,Có,Có,Không,Ví điện tử (Momo/ZaloPay),Giao hàng nhanh,Online,16,Hàng quý,102.0,23107000.0,26413612.0,1696989.0,0,3,Khách hàng trung thành,0.2938450290468865
2376,65,Nữ,Đà Nẵng,Miền Trung,Nhẫn,Bạch kim,20,4.47,0,Sinh nhật,8634000.0,22630000.0,3.7,Không,Không,Không,Tiền mặt,Giao hàng nhanh,Online,24,Nửa năm một lần,165.0,41443000.0,39843300.0,1919018.0,1,3,Khách hàng trung thành,0.6039091328873162
2377,58,Nữ,Thái Nguyên,Miền Bắc,Lắc chân,Vàng 18K,18,6.28,0,Tự mua sắm,10029000.0,12447000.0,4.5,Không,Không,Không,Tiền mặt,Giao hàng tiêu chuẩn,Online,3,Hàng năm,394.0,6017000.0,6059119.0,742201.0,0,2,Khách hàng có nguy cơ rời bỏ,0.5019253477378395
2378,24,Nữ,Bà Rịa - Vũng Tàu,Miền Nam,Dây chuyền,Bạc,5,7.66,0,Quà tặng người yêu,300000.0,27628000.0,3.0,Không,Có,Có,Chuyển khoản ngân hàng,Nhận tại cửa hàng,Online,13,Hàng tháng,30.0,780000.0,718770.0,270392.0,0,0,Khách hàng phổ thông / mới,0.3079619085922611
2379,65,Nữ,Thái Nguyên,Miền Bắc,Vòng tay,Vàng đính đá quý,18,10.96,1,Quà tặng gia đình,21458000.0,14977000.0,4.4,Không,Có,Có,Ví điện tử (Momo/ZaloPay),Nhận tại cửa hàng,Tại cửa hàng,4,Hàng năm,395.0,17166000.0,17188316.0,1676663.0,0,2,Khách hàng có nguy cơ rời bỏ,0.1318186951390446
2380,49,Nữ,TP. Hồ Chí Minh,Miền Nam,Dây chuyền,Bạc,5,3.2,0,Cưới hỏi,709000.0,14773000.0,4.5,Không,Có,Có,Tiền mặt,Giao hàng nhanh,Tại cửa hàng,7,Hàng năm,340.0,993000.0,999951.0,68209.0,0,2,Khách hàng có nguy cơ rời bỏ,0.1712992155185091
2381,26,Nữ,Bình Dương,Miền Nam,Bông tai,Vàng 24K,24,2.84,0,Cưới hỏi,5903000.0,25086000.0,3.8,Không,Có,Có,Thẻ tín dụng,Nhận tại cửa hàng,Online,19,Nửa năm một lần,208.0,22431000.0,21693020.0,1022637.0,0,3,Khách hàng trung thành,0.2083269081949249
2382,39,Nam,Vĩnh Phúc,Miền Bắc,Nhẫn,Bạc,5,4.06,0,Tự mua sắm,300000.0,21823000.0,3.3,Không,Có,Không,Tiền mặt,Giao hàng nhanh,Tại cửa hàng,1,Hàng tuần,7.0,60000.0,56316.0,1134657.0,0,0,Khách hàng phổ thông / mới,0.3994633783141228
2383,62,Nữ,Khánh Hòa,Miền Trung,Dây chuyền,Vàng đính đá quý,18,10.11,1,Cưới hỏi,17339000.0,23069000.0,4.8,Không,Có,Không,Ví điện tử (Momo/ZaloPay),Nhận tại cửa hàng,Tại cửa hàng,26,Hai tuần một lần,15.0,90163000.0,92335928.0,32432310.0,0,3,Khách hàng trung thành,0.35836430755839505
2384,36,Nữ,Nam Định,Miền Bắc,Vòng tay,Bạc,5,12.21,0,Quà tặng gia đình,1216000.0,10642000.0,3.4,Không,Không,Có,Ví điện tử (Momo/ZaloPay),Nhận tại cửa hàng,Online,3,Hàng năm,385.0,730000.0,689339.0,72137.0,1,2,Khách hàng có nguy cơ rời bỏ,0.7670298242232155
2385,26,Nữ,Nghệ An,Miền Trung,Dây chuyền,Vàng đính đá quý,18,5.07,1,Sinh nhật,11358000.0,26359000.0,2.6,Không,Có,Không,Tiền mặt,Nhận tại cửa hàng,Online,25,Nửa năm một lần,191.0,56790000.0,51037173.0,1651209.0,1,3,Khách hàng trung thành,0.7037005722473032
2386,60,Nữ,Kiên Giang,Miền Nam,Dây chuyền,Bạch kim,20,10.05,0,Cưới hỏi,16751000.0,14381000.0,2.8,Không,Có,Không,Tiền mặt,Giao hàng tiêu chuẩn,Online,13,Nửa năm một lần,184.0,43553000.0,39637585.0,2859097.0,1,3,Khách hàng trung thành,0.6709629636451806
2387,63,Nam,TP. Hồ Chí Minh,Miền Nam,Nhẫn,Vàng đính đá quý,18,1.73,1,Quà tặng người yêu,8332000.0,9705000.0,4.7,Không,Không,Có,Tiền mặt,Giao hàng tiêu chuẩn,Online,17,Hàng năm,384.0,28329000.0,28850254.0,538015.0,0,2,Khách hàng có nguy cơ rời bỏ,0.267282904435022
2388,64,Nam,Long An,Miền Nam,Bông tai,Vàng 18K,18,2.67,0,Quà tặng người yêu,4432000.0,24428000.0,2.9,Có,Không,Có,Ví điện tử (Momo/ZaloPay),Giao hàng nhanh,Online,13,Hàng tuần,7.0,11523000.0,12774398.0,11005270.0,0,0,Khách hàng phổ thông / mới,0.20263056047537942
2389,63,Nam,Bình Định,Miền Trung,Nhẫn,Vàng 18K,18,5.53,0,Quà tặng người yêu,8962000.0,20276000.0,3.6,Không,Không,Không,Ví điện tử (Momo/ZaloPay),Nhận tại cửa hàng,Tại cửa hàng,12,Nửa năm một lần,195.0,21509000.0,20556151.0,1464090.0,1,0,Khách hàng phổ thông / mới,0.6053147059269297
2390,59,Nữ,Hải Dương,Miền Bắc,Dây chuyền,Vàng đính đá quý,18,10.49,1,Quà tặng người yêu,23693000.0,19866000.0,4.2,Có,Không,Không,Thẻ tín dụng,Giao hàng tiêu chuẩn,Online,19,Nửa năm một lần,194.0,90033000.0,107886544.0,3631780.0,1,1,Khách hàng VIP (giá trị cao nhất),0.39946924940670514
2391,39,Nam,TP. Hồ Chí Minh,Miền Nam,Dây chuyền,Vàng đính đá quý,18,5.16,1,Cưới hỏi,12616000.0,25024000.0,3.9,Không,Có,Không,Tiền mặt,Giao hàng tiêu chuẩn,Online,10,Hàng năm,384.0,25232000.0,24545690.0,991444.0,1,2,Khách hàng có nguy cơ rời bỏ,0.4053949753204011
2392,27,Nữ,Quảng Nam,Miền Trung,Dây chuyền,Vàng 24K,24,7.07,0,Cưới hỏi,14579000.0,17382000.0,4.1,Không,Có,Có,Chuyển khoản ngân hàng,Giao hàng tiêu chuẩn,Online,2,Nửa năm một lần,204.0,5832000.0,5739854.0,1851256.0,0,0,Khách hàng phổ thông / mới,0.16634755755862055
2393,47,Nữ,Quảng Ninh,Miền Bắc,Bông tai,Vàng 24K,24,3.29,0,Sinh nhật,6554000.0,8576000.0,3.4,Không,Không,Không,Ví điện tử (Momo/ZaloPay),Giao hàng nhanh,Online,1,Hàng quý,101.0,1311000.0,1237977.0,1865998.0,1,0,Khách hàng phổ thông / mới,0.6187135959742889
2394,28,Nữ,Huế,Miền Trung,Dây chuyền,Vàng 18K,18,7.94,0,Cưới hỏi,13095000.0,17302000.0,4.2,Không,Không,Không,Ví điện tử (Momo/ZaloPay),Nhận tại cửa hàng,Tại cửa hàng,9,Hai tuần một lần,12.0,23571000.0,23332933.0,27291225.0,0,0,Khách hàng phổ thông / mới,0.5054819061803454
2395,40,Nam,Quảng Ngãi,Miền Trung,Lắc chân,Bạch kim,20,9.17,0,Quà tặng người yêu,17414000.0,22415000.0,2.5,Không,Không,Không,Thẻ tín dụng,Giao hàng nhanh,Tại cửa hàng,7,Hàng năm,418.0,24380000.0,21771340.0,1450073.0,1,2,Khách hàng có nguy cơ rời bỏ,0.7283455022698727
2396,49,Nữ,TP. Hồ Chí Minh,Miền Nam,Bông tai,Vàng đính đá quý,18,4.7,1,Quà tặng người yêu,13191000.0,22188000.0,3.2,Không,Không,Không,Ví điện tử (Momo/ZaloPay),Nhận tại cửa hàng,Online,1,Nửa năm một lần,198.0,2638000.0,2460990.0,2371072.0,1,0,Khách hàng phổ thông / mới,0.7155876128982718
2397,63,Nam,Hải Dương,Miền Bắc,Lắc chân,Bạc,5,3.37,0,Quà tặng người yêu,544000.0,20526000.0,3.8,Không,Không,Có,Ví điện tử (Momo/ZaloPay),Giao hàng tiêu chuẩn,Tại cửa hàng,3,Hàng quý,93.0,326000.0,315275.0,117168.0,0,0,Khách hàng phổ thông / mới,0.269635419269294
2398,31,Nữ,Bà Rịa - Vũng Tàu,Miền Nam,Bông tai,Vàng 24K,24,4.73,0,Cưới hỏi,9550000.0,36737000.0,3.6,Không,Có,Không,Ví điện tử (Momo/ZaloPay),Giao hàng tiêu chuẩn,Online,27,Hàng năm,377.0,51570000.0,49285449.0,632799.0,1,2,Khách hàng có nguy cơ rời bỏ,0.5043554072253585
2399,30,Nam,Nghệ An,Miền Trung,Nhẫn,Vàng 18K,18,7.21,0,Quà tặng người yêu,9621000.0,31418000.0,2.9,Không,Có,Không,Thẻ tín dụng,Nhận tại cửa hàng,Tại cửa hàng,15,Hàng tháng,29.0,28863000.0,26432735.0,7271732.0,0,3,Khách hàng trung thành,0.48630395929799725
2400,53,Nam,Hưng Yên,Miền Bắc,Trang sức bộ,Vàng đính đá quý,18,32.85,1,Cưới hỏi,64501000.0,12774000.0,3.9,Có,Không,Không,Thẻ tín dụng,Giao hàng nhanh,Online,12,Hàng quý,88.0,154802000.0,182294835.0,19416172.0,0,1,Khách hàng VIP (giá trị cao nhất),0.2676761374897876
2401,18,Nam,Thái Nguyên,Miền Bắc,Bông tai,Vàng 18K,18,1.28,0,Quà tặng gia đình,1753000.0,9494000.0,3.0,Có,Có,Có,Thẻ tín dụng,Giao hàng tiêu chuẩn,Online,28,Hàng năm,352.0,9817000.0,10950864.0,147160.0,0,2,Khách hàng có nguy cơ rời bỏ,0.18219525908454998
2402,45,Nữ,Đồng Nai,Miền Nam,Vòng tay,Vàng 24K,24,18.26,0,Cưới hỏi,35703000.0,29982000.0,3.5,Có,Có,Không,Thẻ tín dụng,Giao hàng tiêu chuẩn,Online,18,Nửa năm một lần,207.0,128531000.0,147810650.0,3824173.0,0,1,Khách hàng VIP (giá trị cao nhất),0.1729793734571989
2403,53,Nam,Thanh Hóa,Miền Trung,Nhẫn,Vàng 18K,18,2.56,0,Quà tặng người yêu,4461000.0,28638000.0,2.7,Không,Không,Không,Ví điện tử (Momo/ZaloPay),Nhận tại cửa hàng,Tại cửa hàng,4,Hàng năm,376.0,3569000.0,3227804.0,296870.0,1,2,Khách hàng có nguy cơ rời bỏ,0.7064278164681012
2404,44,Nữ,Quảng Nam,Miền Trung,Nhẫn,Bạch kim,20,3.7,0,Tự mua sắm,7039000.0,30997000.0,3.6,Không,Không,Có,Chuyển khoản ngân hàng,Nhận tại cửa hàng,Tại cửa hàng,22,Hàng năm,328.0,30972000.0,29599940.0,527466.0,1,2,Khách hàng có nguy cơ rời bỏ,0.5463432044927463
2405,36,Nữ,Nam Định,Miền Bắc,Vòng tay,Vàng 18K,18,10.72,0,Sinh nhật,17089000.0,17051000.0,4.5,Không,Không,Không,Ví điện tử (Momo/ZaloPay),Nhận tại cửa hàng,Tại cửa hàng,22,Hàng quý,97.0,75192000.0,75718344.0,5482441.0,0,3,Khách hàng trung thành,0.5210486046806792
2406,57,Nữ,TP. Hồ Chí Minh,Miền Nam,Dây chuyền,Vàng 24K,24,6.59,0,Quà tặng người yêu,13032000.0,20297000.0,3.3,Không,Có,Có,Ví điện tử (Momo/ZaloPay),Giao hàng nhanh,Online,9,Hàng tháng,32.0,23458000.0,22017679.0,12369999.0,0,0,Khách hàng phổ thông / mới,0.24201670788423055
2407,35,Nam,Đồng Nai,Miền Nam,Bông tai,Vàng 18K,18,2.47,0,Tự mua sắm,4020000.0,7652000.0,4.3,Không,Không,Có,Thẻ tín dụng,Nhận tại cửa hàng,Online,21,Hàng năm,380.0,16884000.0,16809710.0,276138.0,1,2,Khách hàng có nguy cơ rời bỏ,0.4635544107602605
2408,52,Nam,Lào Cai,Miền Bắc,Dây chuyền,Vàng đính đá quý,18,5.03,1,Tự mua sắm,10455000.0,22128000.0,3.6,Không,Có,Có,Ví điện tử (Momo/ZaloPay),Nhận tại cửa hàng,Tại cửa hàng,5,Hàng quý,84.0,10455000.0,9991844.0,3852771.0,0,0,Khách hàng phổ thông / mới,0.20221450741623
2409,40,Nữ,Kiên Giang,Miền Nam,Vòng tay,Vàng 18K,18,14.89,0,Quà tặng gia đình,21533000.0,15929000.0,3.1,Không,Có,Không,Chuyển khoản ngân hàng,Giao hàng nhanh,Tại cửa hàng,30,Nửa năm một lần,188.0,129198000.0,119792386.0,3097995.0,1,1,Khách hàng VIP (giá trị cao nhất),0.5732053155142182
2410,19,Nam,Hà Nội,Miền Bắc,Nhẫn,Vàng 18K,18,5.27,0,Quà tặng gia đình,8730000.0,13675000.0,3.3,Không,Không,Không,Chuyển khoản ngân hàng,Giao hàng tiêu chuẩn,Online,18,Hàng quý,99.0,31428000.0,29498321.0,2516097.0,1,3,Khách hàng trung thành,0.6561734069032983
2411,43,Nữ,Bắc Ninh,Miền Bắc,Nhẫn,Vàng 24K,24,5.49,0,Tự mua sắm,12303000.0,27046000.0,3.3,Có,Không,Không,Thẻ tín dụng,Nhận tại cửa hàng,Online,9,Hàng tuần,6.0,22145000.0,25161149.0,48026780.0,0,0,Khách hàng phổ thông / mới,0.4281238063664356
2412,20,Nữ,Gia Lai,Miền Trung,Nhẫn,Vàng 18K,18,4.89,1,Tự mua sắm,10072000.0,18109000.0,4.4,Không,Có,Không,Tiền mặt,Giao hàng nhanh,Online,28,Hai tuần một lần,14.0,56403000.0,56476324.0,26790433.0,0,3,Khách hàng trung thành,0.3844514648463151
2413,62,Nữ,TP. Hồ Chí Minh,Miền Nam,Lắc chân,Bạch kim,20,4.99,0,Sinh nhật,8337000.0,27494000.0,3.0,Không,Có,Có,Tiền mặt,Giao hàng nhanh,Tại cửa hàng,16,Nửa năm một lần,166.0,26678000.0,24583777.0,1154236.0,0,3,Khách hàng trung thành,0.37370517898926975
2414,46,Nam,Hải Dương,Miền Bắc,Vòng tay,Bạch kim,20,13.79,1,Lễ/Tết,27945000.0,20005000.0,4.9,Có,Có,Không,Thẻ tín dụng,Nhận tại cửa hàng,Online,27,Nửa năm một lần,185.0,150903000.0,188115680.0,5208428.0,0,1,Khách hàng VIP (giá trị cao nhất),0.14681131771093708
2415,35,Nữ,Bình Định,Miền Trung,Trang sức bộ,Vàng 18K,18,26.34,0,Sinh nhật,37240000.0,20389500.0,4.2,Không,Có,Không,Ví điện tử (Momo/ZaloPay),Giao hàng tiêu chuẩn,Online,3,Hàng quý,94.0,22344000.0,22118326.0,13620943.0,0,0,Khách hàng phổ thông / mới,0.27535177750786227
2416,41,Nam,Lào Cai,Miền Bắc,Bông tai,Vàng đính đá quý,18,1.26,1,Cưới hỏi,5227000.0,11272000.0,3.5,Không,Không,Không,Ví điện tử (Momo/ZaloPay),Nhận tại cửa hàng,Online,10,Hàng tháng,33.0,10454000.0,9931300.0,3769677.0,0,0,Khách hàng phổ thông / mới,0.5364682845487577
2417,47,Nữ,Bình Định,Miền Trung,Bông tai,Vàng 18K,18,5.94,0,Quà tặng người yêu,9605000.0,13911000.0,5.0,Không,Không,Không,Tiền mặt,Giao hàng tiêu chuẩn,Online,13,Hàng quý,90.0,24973000.0,25859542.0,3673528.0,0,0,Khách hàng phổ thông / mới,0.5151738903810714
2418,30,Nam,TP. Hồ Chí Minh,Miền Nam,Vòng tay,Vàng đính đá quý,18,13.7,1,Tự mua sắm,30097000.0,22974000.0,3.0,Không,Không,Có,Chuyển khoản ngân hàng,Giao hàng tiêu chuẩn,Online,8,Nửa năm một lần,206.0,48155000.0,44374832.0,5596410.0,1,0,Khách hàng phổ thông / mới,0.7049442536340778
2419,31,Nữ,Tây Ninh,Miền Nam,Lắc chân,Vàng 24K,24,8.74,0,Sinh nhật,19817000.0,31707000.0,4.4,Có,Không,Không,Ví điện tử (Momo/ZaloPay),Giao hàng nhanh,Online,16,Hai tuần một lần,16.0,63414000.0,76864109.0,29649029.0,0,3,Khách hàng trung thành,0.2546043456700301
2420,38,Nữ,Đà Nẵng,Miền Trung,Trang sức bộ,Vàng 18K,18,24.24,0,Lễ/Tết,38724000.0,23544000.0,3.2,Không,Không,Không,Ví điện tử (Momo/ZaloPay),Giao hàng nhanh,Online,11,Nửa năm một lần,199.0,85193000.0,79476550.0,4873675.0,1,3,Khách hàng trung thành,0.6786977193717346
2421,30,Nam,TP. Hồ Chí Minh,Miền Nam,Bông tai,Vàng đính đá quý,18,4.45,1,Quà tặng người yêu,9094000.0,19908000.0,3.8,Có,Không,Không,Chuyển khoản ngân hàng,Giao hàng tiêu chuẩn,Tại cửa hàng,27,Nửa năm một lần,185.0,49108000.0,57490736.0,1744837.0,0,3,Khách hàng trung thành,0.2570114524100222
2422,54,Nam,Đắk Lắk,Miền Trung,Nhẫn,Vàng đính đá quý,18,5.77,1,Lễ/Tết,14018000.0,31756000.0,2.6,Không,Có,Không,Chuyển khoản ngân hàng,Nhận tại cửa hàng,Tại cửa hàng,8,Hàng quý,82.0,22429000.0,20156942.0,5379164.0,0,0,Khách hàng phổ thông / mới,0.5222336455515576
2423,22,Nữ,Lào Cai,Miền Bắc,Bông tai,Bạch kim,20,5.0,0,Quà tặng người yêu,9167000.0,17793000.0,4.6,Không,Có,Có,Thẻ tín dụng,Giao hàng nhanh,Tại cửa hàng,6,Nửa năm một lần,190.0,11000000.0,11139700.0,1591100.0,0,0,Khách hàng phổ thông / mới,0.1775951024462636
2424,57,Nam,Hải Dương,Miền Bắc,Nhẫn,Bạc,5,2.55,0,Tự mua sắm,300000.0,15844000.0,3.4,Không,Không,Không,Ví điện tử (Momo/ZaloPay),Nhận tại cửa hàng,Online,29,Hàng năm,388.0,1740000.0,1643082.0,24618.0,1,2,Khách hàng có nguy cơ rời bỏ,0.7228299499502691
2425,34,Nam,Tây Ninh,Miền Nam,Nhẫn,Bạch kim,20,2.56,0,Sinh nhật,5077000.0,20088000.0,4.0,Không,Không,Không,Tiền mặt,Nhận tại cửa hàng,Online,22,Hàng tháng,30.0,22339000.0,21858712.0,5434041.0,0,3,Khách hàng trung thành,0.6178830409764872
2426,44,Nữ,Nam Định,Miền Bắc,Bông tai,Bạc,5,2.1,0,Cưới hỏi,304000.0,23249000.0,4.8,Có,Có,Có,Ví điện tử (Momo/ZaloPay),Giao hàng nhanh,Online,2,Hàng tháng,34.0,122000.0,151243.0,204190.0,0,0,Khách hàng phổ thông / mới,0.101294073937607
2427,25,Nữ,Đồng Nai,Miền Nam,Lắc chân,Vàng 18K,18,11.67,0,Sinh nhật,18474000.0,10636000.0,2.6,Không,Không,Có,Ví điện tử (Momo/ZaloPay),Giao hàng nhanh,Online,26,Hai tuần một lần,12.0,96065000.0,86333616.0,54891666.0,0,3,Khách hàng trung thành,0.4681053616916667
2428,36,Nam,Bắc Ninh,Miền Bắc,Nhẫn,Vàng 18K,18,3.82,1,Cưới hỏi,11536000.0,21064000.0,4.9,Không,Không,Không,Thẻ tín dụng,Giao hàng nhanh,Online,6,Nửa năm một lần,201.0,13843000.0,14255521.0,2084273.0,1,0,Khách hàng phổ thông / mới,0.5764127621635773
2429,54,Nữ,Đồng Nai,Miền Nam,Nhẫn,Bạc,5,3.56,0,Quà tặng người yêu,724000.0,9170000.0,3.8,Không,Không,Không,Chuyển khoản ngân hàng,Nhận tại cửa hàng,Tại cửa hàng,21,Hàng năm,409.0,3041000.0,2940951.0,50912.0,1,2,Khách hàng có nguy cơ rời bỏ,0.6309882094257591
2430,30,Nam,Thái Nguyên,Miền Bắc,Lắc chân,Bạc,5,5.06,0,Lễ/Tết,1084000.0,17696000.0,4.5,Có,Không,Không,Ví điện tử (Momo/ZaloPay),Nhận tại cửa hàng,Tại cửa hàng,1,Nửa năm một lần,189.0,217000.0,264523.0,170717.0,1,0,Khách hàng phổ thông / mới,0.3740432415987267
2431,24,Nữ,Kiên Giang,Miền Nam,Nhẫn,Vàng đính đá quý,18,4.63,1,Cưới hỏi,10022000.0,18344000.0,3.7,Có,Có,Không,Thẻ tín dụng,Giao hàng tiêu chuẩn,Online,8,Hàng năm,407.0,16035000.0,18661533.0,535131.0,0,2,Khách hàng có nguy cơ rời bỏ,0.19489362790085343
2432,43,Nam,TP. Hồ Chí Minh,Miền Nam,Nhẫn,Vàng 18K,18,7.38,1,Tự mua sắm,16483000.0,20354000.0,4.5,Không,Không,Không,Thẻ tín dụng,Giao hàng nhanh,Online,26,Nửa năm một lần,166.0,85712000.0,86311984.0,3254596.0,1,3,Khách hàng trung thành,0.6280275555764018
2433,25,Nữ,Hà Nội,Miền Bắc,Bông tai,Vàng 24K,24,4.37,0,Tự mua sắm,9586000.0,6000000.0,4.7,Không,Không,Không,Tiền mặt,Giao hàng tiêu chuẩn,Tại cửa hàng,1,Hàng tháng,29.0,1917000.0,1952273.0,10937662.0,0,0,Khách hàng phổ thông / mới,0.47686210897071957
2434,33,Nữ,TP. Hồ Chí Minh,Miền Nam,Lắc chân,Vàng 24K,24,4.69,0,Quà tặng người yêu,10835000.0,20684000.0,3.5,Không,Không,Có,Thẻ tín dụng,Giao hàng tiêu chuẩn,Tại cửa hàng,15,Hàng tháng,27.0,32505000.0,30879750.0,11904121.0,0,3,Khách hàng trung thành,0.34310126816257963
2435,39,Nam,Gia Lai,Miền Trung,Vòng tay,Vàng đính đá quý,18,17.56,1,Lễ/Tết,32058000.0,26457000.0,4.3,Không,Có,Có,Thẻ tín dụng,Nhận tại cửa hàng,Online,12,Nửa năm một lần,172.0,76939000.0,76600468.0,6723142.0,0,3,Khách hàng trung thành,0.2384932266726203
2436,45,Nam,Lào Cai,Miền Bắc,Vòng tay,Vàng 24K,24,19.18,1,Tự mua sắm,45739000.0,30556000.0,5.0,Không,Không,Có,Ví điện tử (Momo/ZaloPay),Giao hàng nhanh,Tại cửa hàng,7,Nửa năm một lần,164.0,64035000.0,66308242.0,7863756.0,1,0,Khách hàng phổ thông / mới,0.4756015854155648
2437,48,Nữ,Hải Dương,Miền Bắc,Dây chuyền,Vàng đính đá quý,18,11.56,1,Tự mua sắm,22162000.0,31051000.0,4.4,Không,Không,Không,Ví điện tử (Momo/ZaloPay),Nhận tại cửa hàng,Online,4,Hàng quý,81.0,17730000.0,17753049.0,9042335.0,0,0,Khách hàng phổ thông / mới,0.5411728878403441
2438,50,Nữ,TP. Hồ Chí Minh,Miền Nam,Nhẫn,Vàng 24K,24,5.36,0,Lễ/Tết,11698000.0,21178000.0,4.9,Không,Có,Không,Thẻ tín dụng,Nhận tại cửa hàng,Online,12,Hàng quý,77.0,28075000.0,28911635.0,3721151.0,0,0,Khách hàng phổ thông / mới,0.2724007988552691
2439,58,Nữ,TP. Hồ Chí Minh,Miền Nam,Bông tai,Vàng 18K,18,4.36,1,Tự mua sắm,9650000.0,38830000.0,4.3,Không,Có,Không,Tiền mặt,Giao hàng tiêu chuẩn,Online,11,Hàng quý,97.0,21230000.0,21136588.0,2971883.0,0,0,Khách hàng phổ thông / mới,0.35602345587857154
2440,21,Nữ,Lào Cai,Miền Bắc,Lắc chân,Bạch kim,20,9.62,1,Quà tặng gia đình,20639000.0,13939000.0,3.3,Không,Có,Không,Thẻ tín dụng,Giao hàng nhanh,Online,4,Hàng quý,85.0,16511000.0,15497225.0,7055743.0,0,0,Khách hàng phổ thông / mới,0.4778577936083249
2441,35,Nữ,Bà Rịa - Vũng Tàu,Miền Nam,Dây chuyền,Vàng 18K,18,13.31,1,Quà tặng người yêu,22617000.0,15001000.0,4.6,Có,Có,Không,Thẻ tín dụng,Giao hàng tiêu chuẩn,Online,22,Nửa năm một lần,188.0,99515000.0,121995438.0,3755464.0,0,1,Khách hàng VIP (giá trị cao nhất),0.20451333044652945
2442,18,Nữ,Hưng Yên,Miền Bắc,Dây chuyền,Bạch kim,20,10.9,0,Quà tặng người yêu,20442000.0,19207000.0,4.2,Có,Không,Không,Chuyển khoản ngân hàng,Giao hàng tiêu chuẩn,Tại cửa hàng,4,Nửa năm một lần,193.0,16354000.0,19596998.0,2966161.0,0,0,Khách hàng phổ thông / mới,0.3520494032503001
2443,18,Nữ,Hà Nội,Miền Bắc,Dây chuyền,Vàng 24K,24,9.38,0,Tự mua sắm,18999000.0,24870000.0,2.6,Không,Có,Không,Tiền mặt,Giao hàng tiêu chuẩn,Online,12,Hàng năm,384.0,45598000.0,40978923.0,1449171.0,1,2,Khách hàng có nguy cơ rời bỏ,0.48463684583186867
2444,28,Nữ,Gia Lai,Miền Trung,Nhẫn,Bạc,5,2.69,1,Cưới hỏi,3533000.0,24183000.0,2.9,Có,Không,Không,Ví điện tử (Momo/ZaloPay),Giao hàng nhanh,Online,29,Hàng tháng,34.0,20491000.0,22716323.0,3580867.0,0,3,Khách hàng trung thành,0.4608239294541901
2445,46,Nữ,Hải Phòng,Miền Bắc,Dây chuyền,Bạc,5,7.49,0,Tự mua sắm,793000.0,6000000.0,3.2,Có,Có,Không,Chuyển khoản ngân hàng,Giao hàng tiêu chuẩn,Online,12,Hàng năm,389.0,1903000.0,2149058.0,56349.0,0,2,Khách hàng có nguy cơ rời bỏ,0.2616741756260634
2446,60,Nam,Hưng Yên,Miền Bắc,Nhẫn,Vàng đính đá quý,18,2.05,1,Sinh nhật,5324000.0,14850000.0,4.4,Có,Không,Không,Tiền mặt,Giao hàng nhanh,Tại cửa hàng,21,Hàng tháng,31.0,22361000.0,27103768.0,3662308.0,0,3,Khách hàng trung thành,0.2587115332395421
2447,55,Nữ,Khánh Hòa,Miền Trung,Bông tai,Vàng 24K,24,4.64,0,Cưới hỏi,9228000.0,26670000.0,4.5,Không,Có,Có,Thẻ tín dụng,Giao hàng tiêu chuẩn,Tại cửa hàng,14,Hàng tháng,27.0,25838000.0,26018866.0,13482365.0,0,0,Khách hàng phổ thông / mới,0.1657798981277204
2448,49,Nam,Hưng Yên,Miền Bắc,Dây chuyền,Vàng 18K,18,14.91,0,Lễ/Tết,23439000.0,14720000.0,4.6,Không,Không,Có,Chuyển khoản ngân hàng,Nhận tại cửa hàng,Online,20,Hàng năm,313.0,93756000.0,94946701.0,2805180.0,0,1,Khách hàng VIP (giá trị cao nhất),0.34925112618238335
2449,55,Nam,Nam Định,Miền Bắc,Bông tai,Bạc,5,1.48,0,Quà tặng người yêu,322000.0,20399000.0,2.7,Không,Có,Không,Chuyển khoản ngân hàng,Nhận tại cửa hàng,Online,24,Hàng năm,390.0,1546000.0,1398202.0,19008.0,1,2,Khách hàng có nguy cơ rời bỏ,0.5303389938483158
2450,26,Nữ,TP. Hồ Chí Minh,Miền Nam,Vòng tay,Vàng đính đá quý,18,11.6,1,Quà tặng người yêu,25594000.0,22074000.0,2.7,Không,Không,Không,Chuyển khoản ngân hàng,Giao hàng nhanh,Tại cửa hàng,15,Hàng năm,405.0,76782000.0,69441641.0,2131217.0,1,2,Khách hàng có nguy cơ rời bỏ,0.7149876761491116
2451,58,Nữ,Bình Định,Miền Trung,Lắc chân,Vàng đính đá quý,18,9.3,1,Tự mua sắm,17354000.0,24866000.0,3.2,Không,Có,Không,Tiền mặt,Giao hàng tiêu chuẩn,Tại cửa hàng,20,Hai tuần một lần,14.0,69416000.0,64758186.0,33820388.0,0,3,Khách hàng trung thành,0.5494446203623974
2452,60,Nam,Long An,Miền Nam,Trang sức bộ,Vàng đính đá quý,18,10.75,1,Tự mua sắm,22203000.0,27625000.0,4.2,Không,Không,Không,Thẻ tín dụng,Nhận tại cửa hàng,Online,15,Hàng tháng,34.0,66609000.0,65936249.0,20520033.0,0,3,Khách hàng trung thành,0.5255205942618886
2453,22,Nam,Đắk Lắk,Miền Trung,Dây chuyền,Bạc,5,8.27,0,Lễ/Tết,636000.0,28218000.0,4.6,Không,Có,Không,Chuyển khoản ngân hàng,Giao hàng nhanh,Online,10,Nửa năm một lần,203.0,1272000.0,1288154.0,98968.0,1,0,Khách hàng phổ thông / mới,0.4041438127351308
2454,40,Nữ,Quảng Nam,Miền Trung,Nhẫn,Bạc,5,6.67,0,Cưới hỏi,325000.0,24828000.0,4.7,Có,Có,Có,Chuyển khoản ngân hàng,Giao hàng nhanh,Online,24,Hàng năm,413.0,1560000.0,1923168.0,22612.0,0,2,Khách hàng có nguy cơ rời bỏ,0.11463726717846508
2455,57,Nữ,Hải Dương,Miền Bắc,Bông tai,Vàng đính đá quý,18,2.47,1,Lễ/Tết,5939000.0,12828000.0,3.0,Không,Không,Không,Thẻ tín dụng,Giao hàng tiêu chuẩn,Online,12,Hàng quý,96.0,14254000.0,13135061.0,1594106.0,1,0,Khách hàng phổ thông / mới,0.7000557096113218
2456,40,Nam,Đồng Nai,Miền Nam,Nhẫn,Vàng đính đá quý,18,5.79,1,Tự mua sắm,10440000.0,24505000.0,4.4,Có,Có,Không,Chuyển khoản ngân hàng,Giao hàng tiêu chuẩn,Online,2,Hàng tuần,8.0,4176000.0,5061730.0,27427006.0,0,0,Khách hàng phổ thông / mới,0.1803974313302945
2457,58,Nam,Thái Nguyên,Miền Bắc,Nhẫn,Bạch kim,20,5.45,0,Lễ/Tết,10711000.0,29052000.0,4.1,Không,Không,Không,Tiền mặt,Giao hàng nhanh,Online,9,Hàng quý,93.0,19280000.0,18975376.0,2885355.0,0,0,Khách hàng phổ thông / mới,0.5512229169895788
2458,62,Nữ,Hải Dương,Miền Bắc,Nhẫn,Bạch kim,20,6.05,0,Quà tặng người yêu,11746000.0,24894000.0,4.8,Không,Không,Không,Ví điện tử (Momo/ZaloPay),Giao hàng nhanh,Online,21,Hàng tuần,7.0,49333000.0,50521925.0,29961885.0,0,3,Khách hàng trung thành,0.555907172570311
2459,40,Nữ,Long An,Miền Nam,Lắc chân,Vàng đính đá quý,18,5.16,1,Cưới hỏi,11749000.0,29428000.0,4.4,Không,Có,Không,Chuyển khoản ngân hàng,Nhận tại cửa hàng,Tại cửa hàng,20,Hàng tháng,26.0,46996000.0,47057095.0,13392612.0,0,3,Khách hàng trung thành,0.404528037569734
2460,20,Nam,TP. Hồ Chí Minh,Miền Nam,Nhẫn,Vàng 24K,24,2.59,0,Sinh nhật,6226000.0,20863000.0,3.8,Có,Không,Có,Chuyển khoản ngân hàng,Giao hàng tiêu chuẩn,Online,17,Nửa năm một lần,205.0,21168000.0,24781378.0,793736.0,0,3,Khách hàng trung thành,0.2047088567037354
2461,34,Nữ,Gia Lai,Miền Trung,Vòng tay,Vàng 18K,18,5.25,0,Tự mua sắm,7865000.0,19151000.0,4.5,Không,Có,Có,Chuyển khoản ngân hàng,Giao hàng tiêu chuẩn,Tại cửa hàng,14,Hàng tháng,29.0,22022000.0,22176154.0,9135084.0,0,0,Khách hàng phổ thông / mới,0.2034383761908533
2462,28,Nữ,Hà Nội,Miền Bắc,Dây chuyền,Vàng đính đá quý,18,8.76,1,Quà tặng người yêu,19254000.0,13751000.0,3.3,Không,Không,Không,Ví điện tử (Momo/ZaloPay),Nhận tại cửa hàng,Tại cửa hàng,10,Nửa năm một lần,160.0,38508000.0,36143609.0,4576571.0,1,0,Khách hàng phổ thông / mới,0.7543885937044292
2463,40,Nữ,Bắc Ninh,Miền Bắc,Bông tai,Bạc,5,1.93,0,Sinh nhật,513000.0,34640000.0,4.5,Không,Có,Không,Ví điện tử (Momo/ZaloPay),Nhận tại cửa hàng,Tại cửa hàng,2,Nửa năm một lần,194.0,205000.0,206435.0,71047.0,0,0,Khách hàng phổ thông / mới,0.34679698290635336
2464,46,Nữ,Quảng Nam,Miền Trung,Dây chuyền,Vàng 24K,24,10.81,0,Tự mua sắm,23504000.0,13443000.0,4.5,Có,Không,Không,Ví điện tử (Momo/ZaloPay),Nhận tại cửa hàng,Tại cửa hàng,7,Hàng quý,85.0,32906000.0,40112414.0,8653007.0,0,0,Khách hàng phổ thông / mới,0.27700764979126175
2465,40,Nữ,TP. Hồ Chí Minh,Miền Nam,Lắc chân,Bạc,5,7.94,0,Cưới hỏi,455000.0,20367000.0,4.6,Không,Không,Không,Thẻ tín dụng,Giao hàng tiêu chuẩn,Tại cửa hàng,30,Hàng quý,91.0,2730000.0,2764671.0,163491.0,0,3,Khách hàng trung thành,0.5037580436091806
2466,27,Nữ,Đà Nẵng,Miền Trung,Bông tai,Bạc,5,5.17,0,Sinh nhật,414000.0,17126000.0,3.1,Không,Có,Có,Tiền mặt,Giao hàng tiêu chuẩn,Tại cửa hàng,26,Hàng năm,419.0,2153000.0,1996262.0,32160.0,0,2,Khách hàng có nguy cơ rời bỏ,0.3813579742086809
2467,32,Nữ,Hà Nội,Miền Bắc,Dây chuyền,Bạch kim,20,12.62,1,Cưới hỏi,28909000.0,10581000.0,4.6,Không,Không,Không,Tiền mặt,Nhận tại cửa hàng,Online,3,Hàng quý,94.0,17345000.0,17565282.0,9352418.0,0,0,Khách hàng phổ thông / mới,0.5242042009243766
2468,50,Nữ,Thái Nguyên,Miền Bắc,Dây chuyền,Bạch kim,20,7.33,0,Lễ/Tết,12239000.0,27217000.0,2.9,Không,Có,Không,Ví điện tử (Momo/ZaloPay),Giao hàng nhanh,Tại cửa hàng,28,Hàng năm,313.0,68538000.0,62767100.0,1329886.0,1,2,Khách hàng có nguy cơ rời bỏ,0.6898447803816156
2469,19,Nữ,Gia Lai,Miền Trung,Lắc chân,Vàng 24K,24,5.67,0,Tự mua sắm,12348000.0,22633000.0,4.4,Không,Không,Không,Ví điện tử (Momo/ZaloPay),Giao hàng nhanh,Tại cửa hàng,24,Hàng quý,78.0,59270000.0,59347051.0,5161487.0,1,3,Khách hàng trung thành,0.6033690063115773
2470,28,Nữ,TP. Hồ Chí Minh,Miền Nam,Bông tai,Vàng 18K,18,1.41,0,Sinh nhật,2368000.0,21388000.0,4.8,Có,Có,Không,Chuyển khoản ngân hàng,Nhận tại cửa hàng,Online,3,Nửa năm một lần,186.0,1421000.0,1761614.0,296848.0,0,0,Khách hàng phổ thông / mới,0.17060344930475846
2471,60,Nữ,Hà Nội,Miền Bắc,Dây chuyền,Vàng 24K,24,12.08,0,Quà tặng gia đình,24422000.0,17208000.0,2.6,Không,Có,Không,Chuyển khoản ngân hàng,Giao hàng tiêu chuẩn,Online,13,Hàng năm,316.0,63497000.0,57064754.0,2681276.0,1,2,Khách hàng có nguy cơ rời bỏ,0.6232633492229073
2472,22,Nữ,Hà Nội,Miền Bắc,Dây chuyền,Vàng đính đá quý,18,8.95,1,Tự mua sắm,17620000.0,23264000.0,4.1,Có,Có,Không,Tiền mặt,Giao hàng tiêu chuẩn,Tại cửa hàng,6,Hàng tháng,26.0,21144000.0,25190962.0,23577844.0,0,0,Khách hàng phổ thông / mới,0.1720415733356957
2473,37,Nữ,Hải Dương,Miền Bắc,Nhẫn,Vàng 24K,24,3.69,0,Cưới hỏi,8294000.0,18392000.0,4.1,Có,Không,Có,Chuyển khoản ngân hàng,Nhận tại cửa hàng,Online,22,Hàng tháng,28.0,36494000.0,43478952.0,7665509.0,0,3,Khách hàng trung thành,0.17799205357186443
2474,27,Nữ,Hà Nội,Miền Bắc,Nhẫn,Bạc,5,6.07,0,Tự mua sắm,300000.0,22987000.0,4.5,Không,Không,Không,Chuyển khoản ngân hàng,Nhận tại cửa hàng,Tại cửa hàng,21,Hàng năm,316.0,1260000.0,1268820.0,28676.0,1,2,Khách hàng có nguy cơ rời bỏ,0.586275538034001
2475,23,Nam,Bình Định,Miền Trung,Nhẫn,Bạc,5,3.28,1,Quà tặng gia đình,5757000.0,29433000.0,2.8,Không,Không,Không,Tiền mặt,Giao hàng nhanh,Tại cửa hàng,7,Hàng quý,100.0,8060000.0,7335406.0,1939532.0,1,0,Khách hàng phổ thông / mới,0.7473849601187907
2476,38,Nam,Hải Phòng,Miền Bắc,Nhẫn,Bạc,5,4.61,0,Quà tặng người yêu,483000.0,6000000.0,4.8,Không,Không,Không,Ví điện tử (Momo/ZaloPay),Giao hàng tiêu chuẩn,Online,24,Hàng tháng,29.0,2318000.0,2373864.0,480830.0,0,3,Khách hàng trung thành,0.4691027872018652
2477,43,Nữ,TP. Hồ Chí Minh,Miền Nam,Nhẫn,Bạc,5,4.33,0,Tự mua sắm,300000.0,27595000.0,5.0,Không,Không,Có,Thẻ tín dụng,Giao hàng tiêu chuẩn,Online,9,Hàng năm,363.0,540000.0,559170.0,29582.0,1,2,Khách hàng có nguy cơ rời bỏ,0.46254199964554715
2478,26,Nữ,Bình Dương,Miền Nam,Lắc chân,Bạc,5,5.43,0,Quà tặng người yêu,564000.0,36174000.0,4.2,Có,Không,Có,Tiền mặt,Giao hàng tiêu chuẩn,Tại cửa hàng,15,Hai tuần một lần,15.0,1692000.0,2027524.0,1607961.0,0,0,Khách hàng phổ thông / mới,0.1249928131121924
2479,21,Nữ,Kiên Giang,Miền Nam,Bông tai,Bạc,5,4.95,0,Lễ/Tết,300000.0,31306000.0,3.6,Có,Không,Không,Chuyển khoản ngân hàng,Giao hàng nhanh,Online,4,Nửa năm một lần,173.0,240000.0,277656.0,44663.0,0,0,Khách hàng phổ thông / mới,0.3194903149588915
2480,24,Nữ,Kiên Giang,Miền Nam,Lắc chân,Vàng 24K,24,9.37,0,Tự mua sắm,17568000.0,24851000.0,4.1,Không,Có,Không,Thẻ tín dụng,Giao hàng nhanh,Online,28,Nửa năm một lần,172.0,98381000.0,96826580.0,2302466.0,0,1,Khách hàng VIP (giá trị cao nhất),0.37380031485278825
2481,49,Nam,Hưng Yên,Miền Bắc,Bông tai,Vàng 18K,18,3.6,0,Quà tặng gia đình,6095000.0,29504000.0,2.6,Có,Không,Không,Chuyển khoản ngân hàng,Giao hàng nhanh,Tại cửa hàng,6,Nửa năm một lần,169.0,7314000.0,7956901.0,1141122.0,1,0,Khách hàng phổ thông / mới,0.6181042050422432
2482,59,Nữ,Hà Nội,Miền Bắc,Bông tai,Bạc,5,4.46,0,Tự mua sắm,1042000.0,15593000.0,4.4,Không,Có,Không,Chuyển khoản ngân hàng,Giao hàng tiêu chuẩn,Online,27,Hàng quý,103.0,5627000.0,5634315.0,342913.0,0,3,Khách hàng trung thành,0.3303046774786355
2483,26,Nữ,Lào Cai,Miền Bắc,Nhẫn,Vàng 18K,18,2.08,0,Quà tặng người yêu,3598000.0,21242000.0,2.7,Không,Không,Không,Chuyển khoản ngân hàng,Nhận tại cửa hàng,Online,26,Hai tuần một lần,13.0,18710000.0,16921324.0,7958035.0,0,3,Khách hàng trung thành,0.6770380296322596
2484,33,Nam,TP. Hồ Chí Minh,Miền Nam,Bông tai,Bạch kim,20,3.15,0,Sinh nhật,5079000.0,18930000.0,3.3,Không,Có,Không,Thẻ tín dụng,Nhận tại cửa hàng,Tại cửa hàng,4,Hàng năm,385.0,4063000.0,3813532.0,499294.0,1,2,Khách hàng có nguy cơ rời bỏ,0.5216272899034983
2485,34,Nữ,Hà Nội,Miền Bắc,Dây chuyền,Vàng 18K,18,10.2,0,Quà tặng gia đình,15166000.0,16770000.0,2.8,Không,Có,Không,Ví điện tử (Momo/ZaloPay),Giao hàng tiêu chuẩn,Tại cửa hàng,4,Hàng năm,381.0,12133000.0,11042243.0,906438.0,0,2,Khách hàng có nguy cơ rời bỏ,0.4966606812309044
2486,35,Nam,Thanh Hóa,Miền Trung,Vòng tay,Bạch kim,20,10.91,0,Cưới hỏi,20994000.0,27018000.0,4.3,Không,Không,Không,Ví điện tử (Momo/ZaloPay),Nhận tại cửa hàng,Online,5,Hàng tháng,30.0,20994000.0,20901626.0,23612484.0,0,0,Khách hàng phổ thông / mới,0.44136948416223265
2487,29,Nữ,Vĩnh Phúc,Miền Bắc,Trang sức bộ,Vàng 24K,24,27.85,0,Quà tặng người yêu,55499000.0,18358000.0,4.0,Không,Có,Có,Thẻ tín dụng,Giao hàng nhanh,Online,26,Hàng quý,97.0,288595000.0,282390208.0,15292750.0,0,1,Khách hàng VIP (giá trị cao nhất),0.1741372660187864
2488,20,Nam,Nam Định,Miền Bắc,Lắc chân,Bạch kim,20,7.7,0,Tự mua sắm,14853000.0,6220000.0,4.2,Không,Không,Không,Tiền mặt,Nhận tại cửa hàng,Online,3,Hàng quý,81.0,8912000.0,8821989.0,7203639.0,1,0,Khách hàng phổ thông / mới,0.5961404148834459
2489,43,Nữ,TP. Hồ Chí Minh,Miền Nam,Nhẫn,Vàng 24K,24,3.99,0,Sinh nhật,9119000.0,23649000.0,2.7,Không,Không,Không,Thẻ tín dụng,Giao hàng tiêu chuẩn,Online,19,Hai tuần một lần,12.0,34652000.0,31339269.0,30973886.0,0,3,Khách hàng trung thành,0.6500166758343879
2490,35,Nữ,TP. Hồ Chí Minh,Miền Nam,Bông tai,Bạc,5,3.08,0,Quà tặng người yêu,513000.0,19906000.0,3.4,Có,Không,Có,Ví điện tử (Momo/ZaloPay),Nhận tại cửa hàng,Tại cửa hàng,27,Hàng năm,380.0,2770000.0,3166387.0,34911.0,0,2,Khách hàng có nguy cơ rời bỏ,0.28126512148385807
2491,34,Nam,Bình Định,Miền Trung,Nhẫn,Vàng 18K,18,6.16,1,Cưới hỏi,13410000.0,24892000.0,3.5,Không,Không,Có,Thẻ tín dụng,Nhận tại cửa hàng,Tại cửa hàng,9,Hàng năm,339.0,24138000.0,22931100.0,1069334.0,0,2,Khách hàng có nguy cơ rời bỏ,0.3456740401889437
2492,30,Nam,An Giang,Miền Nam,Nhẫn,Bạc,5,1.93,1,Cưới hỏi,4125000.0,16932000.0,4.0,Có,Có,Không,Ví điện tử (Momo/ZaloPay),Nhận tại cửa hàng,Tại cửa hàng,17,Hàng tháng,33.0,14025000.0,16612612.0,4330222.0,0,3,Khách hàng trung thành,0.1925060796143747
2493,62,Nam,Hải Phòng,Miền Bắc,Nhẫn,Vàng 24K,24,6.95,0,Tự mua sắm,14898000.0,9660000.0,2.8,Không,Không,Không,Chuyển khoản ngân hàng,Nhận tại cửa hàng,Online,3,Hàng năm,373.0,8939000.0,8135384.0,1114734.0,1,2,Khách hàng có nguy cơ rời bỏ,0.740876361223114
2494,47,Nữ,Bắc Ninh,Miền Bắc,Nhẫn,Bạch kim,20,1.87,0,Sinh nhật,3510000.0,13999000.0,4.1,Không,Không,Không,Thẻ tín dụng,Nhận tại cửa hàng,Online,29,Hàng năm,330.0,20358000.0,20036344.0,316483.0,1,2,Khách hàng có nguy cơ rời bỏ,0.6620582954149566
2495,38,Nữ,Nghệ An,Miền Trung,Bông tai,Bạc,5,1.66,0,Sinh nhật,300000.0,13873000.0,3.5,Không,Có,Không,Tiền mặt,Nhận tại cửa hàng,Online,19,Nửa năm một lần,170.0,1140000.0,1083000.0,53183.0,1,3,Khách hàng trung thành,0.5540590890742368
2496,27,Nữ,TP. Hồ Chí Minh,Miền Nam,Dây chuyền,Vàng đính đá quý,18,12.72,1,Lễ/Tết,22081000.0,12427000.0,4.8,Có,Có,Không,Chuyển khoản ngân hàng,Nhận tại cửa hàng,Tại cửa hàng,22,Hàng năm,376.0,97156000.0,120444293.0,1153014.0,0,1,Khách hàng VIP (giá trị cao nhất),0.15824635921830005
2497,56,Nữ,Đắk Lắk,Miền Trung,Nhẫn,Bạc,5,3.93,1,Cưới hỏi,4621000.0,17421000.0,3.6,Có,Có,Không,Chuyển khoản ngân hàng,Giao hàng nhanh,Tại cửa hàng,8,Hàng quý,102.0,7394000.0,8554119.0,1355732.0,0,0,Khách hàng phổ thông / mới,0.2406970133871924
2498,60,Nữ,Hà Nội,Miền Bắc,Trang sức bộ,Bạc,5,21.49,0,Tự mua sắm,1827000.0,26691000.0,2.8,Không,Không,Không,Tiền mặt,Nhận tại cửa hàng,Tại cửa hàng,22,Hàng năm,352.0,8039000.0,7316294.0,136379.0,1,2,Khách hàng có nguy cơ rời bỏ,0.744085169767896
2499,19,Nữ,Kiên Giang,Miền Nam,Vòng tay,Bạch kim,20,10.59,0,Cưới hỏi,19981000.0,9471000.0,2.8,Có,Không,Không,Ví điện tử (Momo/ZaloPay),Nhận tại cửa hàng,Tại cửa hàng,19,Hai tuần một lần,12.0,75928000.0,83649878.0,45518611.0,0,3,Khách hàng trung thành,0.45898851044673894
2500,62,Nữ,Vĩnh Phúc,Miền Bắc,Dây chuyền,Vàng 24K,24,4.12,0,Sinh nhật,8923000.0,27901000.0,3.1,Không,Có,Không,Tiền mặt,Giao hàng nhanh,Tại cửa hàng,4,Hàng quý,95.0,7138000.0,6618354.0,3550003.0,0,0,Khách hàng phổ thông / mới,0.4950276057426356
2501,51,Nữ,Thanh Hóa,Miền Trung,Vòng tay,Bạc,5,14.13,0,Sinh nhật,767000.0,12172000.0,3.1,Không,Có,Không,Thẻ tín dụng,Giao hàng nhanh,Tại cửa hàng,18,Hàng quý,92.0,2761000.0,2559999.0,193541.0,0,3,Khách hàng trung thành,0.4865948570425928
2502,22,Nữ,Quảng Ngãi,Miền Trung,Vòng tay,Vàng 18K,18,15.34,0,Tự mua sắm,23913000.0,16652000.0,4.5,Không,Không,Có,Chuyển khoản ngân hàng,Giao hàng nhanh,Tại cửa hàng,4,Hàng tháng,32.0,19130000.0,19263910.0,25699980.0,0,0,Khách hàng phổ thông / mới,0.3405641951603285
2503,54,Nữ,Kiên Giang,Miền Nam,Vòng tay,Bạch kim,20,7.85,0,Quà tặng gia đình,13857000.0,20991000.0,4.3,Không,Có,Không,Chuyển khoản ngân hàng,Giao hàng nhanh,Online,21,Nửa năm một lần,182.0,58199000.0,57942924.0,2169428.0,0,3,Khách hàng trung thành,0.32354727705934533
2504,23,Nữ,TP. Hồ Chí Minh,Miền Nam,Vòng tay,Vàng 24K,24,16.28,0,Cưới hỏi,31953000.0,17282000.0,2.7,Không,Có,Không,Tiền mặt,Giao hàng nhanh,Tại cửa hàng,28,Hàng quý,87.0,178937000.0,161830623.0,10463430.0,0,1,Khách hàng VIP (giá trị cao nhất),0.37789099179488467
2505,20,Nam,Kiên Giang,Miền Nam,Lắc chân,Vàng 18K,18,3.9,0,Quà tặng người yêu,5344000.0,23553000.0,4.6,Có,Có,Có,Thẻ tín dụng,Giao hàng tiêu chuẩn,Online,26,Hàng quý,88.0,27789000.0,34066535.0,2081003.0,0,3,Khách hàng trung thành,0.08112126605892128
2506,23,Nam,Thái Nguyên,Miền Bắc,Dây chuyền,Bạc,5,12.3,0,Sinh nhật,768000.0,18621000.0,2.7,Không,Không,Không,Ví điện tử (Momo/ZaloPay),Giao hàng nhanh,Online,15,Nửa năm một lần,199.0,2304000.0,2083738.0,122866.0,1,0,Khách hàng phổ thông / mới,0.7484479158950864
2507,40,Nữ,Quảng Ngãi,Miền Trung,Vòng tay,Vàng 18K,18,15.52,0,Sinh nhật,21448000.0,19302000.0,4.5,Không,Có,Có,Thẻ tín dụng,Nhận tại cửa hàng,Online,27,Hàng tháng,29.0,115819000.0,116629733.0,24466481.0,0,1,Khách hàng VIP (giá trị cao nhất),0.20690001968467686
2508,47,Nữ,Cần Thơ,Miền Nam,Nhẫn,Vàng 18K,18,7.43,0,Cưới hỏi,10730000.0,6000000.0,2.8,Có,Có,Có,Chuyển khoản ngân hàng,Giao hàng tiêu chuẩn,Tại cửa hàng,30,Hàng tháng,30.0,64380000.0,70927446.0,12599952.0,0,3,Khách hàng trung thành,0.13292414834565605
2509,37,Nữ,Khánh Hòa,Miền Trung,Lắc chân,Vàng 18K,18,10.32,0,Lễ/Tết,16419000.0,23025000.0,3.4,Không,Không,Không,Thẻ tín dụng,Nhận tại cửa hàng,Tại cửa hàng,14,Hàng tháng,28.0,45973000.0,43412304.0,16542691.0,1,3,Khách hàng trung thành,0.7110946464203606
2510,23,Nữ,Thanh Hóa,Miền Trung,Dây chuyền,Vàng đính đá quý,18,8.905000000000001,1,Tự mua sắm,26344000.0,20389500.0,4.4,Không,Có,Không,Tiền mặt,Giao hàng nhanh,Online,10,Hàng năm,312.0,52688000.0,52756494.0,2253925.0,0,2,Khách hàng có nguy cơ rời bỏ,0.394257739673881
2511,27,Nữ,Tây Ninh,Miền Nam,Dây chuyền,Vàng 24K,24,14.49,0,Sinh nhật,31718000.0,16176000.0,3.1,Có,Không,Có,Chuyển khoản ngân hàng,Giao hàng tiêu chuẩn,Online,6,Nửa năm một lần,166.0,38062000.0,42720789.0,4612521.0,0,0,Khách hàng phổ thông / mới,0.3056063553521912
2512,58,Nữ,Bắc Ninh,Miền Bắc,Trang sức bộ,Vàng 18K,18,31.11,0,Sinh nhật,49471000.0,26103000.0,2.8,Không,Không,Có,Thẻ tín dụng,Giao hàng nhanh,Tại cửa hàng,19,Hàng quý,98.0,187990000.0,171089699.0,12894153.0,0,1,Khách hàng VIP (giá trị cao nhất),0.36186413817343016
2513,64,Nam,Huế,Miền Trung,Vòng tay,Vàng đính đá quý,18,16.95,1,Quà tặng người yêu,34713000.0,16073000.0,4.5,Có,Không,Có,Thẻ tín dụng,Nhận tại cửa hàng,Tại cửa hàng,12,Nửa năm một lần,205.0,83311000.0,101556109.0,7776577.0,0,1,Khách hàng VIP (giá trị cao nhất),0.12495875598623632
2514,54,Nữ,Bà Rịa - Vũng Tàu,Miền Nam,Nhẫn,Vàng đính đá quý,18,2.77,1,Sinh nhật,9991000.0,28138000.0,4.2,Không,Không,Không,Ví điện tử (Momo/ZaloPay),Giao hàng tiêu chuẩn,Online,18,Nửa năm một lần,195.0,35968000.0,35604723.0,1881447.0,1,3,Khách hàng trung thành,0.6332075008016089
2515,22,Nam,An Giang,Miền Nam,Dây chuyền,Vàng 24K,24,12.06,0,Tự mua sắm,22800000.0,22953000.0,4.7,Có,Có,Không,Ví điện tử (Momo/ZaloPay),Nhận tại cửa hàng,Online,29,Hàng tháng,29.0,132240000.0,163025472.0,17850197.0,0,1,Khách hàng VIP (giá trị cao nhất),0.12350844827376432
2516,57,Nữ,Tây Ninh,Miền Nam,Dây chuyền,Bạc,5,10.59,0,Lễ/Tết,357000.0,18854000.0,4.1,Không,Không,Không,Thẻ tín dụng,Nhận tại cửa hàng,Online,3,Hai tuần một lần,15.0,214000.0,210619.0,544038.0,0,0,Khách hàng phổ thông / mới,0.5100707199464333
2517,51,Nữ,Bà Rịa - Vũng Tàu,Miền Nam,Trang sức bộ,Vàng 24K,24,34.04,0,Sinh nhật,67209000.0,18033000.0,2.7,Không,Có,Không,Chuyển khoản ngân hàng,Giao hàng tiêu chuẩn,Online,9,Hàng quý,80.0,120976000.0,109410694.0,27389412.0,0,1,Khách hàng VIP (giá trị cao nhất),0.4456751011859013
2518,43,Nữ,Hà Nội,Miền Bắc,Dây chuyền,Vàng đính đá quý,18,11.64,1,Quà tặng người yêu,25815000.0,25097000.0,4.1,Có,Không,Không,Chuyển khoản ngân hàng,Nhận tại cửa hàng,Online,16,Hàng tháng,26.0,82608000.0,98419171.0,32720741.0,0,3,Khách hàng trung thành,0.24512571977505496
2519,24,Nữ,Tiền Giang,Miền Nam,Nhẫn,Vàng 18K,18,3.19,0,Quà tặng người yêu,5302000.0,19726000.0,4.6,Có,Có,Có,Tiền mặt,Giao hàng nhanh,Tại cửa hàng,22,Hàng năm,331.0,23329000.0,28599021.0,528021.0,0,2,Khách hàng có nguy cơ rời bỏ,0.1139412547957393
2520,65,Nữ,Đà Nẵng,Miền Trung,Vòng tay,Vàng 18K,18,7.46,0,Quà tặng người yêu,12257000.0,13280000.0,2.7,Không,Không,Có,Tiền mặt,Giao hàng nhanh,Online,28,Hàng tháng,31.0,68639000.0,62077112.0,11317259.0,1,3,Khách hàng trung thành,0.43906705015400926
2521,39,Nữ,TP. Hồ Chí Minh,Miền Nam,Dây chuyền,Vàng 18K,18,6.38,0,Quà tặng gia đình,9448000.0,9644000.0,2.8,Không,Có,Không,Chuyển khoản ngân hàng,Giao hàng tiêu chuẩn,Online,27,Nửa năm một lần,178.0,51019000.0,46432392.0,1556401.0,1,3,Khách hàng trung thành,0.690655575129977
2522,20,Nữ,Nghệ An,Miền Trung,Nhẫn,Bạc,5,4.62,0,Tự mua sắm,377000.0,23318000.0,4.2,Không,Không,Không,Ví điện tử (Momo/ZaloPay),Nhận tại cửa hàng,Online,14,Hàng quý,81.0,1056000.0,1045334.0,147870.0,0,0,Khách hàng phổ thông / mới,0.5019250404547464
2523,28,Nữ,Cần Thơ,Miền Nam,Lắc chân,Vàng 24K,24,8.87,0,Lễ/Tết,17071000.0,14338000.0,4.5,Không,Có,Không,Ví điện tử (Momo/ZaloPay),Giao hàng tiêu chuẩn,Online,17,Nửa năm một lần,184.0,58041000.0,58447287.0,2826347.0,0,3,Khách hàng trung thành,0.2705703307452831
2524,37,Nam,Đắk Lắk,Miền Trung,Nhẫn,Bạch kim,20,2.9,0,Lễ/Tết,5616000.0,20467000.0,3.4,Không,Có,Không,Thẻ tín dụng,Nhận tại cửa hàng,Online,15,Hàng năm,410.0,16848000.0,15909566.0,246772.0,1,2,Khách hàng có nguy cơ rời bỏ,0.6232551564775577
2525,20,Nam,Long An,Miền Nam,Lắc chân,Vàng 18K,18,5.1,0,Quà tặng người yêu,8146000.0,23317000.0,4.3,Không,Không,Không,Chuyển khoản ngân hàng,Giao hàng nhanh,Online,4,Hàng quý,91.0,6517000.0,6488325.0,2574412.0,0,0,Khách hàng phổ thông / mới,0.461613049259057
2526,33,Nữ,Thái Nguyên,Miền Bắc,Bông tai,Bạc,5,2.51,0,Tự mua sắm,434000.0,11563000.0,2.9,Không,Không,Có,Thẻ tín dụng,Nhận tại cửa hàng,Online,22,Hai tuần một lần,14.0,1910000.0,1749178.0,787475.0,0,3,Khách hàng trung thành,0.5584944919643633
2527,40,Nam,Thái Nguyên,Miền Bắc,Nhẫn,Vàng đính đá quý,18,6.75,1,Tự mua sắm,14501000.0,13301000.0,3.6,Không,Không,Không,Ví điện tử (Momo/ZaloPay),Giao hàng tiêu chuẩn,Online,25,Nửa năm một lần,174.0,72505000.0,69293028.0,2579023.0,1,3,Khách hàng trung thành,0.6576324284899758
2528,63,Nữ,Đà Nẵng,Miền Trung,Bông tai,Vàng 24K,24,2.83,0,Cưới hỏi,5403000.0,33138000.0,4.4,Không,Có,Không,Chuyển khoản ngân hàng,Giao hàng tiêu chuẩn,Online,24,Hàng tháng,26.0,25934000.0,25967714.0,9584174.0,0,3,Khách hàng trung thành,0.30695138856033805
2529,22,Nữ,Hà Nội,Miền Bắc,Bông tai,Vàng 24K,24,1.39,0,Sinh nhật,2933000.0,16434000.0,3.0,Không,Có,Có,Ví điện tử (Momo/ZaloPay),Giao hàng nhanh,Online,11,Hai tuần một lần,13.0,6453000.0,5946440.0,7216173.0,0,0,Khách hàng phổ thông / mới,0.36668893666990926
2530,45,Nữ,TP. Hồ Chí Minh,Miền Nam,Vòng tay,Vàng 18K,18,13.18,0,Tự mua sắm,20874000.0,27833000.0,3.4,Không,Không,Không,Thẻ tín dụng,Giao hàng nhanh,Online,25,Nửa năm một lần,173.0,104370000.0,98556591.0,3415486.0,1,1,Khách hàng VIP (giá trị cao nhất),0.7250611186858493
2531,61,Nam,Vĩnh Phúc,Miền Bắc,Vòng tay,Bạch kim,20,5.09,0,Lễ/Tết,8385000.0,39211000.0,4.1,Không,Có,Có,Ví điện tử (Momo/ZaloPay),Giao hàng nhanh,Tại cửa hàng,7,Hai tuần một lần,14.0,11739000.0,11553524.0,20949161.0,0,0,Khách hàng phổ thông / mới,0.09367616586212792
2532,56,Nữ,Bình Định,Miền Trung,Nhẫn,Vàng 24K,24,5.88,0,Quà tặng người yêu,13186000.0,23034000.0,3.4,Có,Không,Không,Chuyển khoản ngân hàng,Giao hàng nhanh,Online,14,Hàng tháng,34.0,36921000.0,42204395.0,12645574.0,0,3,Khách hàng trung thành,0.36042568786089574
2533,62,Nam,Hà Nội,Miền Bắc,Nhẫn,Bạch kim,20,6.97,0,Lễ/Tết,12250000.0,15686000.0,4.7,Không,Có,Có,Ví điện tử (Momo/ZaloPay),Giao hàng tiêu chuẩn,Online,8,Hàng quý,85.0,19600000.0,19960640.0,4650462.0,0,0,Khách hàng phổ thông / mới,0.11208118165378221
2534,26,Nữ,Quảng Ninh,Miền Bắc,Bông tai,Bạc,5,1.83,1,Quà tặng gia đình,2964000.0,20449000.0,4.9,Có,Không,Không,Tiền mặt,Nhận tại cửa hàng,Tại cửa hàng,14,Hàng quý,85.0,8299000.0,10345533.0,1160388.0,0,0,Khách hàng phổ thông / mới,0.2805399438933041
2535,56,Nữ,Quảng Ngãi,Miền Trung,Nhẫn,Bạc,5,6.99,0,Quà tặng gia đình,653000.0,20039000.0,4.1,Không,Không,Không,Ví điện tử (Momo/ZaloPay),Giao hàng nhanh,Tại cửa hàng,28,Hàng năm,345.0,3657000.0,3599219.0,77802.0,1,2,Khách hàng có nguy cơ rời bỏ,0.5836869796861739
2536,64,Nam,Vĩnh Phúc,Miền Bắc,Dây chuyền,Bạc,5,11.15,0,Quà tặng người yêu,904000.0,22310000.0,4.5,Có,Có,Không,Tiền mặt,Giao hàng nhanh,Online,15,Hàng tháng,27.0,2712000.0,3305928.0,799980.0,0,0,Khách hàng phổ thông / mới,0.1492472040660307
2537,33,Nam,Nam Định,Miền Bắc,Vòng tay,Vàng 24K,24,6.48,0,Cưới hỏi,13459000.0,25000000.0,4.8,Không,Có,Có,Ví điện tử (Momo/ZaloPay),Nhận tại cửa hàng,Online,23,Hàng quý,88.0,61911000.0,63403055.0,4979465.0,0,3,Khách hàng trung thành,0.16151968065965105
2538,41,Nam,Nam Định,Miền Bắc,Nhẫn,Vàng 18K,18,2.98,0,Tự mua sắm,5066000.0,26281000.0,4.3,Có,Không,Có,Tiền mặt,Nhận tại cửa hàng,Online,30,Nửa năm một lần,196.0,30396000.0,36633259.0,646110.0,1,3,Khách hàng trung thành,0.42482741285071707
2539,43,Nữ,Nam Định,Miền Bắc,Bông tai,Bạch kim,20,2.14,0,Cưới hỏi,4516000.0,6547000.0,4.4,Có,Không,Không,Ví điện tử (Momo/ZaloPay),Giao hàng tiêu chuẩn,Tại cửa hàng,5,Hàng năm,391.0,4516000.0,5473844.0,381143.0,0,2,Khách hàng có nguy cơ rời bỏ,0.32916000805431284
2540,41,Nữ,Quảng Ngãi,Miền Trung,Lắc chân,Vàng 18K,18,4.85,0,Quà tặng người yêu,6661000.0,28790000.0,2.7,Không,Có,Không,Chuyển khoản ngân hàng,Nhận tại cửa hàng,Tại cửa hàng,28,Hàng quý,77.0,37302000.0,33735929.0,2166044.0,0,3,Khách hàng trung thành,0.5417157639326395
2541,31,Nam,Quảng Ninh,Miền Bắc,Lắc chân,Bạc,5,6.01,0,Tự mua sắm,300000.0,21775000.0,4.6,Không,Không,Không,Thẻ tín dụng,Giao hàng tiêu chuẩn,Tại cửa hàng,4,Nửa năm một lần,197.0,240000.0,243048.0,42253.0,1,0,Khách hàng phổ thông / mới,0.6133404794391407
2542,64,Nam,Thanh Hóa,Miền Trung,Nhẫn,Vàng đính đá quý,18,7.4,1,Quà tặng người yêu,14690000.0,17825000.0,3.2,Có,Không,Có,Ví điện tử (Momo/ZaloPay),Nhận tại cửa hàng,Online,19,Nửa năm một lần,176.0,55822000.0,63039785.0,2370976.0,0,3,Khách hàng trung thành,0.23653790138122013
2543,63,Nữ,TP. Hồ Chí Minh,Miền Nam,Dây chuyền,Vàng 24K,24,5.69,0,Sinh nhật,12939000.0,26919000.0,2.7,Không,Không,Không,Thẻ tín dụng,Nhận tại cửa hàng,Tại cửa hàng,14,Hàng tháng,26.0,36229000.0,32765508.0,17551958.0,0,3,Khách hàng trung thành,0.6344591645512961
2544,36,Nam,Khánh Hòa,Miền Trung,Lắc chân,Vàng 18K,18,11.34,0,Quà tặng gia đình,18011000.0,12807000.0,4.0,Không,Không,Không,Tiền mặt,Giao hàng nhanh,Online,9,Hai tuần một lần,16.0,32420000.0,31722970.0,39353646.0,0,0,Khách hàng phổ thông / mới,0.5380417116017706
2545,56,Nữ,Gia Lai,Miền Trung,Dây chuyền,Vàng 18K,18,9.6,1,Sinh nhật,19099000.0,14333000.0,3.1,Không,Không,Không,Tiền mặt,Giao hàng tiêu chuẩn,Tại cửa hàng,20,Nửa năm một lần,202.0,76396000.0,70834371.0,2200463.0,1,3,Khách hàng trung thành,0.7475500829134004
2546,37,Nữ,Hải Dương,Miền Bắc,Bông tai,Vàng 24K,24,3.59,0,Quà tặng gia đình,7928000.0,27633000.0,2.7,Không,Không,Có,Ví điện tử (Momo/ZaloPay),Nhận tại cửa hàng,Online,28,Hàng tháng,29.0,44397000.0,40152647.0,8282476.0,1,3,Khách hàng trung thành,0.6968373195613004
2547,56,Nữ,Tiền Giang,Miền Nam,Vòng tay,Vàng đính đá quý,18,15.11,1,Sinh nhật,24367000.0,21829000.0,4.0,Không,Có,Có,Thẻ tín dụng,Giao hàng nhanh,Online,3,Hàng tháng,32.0,14620000.0,14305670.0,19926319.0,0,0,Khách hàng phổ thông / mới,0.22980580140364965
2548,46,Nữ,Huế,Miền Trung,Dây chuyền,Vàng đính đá quý,18,12.67,1,Cưới hỏi,24384000.0,31734000.0,2.7,Không,Có,Có,Ví điện tử (Momo/ZaloPay),Nhận tại cửa hàng,Online,6,Nửa năm một lần,190.0,29261000.0,26463648.0,2977938.0,0,0,Khách hàng phổ thông / mới,0.3506303860357391
2549,40,Nữ,Hưng Yên,Miền Bắc,Dây chuyền,Vàng 18K,18,14.49,0,Quà tặng người yêu,20524000.0,15597000.0,4.7,Có,Có,Không,Tiền mặt,Giao hàng tiêu chuẩn,Online,16,Hàng tháng,34.0,65677000.0,80966606.0,17402003.0,0,3,Khách hàng trung thành,0.16132809684739602
2550,24,Nữ,An Giang,Miền Nam,Bông tai,Vàng đính đá quý,18,1.01,1,Cưới hỏi,4798000.0,21479000.0,4.9,Không,Có,Không,Tiền mặt,Giao hàng nhanh,Tại cửa hàng,4,Hàng tháng,27.0,3838000.0,3952372.0,5035091.0,0,0,Khách hàng phổ thông / mới,0.3399960622557835
2551,49,Nam,TP. Hồ Chí Minh,Miền Nam,Nhẫn,Vàng 24K,24,4.09,0,Cưới hỏi,8621000.0,23652000.0,4.3,Không,Có,Không,Ví điện tử (Momo/ZaloPay),Giao hàng tiêu chuẩn,Online,10,Hàng quý,82.0,17242000.0,17166135.0,4531731.0,0,0,Khách hàng phổ thông / mới,0.321349943611992
2552,33,Nam,Gia Lai,Miền Trung,Lắc chân,Vàng đính đá quý,18,4.61,1,Lễ/Tết,12395000.0,22821000.0,3.2,Có,Không,Không,Tiền mặt,Nhận tại cửa hàng,Online,13,Hàng năm,384.0,32227000.0,36393951.0,1043826.0,1,2,Khách hàng có nguy cơ rời bỏ,0.6748386039292033
2553,28,Nữ,Bà Rịa - Vũng Tàu,Miền Nam,Vòng tay,Bạch kim,20,7.28,0,Quà tặng gia đình,12248000.0,24025000.0,3.9,Có,Có,Không,Chuyển khoản ngân hàng,Giao hàng nhanh,Online,13,Nửa năm một lần,159.0,31845000.0,37500672.0,1737896.0,0,0,Khách hàng phổ thông / mới,0.16033523666859018
2554,27,Nam,Hà Nội,Miền Bắc,Nhẫn,Vàng 24K,24,2.46,0,Quà tặng người yêu,5789000.0,22837000.0,2.6,Không,Không,Không,Thẻ tín dụng,Giao hàng tiêu chuẩn,Online,21,Hàng tháng,33.0,24314000.0,21850992.0,4727722.0,0,3,Khách hàng trung thành,0.5883539646575943
2555,65,Nữ,Long An,Miền Nam,Bông tai,Bạc,5,4.55,0,Quà tặng người yêu,300000.0,22034000.0,4.1,Không,Có,Không,Chuyển khoản ngân hàng,Giao hàng nhanh,Tại cửa hàng,14,Hàng tháng,27.0,840000.0,826728.0,394616.0,0,0,Khách hàng phổ thông / mới,0.26288660160776184
2556,22,Nữ,TP. Hồ Chí Minh,Miền Nam,Dây chuyền,Bạch kim,20,3.61,0,Tự mua sắm,6249000.0,6000000.0,3.2,Có,Có,Có,Tiền mặt,Giao hàng tiêu chuẩn,Online,2,Hàng năm,394.0,2500000.0,2823250.0,654679.0,0,2,Khách hàng có nguy cơ rời bỏ,0.16367044888180637
2557,56,Nữ,Thanh Hóa,Miền Trung,Nhẫn,Vàng 18K,18,6.94,0,Sinh nhật,10500000.0,27409000.0,3.6,Không,Có,Có,Thẻ tín dụng,Giao hàng nhanh,Tại cửa hàng,20,Nửa năm một lần,163.0,42000000.0,40139400.0,1380827.0,0,3,Khách hàng trung thành,0.2988082718644263
2558,59,Nữ,Hải Dương,Miền Bắc,Trang sức bộ,Vàng 18K,18,28.81,1,Cưới hỏi,51392000.0,6000000.0,2.9,Không,Không,Không,Ví điện tử (Momo/ZaloPay),Nhận tại cửa hàng,Online,10,Nửa năm một lần,195.0,102784000.0,94129587.0,5231023.0,1,1,Khách hàng VIP (giá trị cao nhất),0.7428449734935179
2559,19,Nữ,Hải Phòng,Miền Bắc,Bông tai,Bạc,5,3.05,0,Cưới hỏi,300000.0,10504000.0,5.0,Không,Có,Không,Chuyển khoản ngân hàng,Giao hàng nhanh,Online,1,Hai tuần một lần,12.0,60000.0,62130.0,1002580.0,0,0,Khách hàng phổ thông / mới,0.33188552467036875
2560,46,Nữ,Tiền Giang,Miền Nam,Vòng tay,Vàng 24K,24,11.38,0,Cưới hỏi,21600000.0,15827000.0,3.0,Không,Có,Không,Chuyển khoản ngân hàng,Giao hàng nhanh,Tại cửa hàng,24,Hai tuần một lần,12.0,103680000.0,95541120.0,57787050.0,0,1,Khách hàng VIP (giá trị cao nhất),0.4536556001620023
2561,45,Nam,Bắc Ninh,Miền Bắc,Lắc chân,Vàng 24K,24,9.11,0,Sinh nhật,20050000.0,27022000.0,3.5,Không,Không,Không,Ví điện tử (Momo/ZaloPay),Giao hàng tiêu chuẩn,Tại cửa hàng,13,Hàng tháng,26.0,52130000.0,49523500.0,19518844.0,0,3,Khách hàng trung thành,0.5407181617688835
2562,35,Nữ,Hải Dương,Miền Bắc,Vòng tay,Vàng 18K,18,5.16,0,Quà tặng người yêu,7500000.0,18544000.0,3.1,Không,Có,Có,Thẻ tín dụng,Giao hàng nhanh,Tại cửa hàng,20,Hàng năm,382.0,30000000.0,27816000.0,645687.0,0,2,Khách hàng có nguy cơ rời bỏ,0.3025863194025717
2563,50,Nữ,TP. Hồ Chí Minh,Miền Nam,Dây chuyền,Bạch kim,20,7.65,0,Tự mua sắm,13431000.0,34125000.0,3.9,Không,Có,Có,Ví điện tử (Momo/ZaloPay),Nhận tại cửa hàng,Tại cửa hàng,20,Hàng năm,328.0,53724000.0,52262707.0,645628.0,0,2,Khách hàng có nguy cơ rời bỏ,0.21863128631301565
2564,37,Nữ,TP. Hồ Chí Minh,Miền Nam,Nhẫn,Vàng 18K,18,2.67,0,Cưới hỏi,4036000.0,10512000.0,4.8,Có,Có,Không,Chuyển khoản ngân hàng,Nhận tại cửa hàng,Online,3,Hàng tháng,29.0,2422000.0,3002553.0,4177709.0,0,0,Khách hàng phổ thông / mới,0.16101172848089113
2565,39,Nữ,Quảng Ninh,Miền Bắc,Nhẫn,Bạc,5,2.68,1,Sinh nhật,1940000.0,12642000.0,2.9,Có,Có,Không,Thẻ tín dụng,Nhận tại cửa hàng,Tại cửa hàng,25,Nửa năm một lần,203.0,9700000.0,10753420.0,303617.0,0,3,Khách hàng trung thành,0.3495784916119553
2566,38,Nam,Cần Thơ,Miền Nam,Dây chuyền,Vàng 24K,24,9.61,0,Sinh nhật,19674000.0,6000000.0,2.9,Không,Có,Không,Thẻ tín dụng,Giao hàng nhanh,Online,7,Hàng năm,345.0,27544000.0,25224795.0,1995403.0,1,2,Khách hàng có nguy cơ rời bỏ,0.6186835870122128
2567,56,Nữ,Khánh Hòa,Miền Trung,Dây chuyền,Vàng 24K,24,5.95,0,Quà tặng người yêu,11586000.0,13333000.0,2.7,Không,Có,Có,Thẻ tín dụng,Giao hàng tiêu chuẩn,Online,23,Hàng năm,328.0,53296000.0,48200902.0,866299.0,0,2,Khách hàng có nguy cơ rời bỏ,0.28899926647669183
2568,48,Nữ,Long An,Miền Nam,Bông tai,Bạc,5,2.88,0,Lễ/Tết,365000.0,16452000.0,4.0,Không,Không,Không,Ví điện tử (Momo/ZaloPay),Giao hàng tiêu chuẩn,Tại cửa hàng,22,Hàng quý,95.0,1606000.0,1571471.0,117041.0,0,3,Khách hàng trung thành,0.5275463795614727
2569,36,Nam,Hà Nội,Miền Bắc,Dây chuyền,Vàng 24K,24,11.61,0,Tự mua sắm,25652000.0,30415000.0,4.0,Không,Không,Không,Thẻ tín dụng,Giao hàng tiêu chuẩn,Tại cửa hàng,4,Hàng tháng,27.0,20522000.0,20080777.0,23754424.0,0,0,Khách hàng phổ thông / mới,0.5090421751022689
2570,62,Nữ,Hà Nội,Miền Bắc,Vòng tay,Bạc,5,14.31,1,Lễ/Tết,1889000.0,29040000.0,4.6,Không,Không,Không,Chuyển khoản ngân hàng,Giao hàng tiêu chuẩn,Tại cửa hàng,4,Hàng năm,390.0,1511000.0,1530190.0,151987.0,1,2,Khách hàng có nguy cơ rời bỏ,0.5481470859512658
2571,56,Nữ,Quảng Ngãi,Miền Trung,Lắc chân,Vàng 18K,18,5.97,0,Sinh nhật,9592000.0,23029000.0,4.6,Không,Không,Không,Tiền mặt,Nhận tại cửa hàng,Online,26,Hàng tháng,30.0,49878000.0,50511451.0,8046131.0,0,3,Khách hàng trung thành,0.5135912128910258
2572,62,Nam,Bắc Ninh,Miền Bắc,Trang sức bộ,Bạc,5,11.24,0,Sinh nhật,1504000.0,19541000.0,2.8,Không,Có,Không,Thẻ tín dụng,Giao hàng nhanh,Tại cửa hàng,1,Hàng tháng,34.0,301000.0,273940.0,1229576.0,0,0,Khách hàng phổ thông / mới,0.41740324970129117
2573,53,Nữ,Khánh Hòa,Miền Trung,Dây chuyền,Vàng 18K,18,3.32,0,Cưới hỏi,4698000.0,26533000.0,4.8,Có,Có,Không,Ví điện tử (Momo/ZaloPay),Nhận tại cửa hàng,Tại cửa hàng,7,Hàng tháng,28.0,6577000.0,8153507.0,4131320.0,0,0,Khách hàng phổ thông / mới,0.18062344579781206
2574,36,Nam,Hà Nội,Miền Bắc,Trang sức bộ,Vàng đính đá quý,18,22.19,1,Sinh nhật,42448000.0,29069000.0,4.6,Không,Không,Có,Chuyển khoản ngân hàng,Giao hàng tiêu chuẩn,Online,30,Hàng quý,90.0,254688000.0,257922538.0,15807699.0,0,1,Khách hàng VIP (giá trị cao nhất),0.2390091998705966
2575,55,Nữ,Đồng Nai,Miền Nam,Lắc chân,Vàng 24K,24,6.79,0,Tự mua sắm,14292000.0,16773000.0,4.1,Không,Có,Có,Ví điện tử (Momo/ZaloPay),Nhận tại cửa hàng,Online,4,Hai tuần một lần,15.0,11434000.0,11253343.0,33000834.0,0,0,Khách hàng phổ thông / mới,0.1757077212452617
2576,33,Nam,An Giang,Miền Nam,Nhẫn,Vàng đính đá quý,18,6.68,1,Sinh nhật,16891000.0,16149000.0,3.4,Không,Không,Có,Thẻ tín dụng,Giao hàng tiêu chuẩn,Online,19,Nửa năm một lần,190.0,64186000.0,60610840.0,2554368.0,0,3,Khách hàng trung thành,0.5185287191145778
2577,31,Nữ,Long An,Miền Nam,Dây chuyền,Vàng 18K,18,3.98,0,Quà tặng người yêu,7024000.0,16840000.0,4.4,Không,Không,Không,Ví điện tử (Momo/ZaloPay),Nhận tại cửa hàng,Online,12,Hàng năm,333.0,16858000.0,16879915.0,637148.0,0,2,Khách hàng có nguy cơ rời bỏ,0.49048909742840424
2578,39,Nam,Kiên Giang,Miền Nam,Nhẫn,Vàng 24K,24,7.02,0,Cưới hỏi,14982000.0,8199000.0,4.1,Không,Không,Không,Ví điện tử (Momo/ZaloPay),Nhận tại cửa hàng,Online,13,Hàng quý,78.0,38953000.0,38337543.0,4259806.0,1,0,Khách hàng phổ thông / mới,0.5707740154848544
2579,64,Nữ,An Giang,Miền Nam,Bông tai,Bạc,5,2.06,0,Quà tặng người yêu,300000.0,30317000.0,3.4,Có,Có,Không,Ví điện tử (Momo/ZaloPay),Giao hàng tiêu chuẩn,Tại cửa hàng,4,Hàng năm,372.0,240000.0,274344.0,22889.0,0,2,Khách hàng có nguy cơ rời bỏ,0.2167495379383095
2580,45,Nam,Đà Nẵng,Miền Trung,Vòng tay,Vàng 18K,18,10.26,0,Cưới hỏi,15780000.0,16616000.0,3.8,Không,Có,Không,Thẻ tín dụng,Giao hàng tiêu chuẩn,Online,18,Hàng năm,373.0,56808000.0,54939017.0,1257700.0,1,2,Khách hàng có nguy cơ rời bỏ,0.472734841621941
2581,36,Nữ,Nghệ An,Miền Trung,Vòng tay,Vàng 18K,18,17.9,0,Tự mua sắm,26587000.0,18135000.0,4.0,Có,Có,Có,Chuyển khoản ngân hàng,Giao hàng nhanh,Tại cửa hàng,11,Nửa năm một lần,166.0,58491000.0,69282590.0,7071547.0,0,3,Khách hàng trung thành,0.10365091184862339
2582,40,Nữ,An Giang,Miền Nam,Bông tai,Bạch kim,20,5.19,0,Quà tặng gia đình,8519000.0,30592000.0,3.9,Không,Có,Không,Ví điện tử (Momo/ZaloPay),Giao hàng nhanh,Online,21,Nửa năm một lần,198.0,35780000.0,34806784.0,1032407.0,0,3,Khách hàng trung thành,0.3693843140590747
2583,31,Nam,Tiền Giang,Miền Nam,Dây chuyền,Bạch kim,20,9.18,0,Quà tặng người yêu,16663000.0,16083000.0,2.9,Không,Có,Có,Ví điện tử (Momo/ZaloPay),Giao hàng nhanh,Online,24,Hàng năm,336.0,79982000.0,73247516.0,1879872.0,1,2,Khách hàng có nguy cơ rời bỏ,0.334402589706847
2584,49,Nữ,Tây Ninh,Miền Nam,Dây chuyền,Bạc,5,3.98,0,Quà tặng người yêu,805000.0,29802000.0,4.8,Không,Không,Có,Ví điện tử (Momo/ZaloPay),Giao hàng tiêu chuẩn,Tại cửa hàng,15,Hàng quý,103.0,2415000.0,2473202.0,276537.0,0,0,Khách hàng phổ thông / mới,0.3223490409398236
2585,34,Nữ,Bình Dương,Miền Nam,Lắc chân,Vàng đính đá quý,18,8.31,1,Cưới hỏi,14893000.0,7803000.0,2.9,Không,Có,Không,Tiền mặt,Giao hàng nhanh,Tại cửa hàng,1,Hàng tháng,32.0,2979000.0,2728168.0,14667481.0,0,0,Khách hàng phổ thông / mới,0.4531863020961566
2586,44,Nữ,Thái Nguyên,Miền Bắc,Trang sức bộ,Vàng 18K,18,29.04,0,Quà tặng người yêu,42372000.0,24570000.0,3.2,Không,Có,Có,Chuyển khoản ngân hàng,Giao hàng nhanh,Online,20,Hàng năm,377.0,169488000.0,158115355.0,4439119.0,0,1,Khách hàng VIP (giá trị cao nhất),0.20778908910242216
2587,35,Nữ,Kiên Giang,Miền Nam,Bông tai,Vàng 24K,24,2.31,0,Tự mua sắm,4399000.0,16982000.0,3.4,Không,Có,Không,Ví điện tử (Momo/ZaloPay),Giao hàng nhanh,Tại cửa hàng,15,Hàng quý,94.0,13197000.0,12461927.0,1497970.0,0,0,Khách hàng phổ thông / mới,0.5461582642590824
2588,33,Nam,Kiên Giang,Miền Nam,Nhẫn,Bạch kim,20,2.69,0,Quà tặng người yêu,4936000.0,8924000.0,4.2,Có,Không,Không,Chuyển khoản ngân hàng,Giao hàng nhanh,Tại cửa hàng,22,Hàng năm,311.0,21718000.0,26024679.0,509495.0,1,2,Khách hàng có nguy cơ rời bỏ,0.4672833746701391
2589,64,Nữ,TP. Hồ Chí Minh,Miền Nam,Nhẫn,Vàng 18K,18,4.73,0,Quà tặng gia đình,6969000.0,13891000.0,2.7,Không,Có,Không,Tiền mặt,Giao hàng nhanh,Online,24,Hàng quý,86.0,33451000.0,30253084.0,2407802.0,0,3,Khách hàng trung thành,0.558398368558188
2590,34,Nữ,Long An,Miền Nam,Nhẫn,Vàng 24K,24,6.37,0,Lễ/Tết,12964000.0,21023000.0,4.3,Có,Có,Không,Chuyển khoản ngân hàng,Giao hàng nhanh,Online,6,Hàng quý,100.0,15557000.0,18749296.0,4745767.0,0,0,Khách hàng phổ thông / mới,0.12464164371187143
2591,21,Nam,Đắk Lắk,Miền Trung,Dây chuyền,Vàng 24K,24,9.06,0,Sinh nhật,19683000.0,12540000.0,3.5,Không,Không,Không,Tiền mặt,Giao hàng nhanh,Online,4,Nửa năm một lần,205.0,15746000.0,14958700.0,3448935.0,0,0,Khách hàng phổ thông / mới,0.4990981528137836
2592,36,Nữ,Tiền Giang,Miền Nam,Nhẫn,Vàng 18K,18,3.06,0,Quà tặng gia đình,4601000.0,22841000.0,3.0,Không,Có,Không,Tiền mặt,Giao hàng nhanh,Online,13,Nửa năm một lần,165.0,11963000.0,11023904.0,742332.0,1,0,Khách hàng phổ thông / mới,0.6686923669221303
2593,43,Nữ,Hà Nội,Miền Bắc,Trang sức bộ,Vàng 18K,18,31.72,0,Tự mua sắm,43491000.0,15363000.0,2.8,Không,Có,Không,Tiền mặt,Giao hàng tiêu chuẩn,Online,28,Hàng quý,101.0,243550000.0,221654855.0,9850524.0,0,1,Khách hàng VIP (giá trị cao nhất),0.38190807773513585
2594,22,Nữ,Bà Rịa - Vũng Tàu,Miền Nam,Bông tai,Vàng 18K,18,5.36,0,Quà tặng gia đình,7425000.0,7984000.0,3.5,Không,Có,Không,Ví điện tử (Momo/ZaloPay),Giao hàng tiêu chuẩn,Online,10,Hàng năm,351.0,14850000.0,14107500.0,611429.0,1,2,Khách hàng có nguy cơ rời bỏ,0.5715053232427522
2595,32,Nữ,Hà Nội,Miền Bắc,Dây chuyền,Bạc,5,10.9,0,Cưới hỏi,696000.0,26709000.0,3.6,Có,Không,Không,Thẻ tín dụng,Giao hàng nhanh,Online,13,Hàng quý,95.0,1810000.0,2093989.0,188138.0,0,0,Khách hàng phổ thông / mới,0.33120797168019506
2596,25,Nữ,Lào Cai,Miền Bắc,Dây chuyền,Bạch kim,20,3.89,0,Quà tặng gia đình,7882000.0,21561000.0,2.8,Không,Không,Không,Thẻ tín dụng,Giao hàng tiêu chuẩn,Tại cửa hàng,24,Hàng tuần,8.0,37834000.0,34432723.0,23375622.0,0,3,Khách hàng trung thành,0.6789991684060493
2597,42,Nam,Bắc Ninh,Miền Bắc,Dây chuyền,Vàng đính đá quý,18,5.79,1,Quà tặng người yêu,16270000.0,7899000.0,3.7,Không,Không,Không,Thẻ tín dụng,Giao hàng tiêu chuẩn,Online,25,Nửa năm một lần,167.0,81350000.0,78209890.0,3573766.0,1,3,Khách hàng trung thành,0.6515235076126186
2598,52,Nữ,Quảng Nam,Miền Trung,Vòng tay,Vàng 24K,24,14.28,0,Cưới hỏi,30837000.0,25691000.0,3.8,Không,Không,Không,Ví điện tử (Momo/ZaloPay),Giao hàng tiêu chuẩn,Online,24,Hai tuần một lần,12.0,148018000.0,143148208.0,70746685.0,0,1,Khách hàng VIP (giá trị cao nhất),0.47395272255962484
2599,64,Nam,Nam Định,Miền Bắc,Bông tai,Vàng 24K,24,4.91,0,Quà tặng gia đình,11285000.0,22695000.0,3.8,Có,Không,Có,Ví điện tử (Momo/ZaloPay),Giao hàng nhanh,Tại cửa hàng,29,Hàng quý,89.0,65453000.0,76625827.0,3774611.0,0,3,Khách hàng trung thành,0.10128707608445818
2600,36,Nữ,Kiên Giang,Miền Nam,Nhẫn,Bạc,5,4.58,0,Cưới hỏi,539000.0,17139000.0,4.3,Không,Có,Không,Chuyển khoản ngân hàng,Giao hàng nhanh,Online,25,Hàng tháng,31.0,2695000.0,2683142.0,527061.0,0,3,Khách hàng trung thành,0.37073902013347826
2601,59,Nữ,Đắk Lắk,Miền Trung,Lắc chân,Vàng 24K,24,5.74,0,Quà tặng người yêu,12965000.0,18796000.0,2.5,Không,Không,Không,Ví điện tử (Momo/ZaloPay),Giao hàng tiêu chuẩn,Online,5,Hàng tháng,31.0,12965000.0,11577745.0,14462887.0,1,0,Khách hàng phổ thông / mới,0.7184837661805261
2602,28,Nữ,An Giang,Miền Nam,Nhẫn,Vàng 18K,18,7.25,0,Quà tặng người yêu,11740000.0,29063000.0,3.7,Có,Không,Có,Tiền mặt,Giao hàng tiêu chuẩn,Online,14,Hàng năm,385.0,32872000.0,38256434.0,544821.0,0,2,Khách hàng có nguy cơ rời bỏ,0.17221704229741994
2603,55,Nam,Hưng Yên,Miền Bắc,Dây chuyền,Bạc,5,7.58,0,Quà tặng người yêu,842000.0,20389500.0,2.6,Có,Có,Không,Ví điện tử (Momo/ZaloPay),Giao hàng nhanh,Online,24,Hai tuần một lần,16.0,4042000.0,4397292.0,1406341.0,0,3,Khách hàng trung thành,0.30635462877495917
2604,45,Nam,Hà Nội,Miền Bắc,Trang sức bộ,Bạch kim,20,32.91,0,Cưới hỏi,62193000.0,30424000.0,3.8,Không,Không,Không,Thẻ tín dụng,Giao hàng tiêu chuẩn,Tại cửa hàng,18,Nửa năm một lần,161.0,223895000.0,216528854.0,12029491.0,1,1,Khách hàng VIP (giá trị cao nhất),0.5338349480384642
2605,54,Nữ,Bình Dương,Miền Nam,Nhẫn,Vàng 24K,24,4.96,0,Sinh nhật,10396000.0,24570000.0,3.3,Không,Có,Không,Thẻ tín dụng,Nhận tại cửa hàng,Tại cửa hàng,5,Nửa năm một lần,207.0,10396000.0,9757686.0,1832128.0,0,0,Khách hàng phổ thông / mới,0.46054851579013406
2606,54,Nữ,TP. Hồ Chí Minh,Miền Nam,Nhẫn,Bạc,5,5.49,0,Sinh nhật,506000.0,22884000.0,4.8,Không,Có,Có,Tiền mặt,Giao hàng tiêu chuẩn,Tại cửa hàng,22,Hàng tháng,27.0,2226000.0,2279647.0,512442.0,0,3,Khách hàng trung thành,0.20061129447098758
2607,43,Nữ,Bình Định,Miền Trung,Bông tai,Bạc,5,1.62,0,Lễ/Tết,300000.0,15279000.0,3.7,Có,Có,Không,Ví điện tử (Momo/ZaloPay),Giao hàng nhanh,Tại cửa hàng,6,Hàng năm,412.0,360000.0,418968.0,14466.0,0,2,Khách hàng có nguy cơ rời bỏ,0.20191756521250456
2608,30,Nữ,Cần Thơ,Miền Nam,Dây chuyền,Vàng đính đá quý,18,6.21,1,Quà tặng người yêu,13560000.0,20905000.0,4.6,Có,Có,Không,Tiền mặt,Nhận tại cửa hàng,Online,10,Hàng tháng,32.0,27120000.0,33246408.0,14130555.0,0,0,Khách hàng phổ thông / mới,0.16595372572302847
2609,43,Nữ,Long An,Miền Nam,Nhẫn,Vàng 18K,18,7.84,0,Lễ/Tết,12436000.0,27727000.0,4.0,Không,Không,Không,Ví điện tử (Momo/ZaloPay),Giao hàng tiêu chuẩn,Online,30,Hàng quý,98.0,74616000.0,73011756.0,3371557.0,0,3,Khách hàng trung thành,0.518665562436987
2610,57,Nam,Gia Lai,Miền Trung,Nhẫn,Bạch kim,20,6.17,0,Tự mua sắm,11794000.0,21989000.0,3.5,Có,Không,Không,Chuyển khoản ngân hàng,Giao hàng nhanh,Tại cửa hàng,30,Nửa năm một lần,202.0,70764000.0,81378600.0,1376500.0,0,3,Khách hàng trung thành,0.3174675042565595
2611,64,Nữ,Kiên Giang,Miền Nam,Nhẫn,Bạch kim,20,4.6,0,Tự mua sắm,7705000.0,35395000.0,3.1,Có,Có,Không,Ví điện tử (Momo/ZaloPay),Giao hàng nhanh,Online,1,Nửa năm một lần,161.0,1541000.0,1729618.0,1274366.0,0,0,Khách hàng phổ thông / mới,0.29977654031941003
2612,62,Nam,TP. Hồ Chí Minh,Miền Nam,Vòng tay,Vàng 18K,18,12.82,0,Tự mua sắm,20435000.0,28857000.0,3.0,Có,Không,Không,Tiền mặt,Giao hàng nhanh,Online,12,Hàng tháng,31.0,49044000.0,54708582.0,19118962.0,0,3,Khách hàng trung thành,0.3757891232100474
2613,26,Nữ,TP. Hồ Chí Minh,Miền Nam,Nhẫn,Bạc,5,2.07,0,Quà tặng gia đình,300000.0,11172000.0,3.8,Không,Không,Không,Chuyển khoản ngân hàng,Nhận tại cửa hàng,Tại cửa hàng,10,Hàng năm,348.0,600000.0,580260.0,23047.0,1,2,Khách hàng có nguy cơ rời bỏ,0.6851657236647761
2614,46,Nam,Thanh Hóa,Miền Trung,Bông tai,Bạc,5,4.92,0,Quà tặng người yêu,427000.0,17366000.0,4.7,Không,Có,Có,Ví điện tử (Momo/ZaloPay),Giao hàng nhanh,Online,17,Hàng năm,352.0,1452000.0,1478717.0,21944.0,0,2,Khách hàng có nguy cơ rời bỏ,0.14806162798655825
2615,23,Nam,Hà Nội,Miền Bắc,Lắc chân,Vàng 18K,18,3.64,0,Tự mua sắm,5787000.0,24093000.0,3.3,Không,Không,Có,Thẻ tín dụng,Giao hàng nhanh,Online,25,Hàng quý,91.0,28935000.0,27158391.0,2215859.0,0,3,Khách hàng trung thành,0.4285316091044223
2616,50,Nữ,Hải Dương,Miền Bắc,Nhẫn,Vàng 18K,18,4.02,0,Quà tặng gia đình,6626000.0,10311000.0,3.7,Không,Không,Có,Thẻ tín dụng,Giao hàng nhanh,Online,25,Nửa năm một lần,187.0,33130000.0,31851182.0,1306928.0,1,3,Khách hàng trung thành,0.6094828495100033
2617,65,Nữ,Bình Dương,Miền Nam,Dây chuyền,Vàng 18K,18,7.93,0,Tự mua sắm,11395000.0,21085000.0,3.2,Có,Có,Không,Tiền mặt,Giao hàng nhanh,Online,5,Hàng quý,95.0,11395000.0,12868373.0,4020422.0,0,0,Khách hàng phổ thông / mới,0.3343490585650154
2618,20,Nam,TP. Hồ Chí Minh,Miền Nam,Nhẫn,Bạch kim,20,5.42,0,Quà tặng người yêu,10827000.0,12671000.0,3.6,Có,Không,Không,Thẻ tín dụng,Giao hàng tiêu chuẩn,Online,23,Hàng quý,93.0,49804000.0,57618248.0,2777358.0,0,3,Khách hàng trung thành,0.3501648641104252
2619,49,Nam,Lào Cai,Miền Bắc,Dây chuyền,Vàng 24K,24,7.99,0,Tự mua sắm,17823000.0,21225000.0,4.7,Không,Không,Không,Chuyển khoản ngân hàng,Nhận tại cửa hàng,Online,1,Hàng quý,83.0,3565000.0,3630596.0,6208405.0,1,0,Khách hàng phổ thông / mới,0.6079223819131481
2620,63,Nữ,Quảng Ngãi,Miền Trung,Nhẫn,Bạc,5,7.74,0,Tự mua sắm,783000.0,15308000.0,2.8,Có,Không,Có,Thẻ tín dụng,Giao hàng nhanh,Online,16,Hàng tháng,29.0,2506000.0,2760860.0,809049.0,0,0,Khách hàng phổ thông / mới,0.21200278340910295
2621,58,Nữ,Thái Nguyên,Miền Bắc,Bông tai,Vàng 24K,24,4.99,0,Cưới hỏi,10757000.0,28854000.0,3.2,Có,Không,Không,Chuyển khoản ngân hàng,Giao hàng tiêu chuẩn,Tại cửa hàng,18,Nửa năm một lần,202.0,38725000.0,43732142.0,1769766.0,1,3,Khách hàng trung thành,0.5127871514086447
2622,36,Nam,Hưng Yên,Miền Bắc,Dây chuyền,Bạc,5,14.51,0,Tự mua sắm,1041000.0,16596000.0,4.2,Có,Không,Không,Tiền mặt,Giao hàng nhanh,Online,13,Hàng tháng,32.0,2707000.0,3243798.0,1093344.0,0,0,Khách hàng phổ thông / mới,0.29147610765518706
2623,22,Nữ,Kiên Giang,Miền Nam,Vòng tay,Bạc,5,12.78,0,Lễ/Tết,455000.0,23972000.0,3.3,Không,Có,Không,Chuyển khoản ngân hàng,Giao hàng tiêu chuẩn,Online,27,Hàng tuần,7.0,2457000.0,2306140.0,1184613.0,0,3,Khách hàng trung thành,0.4711738604286876
2624,62,Nam,Huế,Miền Trung,Bông tai,Bạc,5,2.51,1,Sinh nhật,2630000.0,11265000.0,2.7,Không,Không,Có,Chuyển khoản ngân hàng,Giao hàng nhanh,Tại cửa hàng,20,Hàng quý,83.0,10520000.0,9514288.0,964633.0,0,3,Khách hàng trung thành,0.4558959192025142
2625,62,Nữ,Hải Dương,Miền Bắc,Lắc chân,Bạc,5,11.83,0,Quà tặng người yêu,465000.0,19587000.0,3.4,Không,Không,Có,Tiền mặt,Giao hàng tiêu chuẩn,Online,30,Hai tuần một lần,15.0,2790000.0,2634597.0,1006549.0,0,3,Khách hàng trung thành,0.2949090505979351
2626,45,Nữ,Quảng Nam,Miền Trung,Dây chuyền,Vàng 18K,18,3.97,1,Sinh nhật,8237000.0,11743000.0,4.2,Có,Có,Không,Thẻ tín dụng,Giao hàng tiêu chuẩn,Online,14,Nửa năm một lần,168.0,23064000.0,27637591.0,1856337.0,0,0,Khách hàng phổ thông / mới,0.1603732295789501
2627,64,Nam,Nghệ An,Miền Trung,Nhẫn,Vàng 18K,18,7.53,1,Tự mua sắm,17275000.0,30194000.0,5.0,Không,Không,Không,Tiền mặt,Giao hàng tiêu chuẩn,Tại cửa hàng,13,Hàng quý,101.0,44915000.0,46509482.0,5781880.0,0,3,Khách hàng trung thành,0.4089697106588524
2628,18,Nam,TP. Hồ Chí Minh,Miền Nam,Trang sức bộ,Bạch kim,20,12.39,0,Sinh nhật,24541000.0,13659000.0,4.7,Có,Không,Có,Chuyển khoản ngân hàng,Nhận tại cửa hàng,Online,18,Hàng tháng,29.0,88348000.0,108915414.0,28992996.0,0,1,Khách hàng VIP (giá trị cao nhất),0.12432916684455594
2629,47,Nam,Kiên Giang,Miền Nam,Dây chuyền,Vàng 24K,24,12.68,0,Tự mua sắm,28026000.0,20209000.0,3.9,Không,Không,Không,Chuyển khoản ngân hàng,Giao hàng tiêu chuẩn,Online,8,Hàng tháng,31.0,44842000.0,43622298.0,27531173.0,0,0,Khách hàng phổ thông / mới,0.5236514480965656
2630,19,Nam,Gia Lai,Miền Trung,Bông tai,Bạch kim,20,4.9,0,Sinh nhật,7953000.0,21603000.0,4.4,Không,Có,Không,Chuyển khoản ngân hàng,Nhận tại cửa hàng,Online,24,Hàng tuần,6.0,38174000.0,38223626.0,29916386.0,0,3,Khách hàng trung thành,0.34680296729593585
2631,62,Nữ,Gia Lai,Miền Trung,Bông tai,Bạc,5,4.3,0,Lễ/Tết,300000.0,16495000.0,3.9,Có,Có,Không,Tiền mặt,Giao hàng nhanh,Online,10,Nửa năm một lần,163.0,600000.0,706560.0,59287.0,0,0,Khách hàng phổ thông / mới,0.23178156420533932
2632,50,Nữ,Thanh Hóa,Miền Trung,Vòng tay,Vàng đính đá quý,18,16.74,1,Tự mua sắm,31171000.0,12598000.0,3.7,Không,Không,Có,Tiền mặt,Giao hàng tiêu chuẩn,Tại cửa hàng,4,Hàng tháng,28.0,24937000.0,23974432.0,28221027.0,0,0,Khách hàng phổ thông / mới,0.35974706929117134
2633,61,Nữ,Đắk Lắk,Miền Trung,Nhẫn,Vàng 18K,18,2.07,1,Lễ/Tết,5863000.0,22959000.0,2.9,Không,Không,Không,Ví điện tử (Momo/ZaloPay),Nhận tại cửa hàng,Online,15,Nửa năm một lần,185.0,17589000.0,16108006.0,1190924.0,1,0,Khách hàng phổ thông / mới,0.7245033513987332
2634,45,Nữ,Lào Cai,Miền Bắc,Nhẫn,Bạc,5,3.93,1,Sinh nhật,3538000.0,7174000.0,3.2,Không,Có,Có,Thẻ tín dụng,Nhận tại cửa hàng,Online,21,Nửa năm một lần,192.0,14860000.0,13862894.0,622258.0,1,3,Khách hàng trung thành,0.5185582688270836
2635,21,Nữ,Hà Nội,Miền Bắc,Vòng tay,Vàng 24K,24,10.05,0,Quà tặng người yêu,19058000.0,28653000.0,3.8,Không,Có,Không,Thẻ tín dụng,Giao hàng tiêu chuẩn,Online,17,Hàng quý,90.0,64797000.0,62665179.0,5846055.0,0,3,Khách hàng trung thành,0.3311435047834045
2636,19,Nữ,Bà Rịa - Vũng Tàu,Miền Nam,Vòng tay,Vàng đính đá quý,18,19.72,1,Tự mua sắm,38768000.0,18183000.0,5.0,Không,Không,Không,Thẻ tín dụng,Giao hàng tiêu chuẩn,Online,2,Hàng tuần,8.0,15507000.0,16057498.0,106265949.0,0,0,Khách hàng phổ thông / mới,0.33914832109003074
2637,34,Nữ,Đà Nẵng,Miền Trung,Bông tai,Bạc,5,3.36,0,Quà tặng người yêu,650000.0,9721000.0,4.0,Không,Có,Có,Ví điện tử (Momo/ZaloPay),Nhận tại cửa hàng,Tại cửa hàng,1,Hàng quý,81.0,130000.0,127205.0,253592.0,0,0,Khách hàng phổ thông / mới,0.16120044134367478
2638,53,Nam,Quảng Nam,Miền Trung,Bông tai,Bạc,5,1.25,0,Sinh nhật,806000.0,19328000.0,4.9,Không,Không,Có,Tiền mặt,Giao hàng tiêu chuẩn,Online,23,Hàng quý,102.0,3708000.0,3818498.0,256823.0,0,3,Khách hàng trung thành,0.35925159630777237
2639,25,Nữ,Hà Nội,Miền Bắc,Trang sức bộ,Bạc,5,16.48,0,Quà tặng người yêu,1246000.0,20389500.0,3.1,Không,Không,Không,Ví điện tử (Momo/ZaloPay),Nhận tại cửa hàng,Online,30,Hàng quý,93.0,7476000.0,6931747.0,416209.0,0,3,Khách hàng trung thành,0.6039498815155175
2640,58,Nữ,Long An,Miền Nam,Trang sức bộ,Vàng 18K,18,31.1,0,Sinh nhật,44313000.0,15761000.0,2.7,Có,Có,Có,Ví điện tử (Momo/ZaloPay),Giao hàng tiêu chuẩn,Tại cửa hàng,7,Hàng năm,347.0,62038000.0,67919202.0,4045773.0,0,2,Khách hàng có nguy cơ rời bỏ,0.16915812808817335
2641,29,Nam,Quảng Ninh,Miền Bắc,Bông tai,Bạc,5,5.46,0,Tự mua sắm,516000.0,6146000.0,4.9,Không,Không,Có,Tiền mặt,Nhận tại cửa hàng,Online,29,Hàng tháng,30.0,2993000.0,3082191.0,673892.0,0,3,Khách hàng trung thành,0.2827200952223514
2642,41,Nữ,Huế,Miền Trung,Nhẫn,Bạch kim,20,7.53,0,Sinh nhật,14282000.0,19596000.0,3.3,Không,Không,Không,Tiền mặt,Nhận tại cửa hàng,Tại cửa hàng,15,Hàng tháng,29.0,42846000.0,40215256.0,17624152.0,1,3,Khách hàng trung thành,0.7164087469765964
2643,27,Nữ,Long An,Miền Nam,Dây chuyền,Vàng 24K,24,4.73,0,Sinh nhật,9624000.0,24948000.0,3.8,Không,Có,Có,Tiền mặt,Giao hàng tiêu chuẩn,Tại cửa hàng,5,Hàng năm,399.0,9624000.0,9307370.0,748439.0,0,2,Khách hàng có nguy cơ rời bỏ,0.18573795466840254
2644,40,Nữ,Đà Nẵng,Miền Trung,Vòng tay,Vàng đính đá quý,18,15.32,1,Quà tặng người yêu,29937000.0,22031000.0,2.7,Không,Có,Không,Thẻ tín dụng,Giao hàng tiêu chuẩn,Online,9,Hàng năm,342.0,53887000.0,48735403.0,3071000.0,1,2,Khách hàng có nguy cơ rời bỏ,0.4626755322526517
2645,39,Nam,Tiền Giang,Miền Nam,Vòng tay,Vàng đính đá quý,18,11.04,1,Cưới hỏi,21267000.0,23159000.0,4.7,Không,Không,Không,Chuyển khoản ngân hàng,Giao hàng tiêu chuẩn,Online,29,Hàng quý,93.0,123349000.0,125618622.0,5585302.0,0,1,Khách hàng VIP (giá trị cao nhất),0.4950281301667515
2646,18,Nữ,Nam Định,Miền Bắc,Nhẫn,Vàng đính đá quý,18,6.28,1,Sinh nhật,12979000.0,25777000.0,2.5,Không,Không,Có,Chuyển khoản ngân hàng,Nhận tại cửa hàng,Online,10,Hàng quý,96.0,25958000.0,23180494.0,4346452.0,0,0,Khách hàng phổ thông / mới,0.5643419530995255
2647,45,Nữ,TP. Hồ Chí Minh,Miền Nam,Vòng tay,Bạch kim,20,17.37,0,Lễ/Tết,32228000.0,31781000.0,4.8,Không,Không,Không,Thẻ tín dụng,Giao hàng nhanh,Online,26,Hai tuần một lần,16.0,167586000.0,171624823.0,80107235.0,0,1,Khách hàng VIP (giá trị cao nhất),0.41863396916748535
2648,55,Nữ,Tây Ninh,Miền Nam,Dây chuyền,Vàng 18K,18,6.14,0,Lễ/Tết,9628000.0,20389500.0,2.9,Không,Không,Có,Thẻ tín dụng,Giao hàng nhanh,Online,19,Hàng năm,320.0,36586000.0,33505459.0,867199.0,1,2,Khách hàng có nguy cơ rời bỏ,0.403499530858746
2649,62,Nữ,Bình Định,Miền Trung,Dây chuyền,Bạc,5,9.0,1,Quà tặng gia đình,3008000.0,12447000.0,3.0,Có,Có,Không,Ví điện tử (Momo/ZaloPay),Giao hàng nhanh,Online,25,Nửa năm một lần,189.0,15040000.0,16777120.0,404612.0,1,3,Khách hàng trung thành,0.5532477367350189
2650,33,Nam,TP. Hồ Chí Minh,Miền Nam,Lắc chân,Vàng 24K,24,5.95,0,Quà tặng người yêu,13241000.0,21155000.0,4.6,Không,Không,Có,Ví điện tử (Momo/ZaloPay),Giao hàng nhanh,Tại cửa hàng,13,Hàng quý,86.0,34427000.0,34864223.0,4076799.0,0,0,Khách hàng phổ thông / mới,0.3192610286887499
2651,60,Nữ,Nghệ An,Miền Trung,Dây chuyền,Bạch kim,20,8.47,0,Cưới hỏi,16101000.0,23539000.0,3.5,Không,Không,Không,Tiền mặt,Giao hàng tiêu chuẩn,Tại cửa hàng,4,Hàng tháng,29.0,12881000.0,12236950.0,13389359.0,0,0,Khách hàng phổ thông / mới,0.5613406467098129
2652,60,Nữ,TP. Hồ Chí Minh,Miền Nam,Vòng tay,Vàng 24K,24,9.36,0,Sinh nhật,17692000.0,10758000.0,3.1,Không,Có,Không,Ví điện tử (Momo/ZaloPay),Giao hàng nhanh,Online,15,Hàng quý,88.0,53076000.0,49212067.0,5179390.0,0,3,Khách hàng trung thành,0.4130843551572825
2653,65,Nữ,An Giang,Miền Nam,Vòng tay,Vàng đính đá quý,18,10.09,1,Tự mua sắm,17274000.0,16425000.0,4.0,Không,Có,Không,Thẻ tín dụng,Giao hàng nhanh,Online,29,Nửa năm một lần,173.0,100189000.0,98034936.0,2795718.0,1,1,Khách hàng VIP (giá trị cao nhất),0.5757042171685388
2654,35,Nữ,TP. Hồ Chí Minh,Miền Nam,Vòng tay,Vàng 18K,18,9.08,0,Tự mua sắm,12447000.0,32154000.0,3.1,Có,Có,Không,Ví điện tử (Momo/ZaloPay),Giao hàng tiêu chuẩn,Online,30,Hai tuần một lần,14.0,74682000.0,83823077.0,19924036.0,0,3,Khách hàng trung thành,0.1865322274335356
2655,58,Nữ,Tiền Giang,Miền Nam,Nhẫn,Vàng 24K,24,3.44,0,Tự mua sắm,7767000.0,19002000.0,3.2,Không,Không,Có,Ví điện tử (Momo/ZaloPay),Giao hàng nhanh,Tại cửa hàng,13,Hàng quý,83.0,20194000.0,18838983.0,2815242.0,0,0,Khách hàng phổ thông / mới,0.4874298481770783
2656,45,Nữ,Gia Lai,Miền Trung,Vòng tay,Vàng 24K,24,13.67,0,Sinh nhật,30234000.0,22172000.0,2.6,Không,Không,Không,Chuyển khoản ngân hàng,Nhận tại cửa hàng,Online,4,Hàng tuần,8.0,24187000.0,21736857.0,105432902.0,0,0,Khách hàng phổ thông / mới,0.6191002287519916
2657,20,Nam,Đắk Lắk,Miền Trung,Dây chuyền,Bạc,5,10.2,0,Sinh nhật,1230000.0,31736000.0,3.8,Không,Không,Không,Chuyển khoản ngân hàng,Giao hàng nhanh,Tại cửa hàng,7,Nửa năm một lần,200.0,1722000.0,1665346.0,154353.0,1,0,Khách hàng phổ thông / mới,0.5854774918541599
2658,30,Nữ,Vĩnh Phúc,Miền Bắc,Bông tai,Vàng 24K,24,5.6,0,Quà tặng gia đình,11481000.0,20459000.0,2.8,Không,Có,Không,Thẻ tín dụng,Giao hàng nhanh,Online,12,Hàng tháng,26.0,27554000.0,25076895.0,16870064.0,0,0,Khách hàng phổ thông / mới,0.5170908066207393
2659,50,Nam,TP. Hồ Chí Minh,Miền Nam,Nhẫn,Vàng 24K,24,4.04,0,Cưới hỏi,7983000.0,26512000.0,4.6,Không,Có,Có,Tiền mặt,Nhận tại cửa hàng,Tại cửa hàng,30,Hàng năm,318.0,47898000.0,48506305.0,822356.0,0,2,Khách hàng có nguy cơ rời bỏ,0.21688786558413042
2660,25,Nữ,Bà Rịa - Vũng Tàu,Miền Nam,Trang sức bộ,Vàng 24K,24,26.44,0,Lễ/Tết,58087000.0,23497000.0,4.4,Không,Không,Không,Tiền mặt,Giao hàng nhanh,Online,16,Hàng quý,88.0,185878000.0,186119641.0,23475818.0,0,1,Khách hàng VIP (giá trị cao nhất),0.48523580123817833
2661,38,Nữ,TP. Hồ Chí Minh,Miền Nam,Bông tai,Vàng 18K,18,5.83,0,Tự mua sắm,9529000.0,17928000.0,3.2,Có,Không,Có,Thẻ tín dụng,Nhận tại cửa hàng,Online,15,Hàng quý,95.0,28587000.0,32283299.0,2652843.0,0,3,Khách hàng trung thành,0.28027457069096334
2662,55,Nữ,Nam Định,Miền Bắc,Dây chuyền,Vàng đính đá quý,18,8.6,1,Quà tặng người yêu,21320000.0,18548000.0,3.8,Không,Không,Không,Ví điện tử (Momo/ZaloPay),Giao hàng tiêu chuẩn,Online,25,Hàng quý,93.0,106600000.0,103092860.0,7935266.0,0,1,Khách hàng VIP (giá trị cao nhất),0.591348729149483
2663,25,Nữ,Bình Định,Miền Trung,Dây chuyền,Vàng 18K,18,12.35,0,Quà tặng gia đình,17149000.0,27771000.0,3.9,Có,Có,Không,Thẻ tín dụng,Nhận tại cửa hàng,Tại cửa hàng,6,Hàng quý,82.0,20579000.0,24233830.0,5040877.0,0,0,Khách hàng phổ thông / mới,0.1659533114329246
2664,41,Nữ,Bình Dương,Miền Nam,Dây chuyền,Vàng 18K,18,14.64,0,Lễ/Tết,20738000.0,20404000.0,4.2,Có,Có,Có,Thẻ tín dụng,Nhận tại cửa hàng,Online,9,Hàng quý,91.0,37328000.0,44730142.0,7932248.0,0,0,Khách hàng phổ thông / mới,0.06449472124294175
2665,28,Nam,Tiền Giang,Miền Nam,Bông tai,Vàng 24K,24,4.95,0,Tự mua sắm,10060000.0,20389500.0,3.5,Không,Có,Không,Chuyển khoản ngân hàng,Nhận tại cửa hàng,Online,23,Hàng quý,77.0,46276000.0,43962200.0,4040714.0,0,3,Khách hàng trung thành,0.4414378396597085
2666,43,Nam,Quảng Ninh,Miền Bắc,Bông tai,Vàng 24K,24,1.4,0,Quà tặng người yêu,3344000.0,28156000.0,3.8,Không,Không,Không,Thẻ tín dụng,Nhận tại cửa hàng,Online,12,Hàng tháng,27.0,8026000.0,7761945.0,4085570.0,1,0,Khách hàng phổ thông / mới,0.6263260412385006
2667,29,Nam,Bắc Ninh,Miền Bắc,Bông tai,Vàng 18K,18,1.97,0,Quà tặng người yêu,3157000.0,6000000.0,2.9,Không,Có,Có,Thẻ tín dụng,Giao hàng nhanh,Tại cửa hàng,18,Hàng quý,84.0,11365000.0,10408067.0,888913.0,0,3,Khách hàng trung thành,0.3467234127439082
2668,64,Nữ,Huế,Miền Trung,Lắc chân,Vàng 24K,24,5.65,0,Tự mua sắm,10924000.0,32888000.0,3.7,Không,Có,Có,Chuyển khoản ngân hàng,Giao hàng nhanh,Online,25,Hàng năm,390.0,54620000.0,52511668.0,704924.0,0,2,Khách hàng có nguy cơ rời bỏ,0.22960513951215195
2669,21,Nữ,Bắc Ninh,Miền Bắc,Dây chuyền,Vàng 24K,24,11.23,0,Quà tặng người yêu,24500000.0,17954000.0,2.7,Không,Không,Không,Ví điện tử (Momo/ZaloPay),Giao hàng nhanh,Online,23,Hàng tháng,32.0,112700000.0,101925880.0,25437915.0,0,1,Khách hàng VIP (giá trị cao nhất),0.6460901945025338
2670,64,Nam,Tây Ninh,Miền Nam,Bông tai,Vàng 24K,24,4.36,0,Quà tặng người yêu,8132000.0,21896000.0,4.9,Không,Có,Không,Ví điện tử (Momo/ZaloPay),Giao hàng nhanh,Online,16,Hàng năm,324.0,26022000.0,26797456.0,624430.0,1,2,Khách hàng có nguy cơ rời bỏ,0.3123898482436274
2671,56,Nữ,Huế,Miền Trung,Dây chuyền,Vàng 18K,18,4.65,1,Sinh nhật,11967000.0,21941000.0,3.5,Không,Không,Có,Ví điện tử (Momo/ZaloPay),Nhận tại cửa hàng,Online,3,Hàng năm,329.0,7180000.0,6821000.0,1182198.0,0,2,Khách hàng có nguy cơ rời bỏ,0.29771999854386044
2672,59,Nam,Bình Định,Miền Trung,Bông tai,Bạch kim,20,3.25,0,Quà tặng người yêu,6486000.0,30855000.0,4.0,Không,Không,Có,Chuyển khoản ngân hàng,Giao hàng nhanh,Tại cửa hàng,26,Nửa năm một lần,165.0,33727000.0,33001870.0,889072.0,0,3,Khách hàng trung thành,0.342975330925282
2673,58,Nữ,Nam Định,Miền Bắc,Vòng tay,Vàng 24K,24,11.33,0,Tự mua sắm,22367000.0,22699000.0,3.7,Không,Có,Không,Chuyển khoản ngân hàng,Nhận tại cửa hàng,Online,3,Hàng tuần,7.0,13420000.0,12901988.0,77345401.0,0,0,Khách hàng phổ thông / mới,0.2620800270213139
2674,27,Nam,Đà Nẵng,Miền Trung,Bông tai,Bạc,5,4.45,0,Sinh nhật,300000.0,19461000.0,2.6,Không,Có,Không,Tiền mặt,Giao hàng nhanh,Online,2,Nửa năm một lần,159.0,120000.0,107844.0,44046.0,1,0,Khách hàng phổ thông / mới,0.606820705209836
2675,62,Nữ,Tây Ninh,Miền Nam,Nhẫn,Bạc,5,3.2,0,Quà tặng người yêu,627000.0,15054000.0,2.7,Không,Không,Không,Tiền mặt,Giao hàng nhanh,Tại cửa hàng,7,Hàng năm,396.0,878000.0,794063.0,52222.0,1,2,Khách hàng có nguy cơ rời bỏ,0.6920857306755415
2676,46,Nữ,Quảng Nam,Miền Trung,Nhẫn,Vàng đính đá quý,18,3.05,1,Sinh nhật,7014000.0,15765000.0,3.2,Không,Không,Không,Ví điện tử (Momo/ZaloPay),Giao hàng tiêu chuẩn,Tại cửa hàng,9,Hàng quý,95.0,12625000.0,11777862.0,2464380.0,0,0,Khách hàng phổ thông / mới,0.6828437292066778
2677,64,Nữ,Hà Nội,Miền Bắc,Dây chuyền,Vàng 24K,24,10.16,0,Quà tặng người yêu,22358000.0,26334000.0,4.2,Không,Không,Không,Chuyển khoản ngân hàng,Nhận tại cửa hàng,Tại cửa hàng,24,Hàng tháng,32.0,107318000.0,106234088.0,18331766.0,0,1,Khách hàng VIP (giá trị cao nhất),0.53156478974652
2678,60,Nam,Hải Dương,Miền Bắc,Trang sức bộ,Bạch kim,20,12.07,0,Quà tặng người yêu,23758000.0,23159000.0,4.1,Không,Không,Có,Tiền mặt,Nhận tại cửa hàng,Online,17,Hàng quý,84.0,80777000.0,79500723.0,9373929.0,0,3,Khách hàng trung thành,0.2729688907930231
2679,45,Nữ,Tây Ninh,Miền Nam,Vòng tay,Vàng đính đá quý,18,15.03,1,Sinh nhật,28239000.0,32510000.0,3.0,Không,Không,Không,Thẻ tín dụng,Giao hàng tiêu chuẩn,Tại cửa hàng,28,Hàng quý,91.0,158138000.0,145724167.0,9745989.0,0,1,Khách hàng VIP (giá trị cao nhất),0.6143436304161208
2680,35,Nữ,Tây Ninh,Miền Nam,Dây chuyền,Vàng đính đá quý,18,8.27,1,Sinh nhật,17223000.0,14396000.0,3.7,Không,Không,Có,Ví điện tử (Momo/ZaloPay),Giao hàng tiêu chuẩn,Tại cửa hàng,4,Hai tuần một lần,13.0,13778000.0,13246169.0,35890419.0,0,0,Khách hàng phổ thông / mới,0.3063065637563417
2681,23,Nữ,Nam Định,Miền Bắc,Dây chuyền,Bạch kim,20,9.44,0,Cưới hỏi,15959000.0,11303000.0,3.4,Có,Có,Có,Tiền mặt,Nhận tại cửa hàng,Online,30,Hàng tháng,29.0,95754000.0,109456397.0,13512213.0,0,1,Khách hàng VIP (giá trị cao nhất),0.21204539937219155
2682,22,Nữ,Quảng Ngãi,Miền Trung,Dây chuyền,Vàng 24K,24,12.62,1,Tự mua sắm,28391000.0,21418000.0,3.9,Có,Có,Không,Thẻ tín dụng,Giao hàng tiêu chuẩn,Online,15,Nửa năm một lần,160.0,85173000.0,100299725.0,3442732.0,0,3,Khách hàng trung thành,0.0999494425788627
2683,36,Nữ,Hà Nội,Miền Bắc,Lắc chân,Vàng đính đá quý,18,4.63,1,Sinh nhật,11497000.0,19562000.0,3.3,Không,Không,Có,Ví điện tử (Momo/ZaloPay),Giao hàng nhanh,Online,18,Hàng quý,82.0,41389000.0,38847715.0,4470946.0,0,3,Khách hàng trung thành,0.4453885869280219
2684,56,Nam,Đắk Lắk,Miền Trung,Trang sức bộ,Bạch kim,20,15.25,0,Tự mua sắm,27255000.0,12970000.0,4.7,Có,Có,Có,Ví điện tử (Momo/ZaloPay),Giao hàng tiêu chuẩn,Tại cửa hàng,1,Hàng tháng,26.0,5451000.0,6719993.0,22590270.0,0,0,Khách hàng phổ thông / mới,0.08779300265230128
2685,42,Nữ,Bắc Ninh,Miền Bắc,Lắc chân,Vàng 24K,24,11.11,0,Cưới hỏi,24161000.0,16887000.0,3.7,Không,Không,Không,Thẻ tín dụng,Nhận tại cửa hàng,Tại cửa hàng,22,Hàng năm,378.0,106308000.0,102204511.0,1950448.0,1,1,Khách hàng VIP (giá trị cao nhất),0.6603258738969228
2686,41,Nữ,Cần Thơ,Miền Nam,Lắc chân,Vàng 24K,24,9.67,0,Tự mua sắm,21328000.0,25393000.0,3.6,Có,Không,Không,Ví điện tử (Momo/ZaloPay),Giao hàng tiêu chuẩn,Tại cửa hàng,16,Hàng tháng,33.0,68250000.0,78958425.0,18469647.0,0,3,Khách hàng trung thành,0.2544719476791359
2687,29,Nữ,Tiền Giang,Miền Nam,Nhẫn,Vàng đính đá quý,18,3.21,1,Tự mua sắm,10193000.0,10498000.0,4.3,Có,Có,Không,Chuyển khoản ngân hàng,Giao hàng nhanh,Tại cửa hàng,23,Hàng tháng,34.0,46888000.0,56509418.0,10093280.0,0,3,Khách hàng trung thành,0.18271007350993498
2688,45,Nam,Quảng Ninh,Miền Bắc,Dây chuyền,Vàng 24K,24,11.65,0,Quà tặng người yêu,25350000.0,12737000.0,4.5,Không,Không,Có,Thẻ tín dụng,Giao hàng nhanh,Online,28,Hàng tháng,32.0,141960000.0,142953720.0,22473531.0,0,1,Khách hàng VIP (giá trị cao nhất),0.3190648024201995
2689,48,Nữ,Đà Nẵng,Miền Trung,Vòng tay,Bạch kim,20,11.86,0,Tự mua sắm,22610000.0,15782000.0,3.6,Không,Không,Không,Ví điện tử (Momo/ZaloPay),Giao hàng nhanh,Online,7,Hàng tháng,33.0,31654000.0,30251728.0,19335649.0,0,0,Khách hàng phổ thông / mới,0.46544050728512965
2690,65,Nữ,Hải Phòng,Miền Bắc,Bông tai,Vàng 18K,18,4.09,1,Tự mua sắm,7004000.0,16946000.0,2.8,Không,Có,Không,Ví điện tử (Momo/ZaloPay),Nhận tại cửa hàng,Online,29,Hàng quý,86.0,40623000.0,36970992.0,2765122.0,0,3,Khách hàng trung thành,0.5056517992946131
2691,53,Nữ,Lào Cai,Miền Bắc,Nhẫn,Bạc,5,6.61,0,Quà tặng người yêu,796000.0,26731000.0,2.7,Có,Không,Không,Thẻ tín dụng,Giao hàng nhanh,Tại cửa hàng,15,Hai tuần một lần,15.0,2388000.0,2614382.0,1688014.0,0,0,Khách hàng phổ thông / mới,0.45743977380069945
2692,47,Nữ,Hà Nội,Miền Bắc,Bông tai,Vàng 24K,24,1.22,0,Tự mua sắm,2700000.0,16934000.0,3.3,Có,Không,Có,Tiền mặt,Giao hàng nhanh,Tại cửa hàng,10,Hàng năm,335.0,5400000.0,6135480.0,255551.0,0,2,Khách hàng có nguy cơ rời bỏ,0.3370195861219328
2693,61,Nữ,Hưng Yên,Miền Bắc,Nhẫn,Bạc,5,5.47,1,Tự mua sắm,6847000.0,33080000.0,4.3,Có,Không,Không,Ví điện tử (Momo/ZaloPay),Giao hàng tiêu chuẩn,Online,22,Hàng năm,371.0,30127000.0,36309060.0,600433.0,0,2,Khách hàng có nguy cơ rời bỏ,0.2375334427392602
2694,38,Nam,Tây Ninh,Miền Nam,Dây chuyền,Bạc,5,7.06,0,Quà tặng người yêu,1007000.0,12979000.0,4.1,Có,Có,Có,Tiền mặt,Giao hàng nhanh,Tại cửa hàng,1,Hàng tháng,29.0,201000.0,239471.0,753788.0,0,0,Khách hàng phổ thông / mới,0.12309648845822338
2695,62,Nam,Hà Nội,Miền Bắc,Dây chuyền,Vàng đính đá quý,18,9.19,1,Quà tặng gia đình,18271000.0,24274000.0,3.2,Có,Không,Không,Ví điện tử (Momo/ZaloPay),Giao hàng tiêu chuẩn,Online,21,Nửa năm một lần,192.0,76738000.0,86660223.0,3243736.0,1,3,Khách hàng trung thành,0.4036981530070162
2696,35,Nữ,Long An,Miền Nam,Lắc chân,Vàng 24K,24,6.27,0,Sinh nhật,14002000.0,19819000.0,2.5,Không,Không,Không,Thẻ tín dụng,Giao hàng nhanh,Online,28,Nửa năm một lần,187.0,78411000.0,70021023.0,2493953.0,1,3,Khách hàng trung thành,0.7240641528107328
2697,24,Nữ,Hà Nội,Miền Bắc,Bông tai,Vàng 24K,24,5.71,0,Tự mua sắm,12017000.0,19462000.0,4.1,Có,Có,Không,Chuyển khoản ngân hàng,Nhận tại cửa hàng,Online,7,Hàng năm,395.0,16824000.0,20044114.0,745660.0,0,2,Khách hàng có nguy cơ rời bỏ,0.15174247379876482
2698,38,Nữ,Khánh Hòa,Miền Trung,Vòng tay,Vàng 24K,24,13.96,0,Lễ/Tết,26400000.0,6000000.0,3.9,Không,Có,Không,Chuyển khoản ngân hàng,Giao hàng nhanh,Online,18,Hàng tháng,28.0,95040000.0,92454912.0,27042996.0,0,3,Khách hàng trung thành,0.232081358606993
2699,24,Nữ,Đà Nẵng,Miền Trung,Lắc chân,Vàng 24K,24,10.62,0,Quà tặng gia đình,22890000.0,11758000.0,4.4,Không,Không,Không,Tiền mặt,Giao hàng tiêu chuẩn,Tại cửa hàng,24,Nửa năm một lần,203.0,109872000.0,110014834.0,3358825.0,1,1,Khách hàng VIP (giá trị cao nhất),0.6351574988008207
2700,23,Nữ,Tiền Giang,Miền Nam,Lắc chân,Vàng đính đá quý,18,5.31,1,Tự mua sắm,13550000.0,18208000.0,4.2,Có,Có,Không,Tiền mặt,Nhận tại cửa hàng,Online,18,Hai tuần một lần,13.0,48780000.0,58453074.0,30512221.0,0,3,Khách hàng trung thành,0.19207157564356894
2701,60,Nam,Thái Nguyên,Miền Bắc,Dây chuyền,Vàng 24K,24,7.38,0,Tự mua sắm,16341000.0,7813000.0,3.1,Không,Không,Không,Chuyển khoản ngân hàng,Nhận tại cửa hàng,Tại cửa hàng,28,Hàng tuần,6.0,91510000.0,84848072.0,51969027.0,0,3,Khách hàng trung thành,0.6773429974954275
2702,56,Nữ,Thái Nguyên,Miền Bắc,Bông tai,Vàng 24K,24,4.94,0,Cưới hỏi,10126000.0,6000000.0,4.3,Không,Có,Có,Chuyển khoản ngân hàng,Nhận tại cửa hàng,Online,25,Hàng năm,354.0,50630000.0,50407228.0,1079231.0,1,2,Khách hàng có nguy cơ rời bỏ,0.3125634874422171
2703,28,Nữ,TP. Hồ Chí Minh,Miền Nam,Nhẫn,Bạch kim,20,3.02,0,Cưới hỏi,6296000.0,11037000.0,3.7,Không,Không,Không,Tiền mặt,Giao hàng tiêu chuẩn,Online,9,Hàng tháng,26.0,11333000.0,10895546.0,8679167.0,0,0,Khách hàng phổ thông / mới,0.5874141041047721
2704,58,Nữ,TP. Hồ Chí Minh,Miền Nam,Vòng tay,Vàng 18K,18,20.0,0,Lễ/Tết,31575000.0,23841000.0,3.9,Không,Không,Có,Ví điện tử (Momo/ZaloPay),Nhận tại cửa hàng,Tại cửa hàng,12,Hàng quý,94.0,75780000.0,73718784.0,7696916.0,0,3,Khách hàng trung thành,0.265853675694431
2705,21,Nam,TP. Hồ Chí Minh,Miền Nam,Nhẫn,Vàng 18K,18,5.79,1,Sinh nhật,14058000.0,22601000.0,3.4,Không,Có,Có,Tiền mặt,Giao hàng nhanh,Tại cửa hàng,21,Hàng tháng,27.0,59044000.0,55755249.0,17369012.0,0,3,Khách hàng trung thành,0.37563478522873683
2706,31,Nữ,Hà Nội,Miền Bắc,Dây chuyền,Bạc,5,13.76,0,Lễ/Tết,1083000.0,11295000.0,4.5,Không,Không,Không,Ví điện tử (Momo/ZaloPay),Nhận tại cửa hàng,Tại cửa hàng,13,Hàng năm,391.0,2816000.0,2835712.0,102972.0,1,2,Khách hàng có nguy cơ rời bỏ,0.5501257862004639
2707,51,Nữ,Hải Dương,Miền Bắc,Vòng tay,Vàng 18K,18,6.57,0,Quà tặng người yêu,9413000.0,19651000.0,3.0,Không,Có,Không,Tiền mặt,Nhận tại cửa hàng,Online,12,Hàng quý,101.0,22591000.0,20817606.0,2990609.0,0,0,Khách hàng phổ thông / mới,0.5145159024675685
2708,32,Nam,Long An,Miền Nam,Nhẫn,Bạch kim,20,4.19,0,Quà tặng người yêu,8428000.0,22886000.0,3.0,Không,Không,Có,Tiền mặt,Nhận tại cửa hàng,Online,26,Hàng tháng,31.0,43826000.0,40385659.0,9757801.0,0,3,Khách hàng trung thành,0.5016168229709822
2709,53,Nữ,Gia Lai,Miền Trung,Vòng tay,Bạc,5,10.04,0,Quà tặng người yêu,618000.0,30456000.0,3.1,Không,Không,Có,Chuyển khoản ngân hàng,Giao hàng tiêu chuẩn,Online,4,Nửa năm một lần,191.0,494000.0,458037.0,132227.0,1,0,Khách hàng phổ thông / mới,0.5914605174263916
2710,59,Nữ,Gia Lai,Miền Trung,Bông tai,Vàng 18K,18,5.85,0,Sinh nhật,9709000.0,30543000.0,4.5,Không,Không,Có,Chuyển khoản ngân hàng,Giao hàng nhanh,Online,15,Hàng tháng,29.0,29127000.0,29330889.0,11894540.0,0,3,Khách hàng trung thành,0.3270433804713099
2711,21,Nữ,Vĩnh Phúc,Miền Bắc,Vòng tay,Bạc,5,7.17,0,Quà tặng người yêu,897000.0,25639000.0,4.3,Không,Có,Không,Chuyển khoản ngân hàng,Nhận tại cửa hàng,Online,12,Hàng tháng,26.0,2153000.0,2143527.0,1081446.0,0,0,Khách hàng phổ thông / mới,0.33671063154692205
2712,19,Nữ,Hải Dương,Miền Bắc,Nhẫn,Vàng đính đá quý,18,6.36,1,Cưới hỏi,15276000.0,15365000.0,3.2,Không,Không,Không,Tiền mặt,Giao hàng nhanh,Online,23,Nửa năm một lần,178.0,70270000.0,65554883.0,3058931.0,1,3,Khách hàng trung thành,0.7022822278022262
2713,63,Nữ,Kiên Giang,Miền Nam,Nhẫn,Vàng 18K,18,5.6,0,Quà tặng gia đình,9298000.0,21435000.0,2.9,Không,Không,Không,Thẻ tín dụng,Nhận tại cửa hàng,Online,30,Hàng năm,355.0,55788000.0,51090650.0,806239.0,1,2,Khách hàng có nguy cơ rời bỏ,0.7818407807824275
2714,42,Nam,TP. Hồ Chí Minh,Miền Nam,Dây chuyền,Bạc,5,13.22,0,Tự mua sắm,869000.0,21019000.0,2.6,Không,Có,Không,Thẻ tín dụng,Nhận tại cửa hàng,Online,28,Nửa năm một lần,176.0,4866000.0,4373074.0,148762.0,1,3,Khách hàng trung thành,0.700114322714059
2715,42,Nam,Bắc Ninh,Miền Bắc,Lắc chân,Vàng 18K,18,11.8,0,Tự mua sắm,18687000.0,19004000.0,4.2,Không,Không,Không,Thẻ tín dụng,Giao hàng tiêu chuẩn,Online,11,Hàng tháng,31.0,41111000.0,40695779.0,16940286.0,0,0,Khách hàng phổ thông / mới,0.5407496157465362
2716,40,Nữ,Tiền Giang,Miền Nam,Lắc chân,Bạc,5,10.25,1,Quà tặng người yêu,5305000.0,10764000.0,3.8,Không,Có,Không,Ví điện tử (Momo/ZaloPay),Giao hàng tiêu chuẩn,Online,12,Hàng tháng,30.0,12732000.0,12313117.0,6797903.0,0,0,Khách hàng phổ thông / mới,0.3600475477046548
2717,38,Nữ,Đắk Lắk,Miền Trung,Dây chuyền,Bạc,5,6.03,0,Cưới hỏi,737000.0,30368000.0,4.3,Có,Không,Không,Thẻ tín dụng,Giao hàng nhanh,Online,4,Nửa năm một lần,204.0,590000.0,711068.0,92416.0,1,0,Khách hàng phổ thông / mới,0.4736746487339234
2718,51,Nữ,Lào Cai,Miền Bắc,Bông tai,Vàng 24K,24,5.17,0,Tự mua sắm,11319000.0,24090000.0,4.3,Không,Không,Không,Ví điện tử (Momo/ZaloPay),Giao hàng nhanh,Tại cửa hàng,27,Hàng tháng,32.0,61123000.0,60854059.0,13538509.0,0,3,Khách hàng trung thành,0.5935863808778503
2719,45,Nữ,Nghệ An,Miền Trung,Vòng tay,Vàng 18K,18,12.9,0,Quà tặng người yêu,20555000.0,26790000.0,4.6,Có,Không,Không,Thẻ tín dụng,Giao hàng nhanh,Online,10,Nửa năm một lần,194.0,41110000.0,50396749.0,3464605.0,1,0,Khách hàng phổ thông / mới,0.45443144804371266
2720,25,Nam,TP. Hồ Chí Minh,Miền Nam,Trang sức bộ,Vàng 24K,24,26.33,0,Sinh nhật,54163000.0,24123000.0,3.5,Không,Có,Không,Tiền mặt,Nhận tại cửa hàng,Online,10,Hàng quý,101.0,108326000.0,102909700.0,12035848.0,0,1,Khách hàng VIP (giá trị cao nhất),0.3352216833344381
2721,48,Nam,Nghệ An,Miền Trung,Nhẫn,Bạc,5,3.32,0,Quà tặng gia đình,721000.0,17846000.0,4.6,Không,Không,Có,Tiền mặt,Giao hàng tiêu chuẩn,Online,12,Hàng năm,363.0,1730000.0,1751971.0,63530.0,1,2,Khách hàng có nguy cơ rời bỏ,0.4961727389400161
2722,50,Nữ,Đắk Lắk,Miền Trung,Vòng tay,Bạc,5,17.24,0,Quà tặng người yêu,614000.0,10507000.0,3.6,Không,Có,Không,Tiền mặt,Giao hàng nhanh,Online,28,Hàng quý,101.0,3438000.0,3285697.0,113437.0,0,3,Khách hàng trung thành,0.3878180603217272
2723,23,Nữ,TP. Hồ Chí Minh,Miền Nam,Vòng tay,Vàng 18K,18,11.67,0,Quà tặng gia đình,18809000.0,24635000.0,4.3,Có,Không,Không,Thẻ tín dụng,Giao hàng tiêu chuẩn,Tại cửa hàng,30,Hàng năm,356.0,112854000.0,136011641.0,1763489.0,0,1,Khách hàng VIP (giá trị cao nhất),0.26705521831461526
2724,36,Nữ,Thái Nguyên,Miền Bắc,Dây chuyền,Vàng 24K,24,12.7,0,Quà tặng người yêu,27977000.0,24965000.0,3.9,Không,Không,Không,Thẻ tín dụng,Giao hàng tiêu chuẩn,Tại cửa hàng,10,Hàng quý,84.0,55954000.0,54432051.0,11583894.0,0,0,Khách hàng phổ thông / mới,0.4820876724663016
2725,55,Nữ,Tiền Giang,Miền Nam,Nhẫn,Vàng đính đá quý,18,4.28,1,Quà tặng người yêu,10809000.0,23328000.0,4.8,Không,Có,Không,Chuyển khoản ngân hàng,Giao hàng nhanh,Online,20,Nửa năm một lần,198.0,43236000.0,44277988.0,1463106.0,1,3,Khách hàng trung thành,0.4730593446982215
2726,47,Nữ,Thanh Hóa,Miền Trung,Nhẫn,Vàng 18K,18,5.51,0,Quà tặng người yêu,7916000.0,35887000.0,3.4,Không,Có,Không,Thẻ tín dụng,Giao hàng nhanh,Online,8,Hàng tháng,33.0,12666000.0,11960504.0,7356401.0,0,0,Khách hàng phổ thông / mới,0.5140969388916878
2727,24,Nữ,Huế,Miền Trung,Dây chuyền,Vàng 18K,18,4.24,0,Quà tặng gia đình,6380000.0,15476000.0,4.2,Có,Có,Có,Chuyển khoản ngân hàng,Giao hàng nhanh,Tại cửa hàng,14,Hàng quý,88.0,17864000.0,21406431.0,2940053.0,0,0,Khách hàng phổ thông / mới,0.0863707317162029
2728,19,Nữ,TP. Hồ Chí Minh,Miền Nam,Bông tai,Vàng 24K,24,1.46,0,Tự mua sắm,3821000.0,16937000.0,4.0,Không,Không,Không,Tiền mặt,Giao hàng tiêu chuẩn,Online,22,Hàng tháng,31.0,16812000.0,16450542.0,3361120.0,0,3,Khách hàng trung thành,0.5252055961624852
2729,45,Nam,Gia Lai,Miền Trung,Bông tai,Bạc,5,5.76,0,Tự mua sắm,854000.0,22147000.0,5.0,Không,Không,Không,Ví điện tử (Momo/ZaloPay),Nhận tại cửa hàng,Online,16,Hàng tuần,8.0,2733000.0,2830022.0,2073674.0,0,0,Khách hàng phổ thông / mới,0.5203428717465903
2730,40,Nữ,Đà Nẵng,Miền Trung,Nhẫn,Vàng 18K,18,6.22,0,Cưới hỏi,9664000.0,16919000.0,2.7,Không,Không,Không,Tiền mặt,Giao hàng nhanh,Online,28,Hàng quý,77.0,54118000.0,48944319.0,4769370.0,1,3,Khách hàng trung thành,0.7479206770561101
2731,64,Nữ,TP. Hồ Chí Minh,Miền Nam,Lắc chân,Vàng đính đá quý,18,4.55,1,Lễ/Tết,12989000.0,20197000.0,4.0,Không,Không,Không,Tiền mặt,Giao hàng nhanh,Online,16,Hàng tháng,32.0,41565000.0,40671352.0,16478970.0,0,3,Khách hàng trung thành,0.4664500554609347
2732,43,Nữ,An Giang,Miền Nam,Dây chuyền,Bạc,5,10.17,0,Tự mua sắm,799000.0,27808000.0,3.1,Có,Không,Không,Thẻ tín dụng,Giao hàng nhanh,Tại cửa hàng,24,Hàng năm,348.0,3835000.0,4304404.0,68925.0,1,2,Khách hàng có nguy cơ rời bỏ,0.5325025115470599
2733,62,Nữ,Đồng Nai,Miền Nam,Trang sức bộ,Vàng 24K,24,29.53,1,Tự mua sắm,70950000.0,17188000.0,4.7,Không,Không,Không,Chuyển khoản ngân hàng,Giao hàng nhanh,Online,14,Hàng năm,412.0,198660000.0,202315344.0,6106849.0,1,1,Khách hàng VIP (giá trị cao nhất),0.6413703561265538
2734,28,Nữ,Cần Thơ,Miền Nam,Nhẫn,Bạc,5,5.39,0,Tự mua sắm,703000.0,15625000.0,4.5,Không,Không,Không,Tiền mặt,Giao hàng nhanh,Online,23,Nửa năm một lần,162.0,3234000.0,3256638.0,161620.0,1,3,Khách hàng trung thành,0.6022060343294474
2735,39,Nữ,Hải Dương,Miền Bắc,Lắc chân,Vàng 18K,18,7.04,0,Tự mua sắm,11256000.0,24383000.0,4.2,Có,Không,Không,Tiền mặt,Giao hàng tiêu chuẩn,Online,25,Hàng quý,94.0,56280000.0,67440324.0,3112234.0,0,3,Khách hàng trung thành,0.3213585614615567
2736,24,Nam,Huế,Miền Trung,Trang sức bộ,Vàng 24K,24,30.88,0,Tự mua sắm,61378000.0,10202000.0,3.7,Có,Có,Không,Ví điện tử (Momo/ZaloPay),Giao hàng nhanh,Online,30,Hàng tháng,32.0,368268000.0,428590298.0,52515302.0,0,1,Khách hàng VIP (giá trị cao nhất),0.15500325539647392
2737,45,Nữ,Bình Định,Miền Trung,Lắc chân,Bạc,5,3.46,0,Quà tặng người yêu,675000.0,20127000.0,4.2,Không,Không,Có,Ví điện tử (Momo/ZaloPay),Giao hàng nhanh,Tại cửa hàng,11,Hàng quý,80.0,1485000.0,1470002.0,309207.0,0,0,Khách hàng phổ thông / mới,0.31454611163411117
2738,27,Nữ,Hà Nội,Miền Bắc,Lắc chân,Vàng 24K,24,8.7,0,Lễ/Tết,19292000.0,18680000.0,3.9,Có,Không,Không,Ví điện tử (Momo/ZaloPay),Giao hàng tiêu chuẩn,Online,17,Hàng tháng,33.0,65593000.0,77242317.0,22857557.0,0,3,Khách hàng trung thành,0.24599529046009688
2739,41,Nam,Bình Dương,Miền Nam,Dây chuyền,Vàng đính đá quý,18,8.68,1,Cưới hỏi,18928000.0,24847000.0,3.2,Không,Có,Không,Tiền mặt,Nhận tại cửa hàng,Online,22,Hàng quý,87.0,83283000.0,77694711.0,7188192.0,0,3,Khách hàng trung thành,0.5973619585152313
2740,34,Nữ,Lào Cai,Miền Bắc,Bông tai,Bạc,5,4.24,0,Quà tặng gia đình,783000.0,25663000.0,4.5,Không,Không,Không,Chuyển khoản ngân hàng,Giao hàng nhanh,Tại cửa hàng,27,Hàng năm,314.0,4228000.0,4257596.0,62962.0,1,2,Khách hàng có nguy cơ rời bỏ,0.6153975069518223
2741,26,Nam,Hưng Yên,Miền Bắc,Vòng tay,Vàng 24K,24,9.36,0,Sinh nhật,20886000.0,18441000.0,3.8,Không,Không,Không,Chuyển khoản ngân hàng,Giao hàng tiêu chuẩn,Online,4,Hàng tháng,31.0,16709000.0,16159274.0,27441597.0,0,0,Khách hàng phổ thông / mới,0.4537850434006597
2742,22,Nam,Hải Dương,Miền Bắc,Dây chuyền,Vàng đính đá quý,18,4.95,1,Quà tặng người yêu,12374000.0,18719000.0,3.1,Không,Có,Có,Thẻ tín dụng,Giao hàng tiêu chuẩn,Online,2,Hàng tuần,6.0,4950000.0,4589640.0,33574074.0,0,0,Khách hàng phổ thông / mới,0.2644001264280057
2743,42,Nữ,Hưng Yên,Miền Bắc,Trang sức bộ,Bạc,5,34.35,0,Cưới hỏi,1752000.0,20274000.0,4.2,Không,Có,Có,Tiền mặt,Giao hàng tiêu chuẩn,Online,3,Hàng tháng,34.0,1051000.0,1040385.0,1452627.0,0,0,Khách hàng phổ thông / mới,0.1562350966568351
2744,63,Nữ,Lào Cai,Miền Bắc,Dây chuyền,Vàng 24K,24,13.37,0,Tự mua sắm,28998000.0,19624000.0,2.5,Không,Không,Có,Ví điện tử (Momo/ZaloPay),Giao hàng nhanh,Online,4,Hàng quý,90.0,23198000.0,20715814.0,10261627.0,0,0,Khách hàng phổ thông / mới,0.42111502753232233
2745,27,Nữ,Gia Lai,Miền Trung,Dây chuyền,Bạc,5,13.91,0,Sinh nhật,995000.0,28664000.0,4.3,Không,Không,Không,Ví điện tử (Momo/ZaloPay),Nhận tại cửa hàng,Online,9,Hàng tuần,8.0,1791000.0,1783120.0,3820050.0,0,0,Khách hàng phổ thông / mới,0.5298151260442954
2746,37,Nam,Đắk Lắk,Miền Trung,Trang sức bộ,Vàng đính đá quý,18,29.22,1,Lễ/Tết,49447000.0,23732000.0,3.7,Không,Có,Không,Tiền mặt,Giao hàng nhanh,Online,9,Hàng quý,95.0,89005000.0,85569407.0,18015088.0,0,3,Khách hàng trung thành,0.3484620509536173
2747,28,Nữ,Hải Dương,Miền Bắc,Dây chuyền,Vàng 18K,18,3.78,1,Tự mua sắm,10290000.0,28544000.0,4.1,Không,Không,Không,Chuyển khoản ngân hàng,Giao hàng nhanh,Online,4,Hai tuần một lần,16.0,8232000.0,8101934.0,20734526.0,0,0,Khách hàng phổ thông / mới,0.5382142247502869
2748,56,Nam,Thái Nguyên,Miền Bắc,Nhẫn,Vàng 18K,18,5.58,0,Quà tặng người yêu,9184000.0,15223000.0,2.9,Có,Không,Có,Ví điện tử (Momo/ZaloPay),Giao hàng tiêu chuẩn,Online,29,Hai tuần một lần,14.0,53267000.0,59051796.0,21321153.0,0,3,Khách hàng trung thành,0.24438584888541845
2749,37,Nữ,Cần Thơ,Miền Nam,Dây chuyền,Vàng 18K,18,7.58,0,Sinh nhật,12311000.0,28978000.0,4.3,Không,Không,Có,Chuyển khoản ngân hàng,Giao hàng tiêu chuẩn,Tại cửa hàng,25,Nửa năm một lần,172.0,61555000.0,61284158.0,2164086.0,0,3,Khách hàng trung thành,0.3945160294589722
2750,64,Nữ,Hà Nội,Miền Bắc,Bông tai,Vàng 18K,18,2.67,0,Tự mua sắm,3993000.0,22677000.0,4.3,Không,Có,Không,Tiền mặt,Nhận tại cửa hàng,Online,6,Hàng năm,319.0,4792000.0,4770915.0,413244.0,1,2,Khách hàng có nguy cơ rời bỏ,0.32297580007316884
2751,29,Nam,Khánh Hòa,Miền Trung,Lắc chân,Vàng 24K,24,5.24,0,Lễ/Tết,10636000.0,24529000.0,4.4,Không,Có,Có,Chuyển khoản ngân hàng,Giao hàng tiêu chuẩn,Online,12,Hàng tháng,28.0,25526000.0,25559184.0,6207008.0,0,0,Khách hàng phổ thông / mới,0.15302178188980314
2752,21,Nữ,Khánh Hòa,Miền Trung,Nhẫn,Bạc,5,2.67,1,Sinh nhật,2811000.0,6000000.0,3.7,Có,Không,Không,Ví điện tử (Momo/ZaloPay),Giao hàng nhanh,Online,12,Hàng tháng,34.0,6746000.0,7850995.0,2347873.0,0,0,Khách hàng phổ thông / mới,0.29150709316829115
2753,45,Nam,Đắk Lắk,Miền Trung,Bông tai,Vàng đính đá quý,18,1.7,1,Quà tặng gia đình,6193000.0,32085000.0,4.1,Không,Có,Không,Thẻ tín dụng,Giao hàng nhanh,Tại cửa hàng,26,Hàng tháng,34.0,32204000.0,31695177.0,5701775.0,0,3,Khách hàng trung thành,0.3919643442431306
2754,49,Nữ,Bà Rịa - Vũng Tàu,Miền Nam,Vòng tay,Bạc,5,6.82,0,Quà tặng người yêu,858000.0,24023000.0,3.9,Không,Không,Không,Tiền mặt,Giao hàng tiêu chuẩn,Online,2,Nửa năm một lần,157.0,343000.0,333670.0,129982.0,0,0,Khách hàng phổ thông / mới,0.45044159030700864
2755,65,Nam,Quảng Ngãi,Miền Trung,Bông tai,Vàng 24K,24,4.56,0,Tự mua sắm,10572000.0,34946000.0,3.1,Không,Không,Không,Thẻ tín dụng,Nhận tại cửa hàng,Online,26,Hàng quý,83.0,54974000.0,50971893.0,4086925.0,0,3,Khách hàng trung thành,0.644149024696162
2756,59,Nữ,Tây Ninh,Miền Nam,Bông tai,Vàng 18K,18,5.65,0,Tự mua sắm,9435000.0,29323000.0,2.6,Không,Không,Không,Ví điện tử (Momo/ZaloPay),Giao hàng nhanh,Online,3,Nửa năm một lần,166.0,5661000.0,5087541.0,1642364.0,1,0,Khách hàng phổ thông / mới,0.6767284149211182
2757,60,Nữ,Bà Rịa - Vũng Tàu,Miền Nam,Trang sức bộ,Vàng 24K,24,19.51,0,Sinh nhật,43105000.0,7269000.0,3.5,Có,Không,Có,Chuyển khoản ngân hàng,Giao hàng nhanh,Tại cửa hàng,16,Hàng quý,90.0,137936000.0,158626400.0,18908520.0,0,1,Khách hàng VIP (giá trị cao nhất),0.1598960980185543
2758,48,Nữ,Nam Định,Miền Bắc,Dây chuyền,Vàng 18K,18,4.27,0,Quà tặng người yêu,7367000.0,31531000.0,4.5,Có,Không,Không,Tiền mặt,Giao hàng tiêu chuẩn,Online,18,Hàng năm,360.0,26521000.0,32329099.0,787743.0,0,2,Khách hàng có nguy cơ rời bỏ,0.3020414877730845
2759,35,Nam,Hải Dương,Miền Bắc,Dây chuyền,Bạc,5,5.65,0,Tự mua sắm,320000.0,21408000.0,3.3,Không,Không,Có,Chuyển khoản ngân hàng,Nhận tại cửa hàng,Online,7,Hàng tuần,8.0,448000.0,420493.0,879509.0,0,0,Khách hàng phổ thông / mới,0.5301273020181217
2760,38,Nữ,Thanh Hóa,Miền Trung,Vòng tay,Vàng 18K,18,16.2,0,Cưới hỏi,23979000.0,24773000.0,4.4,Không,Có,Không,Ví điện tử (Momo/ZaloPay),Giao hàng tiêu chuẩn,Online,3,Hàng tháng,29.0,14387000.0,14405703.0,24132363.0,0,0,Khách hàng phổ thông / mới,0.24436124359524106
2761,24,Nữ,Nghệ An,Miền Trung,Dây chuyền,Vàng đính đá quý,18,7.18,1,Quà tặng người yêu,15558000.0,23233000.0,4.1,Có,Có,Không,Tiền mặt,Giao hàng tiêu chuẩn,Online,13,Hàng quý,93.0,40451000.0,48193321.0,4951908.0,0,3,Khách hàng trung thành,0.14914190344046066
2762,38,Nam,Bình Định,Miền Trung,Vòng tay,Vàng 18K,18,14.94,0,Quà tặng người yêu,23815000.0,19589000.0,3.4,Có,Không,Không,Chuyển khoản ngân hàng,Nhận tại cửa hàng,Online,27,Hàng quý,98.0,128601000.0,147003803.0,6697614.0,0,1,Khách hàng VIP (giá trị cao nhất),0.3734356512086585
2763,35,Nam,Nam Định,Miền Bắc,Nhẫn,Bạc,5,2.84,0,Tự mua sắm,300000.0,17269000.0,2.5,Không,Có,Không,Tiền mặt,Giao hàng nhanh,Tại cửa hàng,17,Hai tuần một lần,12.0,1020000.0,910860.0,776328.0,0,0,Khách hàng phổ thông / mới,0.563303275183051
2764,19,Nữ,Nam Định,Miền Bắc,Nhẫn,Vàng đính đá quý,18,6.42,1,Quà tặng người yêu,14215000.0,24079000.0,3.6,Có,Có,Không,Tiền mặt,Nhận tại cửa hàng,Online,27,Hàng năm,397.0,76761000.0,88804801.0,927566.0,1,2,Khách hàng có nguy cơ rời bỏ,0.2220734199166497
2765,27,Nam,Nghệ An,Miền Trung,Trang sức bộ,Bạc,5,26.38,0,Sinh nhật,2183000.0,13795000.0,3.5,Không,Có,Không,Thẻ tín dụng,Giao hàng tiêu chuẩn,Online,11,Nửa năm một lần,193.0,4803000.0,4562850.0,270270.0,0,0,Khách hàng phổ thông / mới,0.42892954845396974
2766,43,Nữ,TP. Hồ Chí Minh,Miền Nam,Nhẫn,Vàng đính đá quý,18,2.94,1,Quà tặng gia đình,9784000.0,20778000.0,2.8,Không,Có,Có,Ví điện tử (Momo/ZaloPay),Nhận tại cửa hàng,Tại cửa hàng,19,Hàng năm,410.0,37179000.0,33836608.0,796147.0,0,2,Khách hàng có nguy cơ rời bỏ,0.40720684036509813
2767,35,Nữ,TP. Hồ Chí Minh,Miền Nam,Vòng tay,Bạch kim,20,18.98,0,Tự mua sắm,35552000.0,29913000.0,4.5,Không,Không,Không,Chuyển khoản ngân hàng,Nhận tại cửa hàng,Tại cửa hàng,27,Hàng năm,416.0,191981000.0,193324867.0,2854369.0,1,1,Khách hàng VIP (giá trị cao nhất),0.6215770072689524
2768,65,Nam,Tây Ninh,Miền Nam,Bông tai,Bạc,5,3.61,0,Sinh nhật,349000.0,13364000.0,4.9,Không,Không,Không,Tiền mặt,Giao hàng nhanh,Online,12,Hàng quý,92.0,838000.0,862972.0,97328.0,0,0,Khách hàng phổ thông / mới,0.4621417530102229
2769,40,Nữ,Thái Nguyên,Miền Bắc,Nhẫn,Vàng 18K,18,2.93,0,Sinh nhật,4307000.0,19008000.0,2.8,Có,Có,Không,Tiền mặt,Giao hàng tiêu chuẩn,Online,30,Hàng năm,391.0,25842000.0,28470131.0,383719.0,0,2,Khách hàng có nguy cơ rời bỏ,0.23200237894319262
2770,64,Nữ,Nghệ An,Miền Trung,Nhẫn,Vàng 18K,18,5.18,0,Quà tặng người yêu,7660000.0,30017000.0,3.1,Có,Có,Không,Chuyển khoản ngân hàng,Nhận tại cửa hàng,Online,27,Nửa năm một lần,209.0,41364000.0,46426954.0,974524.0,1,3,Khách hàng trung thành,0.476545552876284
2771,49,Nữ,Kiên Giang,Miền Nam,Dây chuyền,Vàng đính đá quý,18,8.905000000000001,1,Sinh nhật,19265000.0,15213000.0,4.1,Không,Không,Không,Thẻ tín dụng,Giao hàng tiêu chuẩn,Tại cửa hàng,18,Hàng quý,99.0,69354000.0,68258207.0,6103909.0,0,3,Khách hàng trung thành,0.602629181155555
2772,19,Nữ,TP. Hồ Chí Minh,Miền Nam,Vòng tay,Vàng 24K,24,18.76,0,Quà tặng người yêu,36506000.0,6000000.0,4.9,Có,Có,Không,Thẻ tín dụng,Nhận tại cửa hàng,Online,15,Nửa năm một lần,186.0,109518000.0,136525139.0,6757507.0,0,1,Khách hàng VIP (giá trị cao nhất),0.13412705023435753
2773,27,Nam,Gia Lai,Miền Trung,Dây chuyền,Vàng đính đá quý,18,6.72,1,Quà tặng người yêu,14157000.0,6000000.0,4.8,Có,Không,Không,Thẻ tín dụng,Giao hàng tiêu chuẩn,Online,6,Hàng năm,326.0,16988000.0,21060024.0,1294909.0,0,2,Khách hàng có nguy cơ rời bỏ,0.28400719053380774
2774,51,Nữ,Bình Định,Miền Trung,Bông tai,Vàng 18K,18,5.43,0,Quà tặng người yêu,8622000.0,17769000.0,4.8,Không,Không,Không,Ví điện tử (Momo/ZaloPay),Giao hàng tiêu chuẩn,Online,6,Nửa năm một lần,175.0,10346000.0,10595339.0,1599041.0,1,0,Khách hàng phổ thông / mới,0.5383182391103385
2775,44,Nữ,Hà Nội,Miền Bắc,Nhẫn,Bạc,5,6.33,0,Tự mua sắm,583000.0,32429000.0,3.6,Có,Có,Không,Chuyển khoản ngân hàng,Giao hàng tiêu chuẩn,Tại cửa hàng,27,Nửa năm một lần,203.0,3148000.0,3641921.0,78149.0,0,3,Khách hàng trung thành,0.18100170487194242
2776,32,Nam,An Giang,Miền Nam,Nhẫn,Vàng 18K,18,5.92,0,Quà tặng người yêu,9523000.0,14581000.0,5.0,Không,Không,Không,Ví điện tử (Momo/ZaloPay),Giao hàng tiêu chuẩn,Online,11,Hàng tháng,26.0,20951000.0,21694760.0,10599495.0,0,0,Khách hàng phổ thông / mới,0.4815177762621097
2777,43,Nữ,Quảng Ngãi,Miền Trung,Nhẫn,Vàng đính đá quý,18,2.69,1,Quà tặng người yêu,8885000.0,18564000.0,3.4,Không,Không,Có,Tiền mặt,Nhận tại cửa hàng,Tại cửa hàng,28,Hàng năm,407.0,49756000.0,46984591.0,630646.0,1,2,Khách hàng có nguy cơ rời bỏ,0.6025476083038676
2778,61,Nam,Đắk Lắk,Miền Trung,Dây chuyền,Vàng 24K,24,8.905000000000001,0,Lễ/Tết,9405000.0,22032000.0,2.7,Có,Không,Có,Thẻ tín dụng,Giao hàng nhanh,Tại cửa hàng,11,Hàng quý,94.0,20691000.0,22652507.0,2598229.0,0,0,Khách hàng phổ thông / mới,0.19783964500561865
2779,36,Nữ,Bình Định,Miền Trung,Dây chuyền,Vàng 18K,18,13.37,0,Quà tặng người yêu,18257000.0,27903000.0,4.3,Không,Có,Có,Chuyển khoản ngân hàng,Giao hàng tiêu chuẩn,Online,8,Nửa năm một lần,199.0,29211000.0,29082472.0,2664735.0,1,0,Khách hàng phổ thông / mới,0.292070136508475
2780,20,Nam,Nghệ An,Miền Trung,Trang sức bộ,Vàng đính đá quý,18,24.26,1,Tự mua sắm,39862000.0,25199000.0,3.9,Có,Có,Có,Ví điện tử (Momo/ZaloPay),Giao hàng nhanh,Tại cửa hàng,18,Nửa năm một lần,177.0,143503000.0,168989133.0,4872952.0,0,1,Khách hàng VIP (giá trị cao nhất),0.06135682531037163
2781,32,Nữ,Hải Dương,Miền Bắc,Nhẫn,Vàng 18K,18,7.77,0,Sinh nhật,10935000.0,18846000.0,4.5,Không,Có,Có,Chuyển khoản ngân hàng,Nhận tại cửa hàng,Tại cửa hàng,10,Hàng quý,85.0,21870000.0,22023090.0,3518210.0,0,0,Khách hàng phổ thông / mới,0.1923701684620353
2782,62,Nữ,Bình Dương,Miền Nam,Vòng tay,Vàng 18K,18,12.75,0,Tự mua sắm,20441000.0,25916000.0,4.1,Không,Không,Không,Ví điện tử (Momo/ZaloPay),Giao hàng nhanh,Online,13,Hàng tháng,34.0,53147000.0,52307277.0,17111325.0,0,3,Khách hàng trung thành,0.44334961563759484
2783,54,Nữ,Khánh Hòa,Miền Trung,Vòng tay,Vàng đính đá quý,18,13.87,1,Quà tặng người yêu,24443000.0,28667000.0,4.6,Không,Có,Có,Ví điện tử (Momo/ZaloPay),Nhận tại cửa hàng,Online,14,Nửa năm một lần,187.0,68440000.0,69309188.0,3740515.0,0,3,Khách hàng trung thành,0.2004418227357166
2784,58,Nữ,Hà Nội,Miền Bắc,Bông tai,Bạch kim,20,5.99,0,Quà tặng người yêu,10707000.0,9962000.0,3.4,Có,Có,Có,Chuyển khoản ngân hàng,Giao hàng tiêu chuẩn,Online,25,Hàng tháng,32.0,53535000.0,61195858.0,9601473.0,0,3,Khách hàng trung thành,0.1773546853680838
2785,61,Nữ,Nghệ An,Miền Trung,Bông tai,Vàng 24K,24,4.58,0,Lễ/Tết,10332000.0,19022000.0,3.2,Không,Không,Không,Thẻ tín dụng,Giao hàng nhanh,Online,26,Hàng tháng,34.0,53726000.0,50120985.0,9015118.0,0,3,Khách hàng trung thành,0.6475984915577541
2786,23,Nữ,Tiền Giang,Miền Nam,Nhẫn,Bạc,5,3.84,0,Sinh nhật,452000.0,10975000.0,4.4,Không,Không,Không,Thẻ tín dụng,Nhận tại cửa hàng,Tại cửa hàng,19,Hàng tháng,30.0,1718000.0,1720233.0,491007.0,0,3,Khách hàng trung thành,0.5407541537014445
2787,31,Nữ,Nghệ An,Miền Trung,Bông tai,Vàng 18K,18,5.14,0,Quà tặng người yêu,7643000.0,14774000.0,3.7,Không,Có,Không,Chuyển khoản ngân hàng,Nhận tại cửa hàng,Online,29,Nửa năm một lần,159.0,44329000.0,42617901.0,1669077.0,1,3,Khách hàng trung thành,0.5236073769828303
2788,20,Nữ,Huế,Miền Trung,Dây chuyền,Vàng 24K,24,6.55,0,Cưới hỏi,14372000.0,23751000.0,2.9,Không,Không,Không,Thẻ tín dụng,Giao hàng tiêu chuẩn,Online,8,Hai tuần một lần,13.0,22995000.0,21058821.0,29287115.0,0,0,Khách hàng phổ thông / mới,0.6522580884317186
2789,18,Nữ,Quảng Ngãi,Miền Trung,Bông tai,Bạc,5,3.63,1,Sinh nhật,2741000.0,10678000.0,3.4,Có,Không,Không,Tiền mặt,Giao hàng nhanh,Online,20,Hàng quý,93.0,10964000.0,12532948.0,692698.0,0,3,Khách hàng trung thành,0.3996715889385438
2790,58,Nữ,Đồng Nai,Miền Nam,Nhẫn,Vàng 24K,24,3.05,0,Quà tặng người yêu,6943000.0,37646000.0,4.5,Không,Không,Không,Tiền mặt,Nhận tại cửa hàng,Tại cửa hàng,13,Hàng năm,394.0,18052000.0,18178364.0,429496.0,1,2,Khách hàng có nguy cơ rời bỏ,0.6276278418934236
2791,62,Nam,TP. Hồ Chí Minh,Miền Nam,Bông tai,Vàng 18K,18,5.97,0,Sinh nhật,8871000.0,26333000.0,4.8,Không,Có,Không,Ví điện tử (Momo/ZaloPay),Giao hàng tiêu chuẩn,Tại cửa hàng,13,Hàng quý,90.0,23065000.0,23620866.0,2697681.0,0,0,Khách hàng phổ thông / mới,0.31782027031579857
2792,25,Nữ,Long An,Miền Nam,Bông tai,Vàng 18K,18,5.67,0,Sinh nhật,9583000.0,15408000.0,4.4,Có,Không,Không,Thẻ tín dụng,Giao hàng nhanh,Online,22,Hàng năm,380.0,42165000.0,51108196.0,708628.0,1,2,Khách hàng có nguy cơ rời bỏ,0.3929317283470935
2793,52,Nữ,Hải Phòng,Miền Bắc,Bông tai,Vàng đính đá quý,18,5.37,1,Tự mua sắm,9998000.0,20199000.0,3.8,Không,Có,Không,Ví điện tử (Momo/ZaloPay),Giao hàng nhanh,Online,11,Hàng quý,95.0,21996000.0,21272332.0,2719669.0,0,0,Khách hàng phổ thông / mới,0.4171833788750971
2794,43,Nam,Tiền Giang,Miền Nam,Nhẫn,Bạc,5,4.11,0,Lễ/Tết,602000.0,11562000.0,4.5,Không,Có,Không,Tiền mặt,Giao hàng tiêu chuẩn,Tại cửa hàng,8,Hàng tháng,26.0,963000.0,969741.0,532561.0,0,0,Khách hàng phổ thông / mới,0.3010278313642247
2795,21,Nam,An Giang,Miền Nam,Bông tai,Vàng 24K,24,4.64,0,Sinh nhật,8803000.0,8938000.0,3.0,Không,Có,Có,Ví điện tử (Momo/ZaloPay),Nhận tại cửa hàng,Online,15,Nửa năm một lần,181.0,26409000.0,24335894.0,1339269.0,0,3,Khách hàng trung thành,0.40273056291240356
2796,61,Nữ,Khánh Hòa,Miền Trung,Bông tai,Vàng đính đá quý,18,2.3,1,Lễ/Tết,6376000.0,18962000.0,3.9,Không,Có,Có,Ví điện tử (Momo/ZaloPay),Nhận tại cửa hàng,Online,3,Hàng quý,100.0,3826000.0,3721933.0,1975266.0,0,0,Khách hàng phổ thông / mới,0.12151024154442434
2797,59,Nữ,Quảng Ngãi,Miền Trung,Vòng tay,Bạch kim,20,10.85,0,Sinh nhật,20254000.0,30700000.0,4.0,Không,Không,Không,Thẻ tín dụng,Giao hàng nhanh,Online,17,Hàng năm,317.0,68864000.0,67383424.0,2122080.0,1,2,Khách hàng có nguy cơ rời bỏ,0.6251523257893307
2798,45,Nam,Nam Định,Miền Bắc,Dây chuyền,Vàng 18K,18,12.65,0,Sinh nhật,19816000.0,10852000.0,4.9,Không,Không,Không,Chuyển khoản ngân hàng,Giao hàng nhanh,Tại cửa hàng,22,Hàng tháng,32.0,87190000.0,89788262.0,16713505.0,0,3,Khách hàng trung thành,0.5650168357397365
2799,51,Nữ,Đà Nẵng,Miền Trung,Nhẫn,Vàng đính đá quý,18,1.87,1,Tự mua sắm,6304000.0,29691000.0,2.5,Không,Có,Có,Ví điện tử (Momo/ZaloPay),Giao hàng tiêu chuẩn,Tại cửa hàng,5,Hàng năm,371.0,6304000.0,5629472.0,471862.0,1,2,Khách hàng có nguy cơ rời bỏ,0.5356336155210858
2800,37,Nữ,Thái Nguyên,Miền Bắc,Dây chuyền,Vàng 18K,18,3.59,1,Tự mua sắm,8960000.0,18920000.0,4.9,Không,Có,Có,Chuyển khoản ngân hàng,Nhận tại cửa hàng,Online,13,Hàng quý,96.0,23296000.0,23990221.0,2332944.0,0,0,Khách hàng phổ thông / mới,0.18782834082140729
2801,56,Nữ,Hà Nội,Miền Bắc,Bông tai,Vàng 18K,18,4.31,0,Quà tặng người yêu,6198000.0,23031000.0,4.3,Không,Có,Không,Ví điện tử (Momo/ZaloPay),Nhận tại cửa hàng,Online,9,Hàng năm,408.0,11156000.0,11106914.0,453156.0,0,2,Khách hàng có nguy cơ rời bỏ,0.33493232635229736
2802,39,Nữ,Tây Ninh,Miền Nam,Dây chuyền,Vàng 18K,18,12.3,0,Quà tặng gia đình,19888000.0,20851000.0,2.6,Có,Không,Không,Tiền mặt,Nhận tại cửa hàng,Tại cửa hàng,4,Hàng tháng,33.0,15910000.0,17308489.0,15318874.0,0,0,Khách hàng phổ thông / mới,0.4725381575742977
2803,65,Nữ,Hải Dương,Miền Bắc,Bông tai,Vàng 24K,24,2.92,0,Quà tặng gia đình,5312000.0,27321000.0,3.8,Không,Có,Không,Tiền mặt,Giao hàng nhanh,Tại cửa hàng,4,Nửa năm một lần,200.0,4250000.0,4110175.0,879000.0,1,0,Khách hàng phổ thông / mới,0.4745358731006263
2804,21,Nữ,Gia Lai,Miền Trung,Bông tai,Bạc,5,4.37,0,Cưới hỏi,696000.0,26944000.0,2.7,Không,Không,Có,Tiền mặt,Giao hàng tiêu chuẩn,Online,15,Hai tuần một lần,14.0,2088000.0,1888387.0,1012000.0,0,0,Khách hàng phổ thông / mới,0.6384977625535959
2805,26,Nữ,Vĩnh Phúc,Miền Bắc,Bông tai,Bạc,5,5.51,0,Sinh nhật,300000.0,18058000.0,4.0,Không,Có,Có,Thẻ tín dụng,Giao hàng tiêu chuẩn,Tại cửa hàng,17,Hàng năm,330.0,1020000.0,998070.0,25507.0,0,2,Khách hàng có nguy cơ rời bỏ,0.20648797545432573
2806,64,Nữ,Thanh Hóa,Miền Trung,Bông tai,Vàng đính đá quý,18,1.5,1,Tự mua sắm,4329000.0,25409000.0,3.6,Có,Không,Có,Ví điện tử (Momo/ZaloPay),Giao hàng tiêu chuẩn,Tại cửa hàng,17,Hàng tháng,32.0,14719000.0,17028411.0,4278402.0,0,3,Khách hàng trung thành,0.1379385638339202
2807,31,Nữ,Nghệ An,Miền Trung,Vòng tay,Vàng 18K,18,17.46,0,Quà tặng gia đình,27163000.0,28965000.0,4.4,Có,Không,Không,Ví điện tử (Momo/ZaloPay),Giao hàng tiêu chuẩn,Online,2,Hàng quý,97.0,10865000.0,13169466.0,8678916.0,0,0,Khách hàng phổ thông / mới,0.29043532432292385
2808,32,Nam,Lào Cai,Miền Bắc,Vòng tay,Vàng 24K,24,13.73,0,Tự mua sắm,27971000.0,25619000.0,3.9,Không,Có,Không,Chuyển khoản ngân hàng,Giao hàng tiêu chuẩn,Online,1,Nửa năm một lần,163.0,5594000.0,5441843.0,7643527.0,0,0,Khách hàng phổ thông / mới,0.23519376857810617
2809,55,Nam,Quảng Ngãi,Miền Trung,Nhẫn,Vàng 18K,18,4.25,0,Quà tặng người yêu,6451000.0,18408000.0,4.5,Có,Không,Không,Thẻ tín dụng,Giao hàng nhanh,Tại cửa hàng,4,Hàng quý,97.0,5161000.0,6291259.0,2120778.0,0,0,Khách hàng phổ thông / mới,0.3071886305296305
2810,27,Nữ,Kiên Giang,Miền Nam,Lắc chân,Vàng 24K,24,3.47,0,Tự mua sắm,7759000.0,18254000.0,3.4,Không,Không,Không,Ví điện tử (Momo/ZaloPay),Giao hàng tiêu chuẩn,Online,24,Nửa năm một lần,195.0,37243000.0,35168565.0,977957.0,1,3,Khách hàng trung thành,0.6905444356720354
2811,42,Nữ,Đà Nẵng,Miền Trung,Trang sức bộ,Vàng đính đá quý,18,19.6,1,Quà tặng người yêu,38788000.0,13614000.0,4.6,Không,Không,Có,Chuyển khoản ngân hàng,Giao hàng tiêu chuẩn,Online,20,Nửa năm một lần,184.0,155152000.0,157122430.0,6215459.0,0,1,Khách hàng VIP (giá trị cao nhất),0.3129145243804011
2812,31,Nữ,Tây Ninh,Miền Nam,Vòng tay,Bạc,5,16.91,0,Tự mua sắm,785000.0,32584000.0,4.7,Có,Có,Có,Chuyển khoản ngân hàng,Nhận tại cửa hàng,Online,15,Hàng tháng,33.0,2355000.0,2903244.0,485469.0,0,0,Khách hàng phổ thông / mới,0.07532831762289502
2813,27,Nữ,TP. Hồ Chí Minh,Miền Nam,Trang sức bộ,Bạch kim,20,23.55,0,Tự mua sắm,44320000.0,21765000.0,4.1,Không,Không,Không,Tiền mặt,Giao hàng nhanh,Online,1,Nửa năm một lần,204.0,8864000.0,8723949.0,6423089.0,0,0,Khách hàng phổ thông / mới,0.3985720403668504
2814,64,Nữ,Gia Lai,Miền Trung,Trang sức bộ,Bạch kim,20,14.41,0,Tự mua sắm,25422000.0,12016000.0,3.8,Không,Có,Không,Tiền mặt,Nhận tại cửa hàng,Online,1,Hàng quý,81.0,5084000.0,4916736.0,8003692.0,0,0,Khách hàng phổ thông / mới,0.32986149827474587
2815,27,Nữ,Hải Dương,Miền Bắc,Vòng tay,Vàng 18K,18,8.48,0,Quà tặng người yêu,13597000.0,13741000.0,5.0,Có,Không,Không,Chuyển khoản ngân hàng,Giao hàng tiêu chuẩn,Online,12,Nửa năm một lần,164.0,32633000.0,40905466.0,2897082.0,0,0,Khách hàng phổ thông / mới,0.305262484228865
2816,22,Nữ,Hà Nội,Miền Bắc,Bông tai,Vàng 24K,24,5.24,0,Sinh nhật,11763000.0,18245000.0,4.5,Không,Không,Không,Chuyển khoản ngân hàng,Giao hàng nhanh,Tại cửa hàng,26,Hàng tháng,26.0,61168000.0,61596176.0,12230119.0,0,3,Khách hàng trung thành,0.560783383483434
2817,50,Nam,Long An,Miền Nam,Bông tai,Vàng 18K,18,3.16,1,Tự mua sắm,10428000.0,30394000.0,4.6,Không,Không,Có,Thẻ tín dụng,Giao hàng nhanh,Online,4,Hàng quý,101.0,8342000.0,8447943.0,3032324.0,0,0,Khách hàng phổ thông / mới,0.36692586523728193
2818,59,Nữ,Đắk Lắk,Miền Trung,Nhẫn,Bạch kim,20,2.12,0,Cưới hỏi,4739000.0,20203000.0,2.5,Không,Không,Không,Chuyển khoản ngân hàng,Nhận tại cửa hàng,Tại cửa hàng,18,Hàng năm,328.0,17060000.0,15234580.0,383859.0,1,2,Khách hàng có nguy cơ rời bỏ,0.7420801524654678
2819,24,Nữ,Huế,Miền Trung,Nhẫn,Vàng 18K,18,7.83,0,Quà tặng người yêu,11727000.0,23668000.0,4.6,Có,Có,Có,Chuyển khoản ngân hàng,Giao hàng nhanh,Tại cửa hàng,18,Hàng năm,369.0,42217000.0,51753820.0,1251827.0,0,2,Khách hàng có nguy cơ rời bỏ,0.09141324141421973
2820,51,Nữ,Cần Thơ,Miền Nam,Dây chuyền,Vàng 24K,24,6.04,0,Cưới hỏi,13565000.0,16058000.0,3.0,Không,Không,Không,Tiền mặt,Nhận tại cửa hàng,Online,29,Hàng năm,320.0,78677000.0,72500856.0,1198183.0,1,2,Khách hàng có nguy cơ rời bỏ,0.7734296541552472
2821,43,Nam,Vĩnh Phúc,Miền Bắc,Bông tai,Bạc,5,4.98,1,Lễ/Tết,5059000.0,25090000.0,3.8,Có,Không,Có,Ví điện tử (Momo/ZaloPay),Nhận tại cửa hàng,Tại cửa hàng,9,Nửa năm một lần,187.0,9106000.0,10660394.0,1079320.0,0,0,Khách hàng phổ thông / mới,0.14464694099445527
2822,57,Nữ,Đồng Nai,Miền Nam,Dây chuyền,Vàng 24K,24,3.15,0,Sinh nhật,6505000.0,30528000.0,4.3,Không,Có,Có,Chuyển khoản ngân hàng,Giao hàng tiêu chuẩn,Tại cửa hàng,9,Hai tuần một lần,14.0,11709000.0,11657480.0,15982051.0,0,0,Khách hàng phổ thông / mới,0.18279954435897094
2823,24,Nữ,Lào Cai,Miền Bắc,Bông tai,Bạc,5,2.28,0,Tự mua sắm,300000.0,24968000.0,3.5,Không,Có,Có,Tiền mặt,Giao hàng tiêu chuẩn,Online,19,Hàng quý,83.0,1140000.0,1083000.0,117843.0,0,3,Khách hàng trung thành,0.31114683927849873
2824,64,Nữ,Tiền Giang,Miền Nam,Bông tai,Vàng 24K,24,2.69,0,Sinh nhật,6293000.0,6000000.0,3.1,Không,Không,Có,Tiền mặt,Giao hàng tiêu chuẩn,Online,13,Hàng tháng,32.0,16362000.0,15170846.0,6291261.0,0,0,Khách hàng phổ thông / mới,0.4177519084891672
2825,47,Nam,Hưng Yên,Miền Bắc,Bông tai,Bạc,5,5.3,0,Lễ/Tết,592000.0,19752000.0,3.8,Không,Có,Không,Ví điện tử (Momo/ZaloPay),Nhận tại cửa hàng,Tại cửa hàng,6,Nửa năm một lần,180.0,710000.0,686641.0,105661.0,0,0,Khách hàng phổ thông / mới,0.297858406487605
2826,58,Nữ,Bắc Ninh,Miền Bắc,Dây chuyền,Vàng 18K,18,11.98,0,Sinh nhật,19158000.0,14076000.0,3.2,Có,Không,Không,Thẻ tín dụng,Nhận tại cửa hàng,Online,20,Hàng tháng,30.0,76632000.0,86540518.0,12510537.0,0,3,Khách hàng trung thành,0.3745534349729979
2827,35,Nữ,TP. Hồ Chí Minh,Miền Nam,Vòng tay,Vàng đính đá quý,18,9.62,1,Quà tặng người yêu,16473000.0,24799000.0,4.0,Không,Có,Không,Tiền mặt,Giao hàng nhanh,Online,29,Hàng năm,416.0,95543000.0,93488826.0,1128322.0,1,2,Khách hàng có nguy cơ rời bỏ,0.448028719505016
2828,63,Nữ,Quảng Ninh,Miền Bắc,Nhẫn,Bạc,5,6.62,0,Quà tặng người yêu,650000.0,22272000.0,2.8,Không,Không,Không,Tiền mặt,Nhận tại cửa hàng,Online,28,Hàng tháng,28.0,3640000.0,3312764.0,802375.0,1,3,Khách hàng trung thành,0.7101764073350476
2829,48,Nam,Kiên Giang,Miền Nam,Dây chuyền,Vàng 24K,24,12.72,0,Quà tặng người yêu,27930000.0,32862000.0,3.5,Không,Không,Không,Tiền mặt,Nhận tại cửa hàng,Online,4,Hai tuần một lần,16.0,22344000.0,21226800.0,51907827.0,0,0,Khách hàng phổ thông / mới,0.5479377710578048
2830,24,Nam,TP. Hồ Chí Minh,Miền Nam,Nhẫn,Bạch kim,20,4.83,0,Lễ/Tết,8487000.0,17113000.0,4.0,Không,Có,Không,Chuyển khoản ngân hàng,Giao hàng tiêu chuẩn,Online,24,Hàng năm,402.0,40738000.0,39862133.0,473160.0,0,2,Khách hàng có nguy cơ rời bỏ,0.31880420133549964
2831,62,Nam,Nam Định,Miền Bắc,Nhẫn,Bạch kim,20,4.8,0,Tự mua sắm,8337000.0,22230000.0,5.0,Có,Có,Có,Thẻ tín dụng,Nhận tại cửa hàng,Tại cửa hàng,22,Hàng tháng,27.0,36683000.0,45982140.0,9175954.0,0,3,Khách hàng trung thành,0.09004359102423086
2832,56,Nữ,Nam Định,Miền Bắc,Nhẫn,Bạc,5,4.81,0,Tự mua sắm,749000.0,20498000.0,3.7,Không,Có,Không,Chuyển khoản ngân hàng,Giao hàng nhanh,Online,20,Hàng tuần,7.0,2996000.0,2880354.0,2936243.0,0,3,Khách hàng trung thành,0.40626783281648254
2833,32,Nữ,Tiền Giang,Miền Nam,Vòng tay,Vàng đính đá quý,18,7.51,1,Tự mua sắm,19194000.0,24951000.0,3.6,Có,Không,Không,Tiền mặt,Giao hàng nhanh,Tại cửa hàng,14,Hàng quý,85.0,53743000.0,62175277.0,8294792.0,0,3,Khách hàng trung thành,0.2851255684738976
2834,44,Nam,Gia Lai,Miền Trung,Dây chuyền,Bạch kim,20,12.75,0,Lễ/Tết,21218000.0,13839000.0,5.0,Không,Có,Không,Tiền mặt,Giao hàng tiêu chuẩn,Online,24,Hàng năm,390.0,101846000.0,105461533.0,1613938.0,0,1,Khách hàng VIP (giá trị cao nhất),0.31047059420612544
2835,36,Nữ,An Giang,Miền Nam,Dây chuyền,Vàng 24K,24,11.58,0,Quà tặng gia đình,21851000.0,13159000.0,4.8,Không,Có,Không,Thẻ tín dụng,Nhận tại cửa hàng,Tại cửa hàng,18,Hàng tháng,28.0,78664000.0,80559802.0,27421309.0,0,3,Khách hàng trung thành,0.3109856891375159
2836,44,Nam,Hải Phòng,Miền Bắc,Lắc chân,Vàng 18K,18,10.64,0,Tự mua sắm,16955000.0,16697000.0,4.2,Không,Không,Có,Ví điện tử (Momo/ZaloPay),Giao hàng nhanh,Tại cửa hàng,3,Hàng quý,84.0,10173000.0,10070253.0,5655878.0,0,0,Khách hàng phổ thông / mới,0.34529284169832125
2837,64,Nữ,Tiền Giang,Miền Nam,Vòng tay,Vàng 18K,18,17.24,0,Cưới hỏi,27503000.0,25933000.0,3.9,Không,Không,Có,Chuyển khoản ngân hàng,Giao hàng tiêu chuẩn,Online,4,Hàng tháng,32.0,22002000.0,21403546.0,17876171.0,0,0,Khách hàng phổ thông / mới,0.21684257156363568
2838,61,Nữ,Khánh Hòa,Miền Trung,Trang sức bộ,Bạc,5,29.64,0,Quà tặng người yêu,1670000.0,28934000.0,3.2,Không,Có,Không,Ví điện tử (Momo/ZaloPay),Giao hàng nhanh,Online,22,Hàng quý,97.0,7348000.0,6854949.0,430548.0,0,3,Khách hàng trung thành,0.47800904761174506
2839,28,Nam,TP. Hồ Chí Minh,Miền Nam,Bông tai,Vàng đính đá quý,18,4.9,1,Tự mua sắm,12162000.0,19029000.0,4.1,Không,Không,Không,Tiền mặt,Giao hàng tiêu chuẩn,Tại cửa hàng,13,Hàng quý,96.0,31621000.0,31121388.0,4869817.0,0,0,Khách hàng phổ thông / mới,0.5463407691080682
2840,64,Nam,Nghệ An,Miền Trung,Nhẫn,Bạc,5,7.64,0,Tự mua sắm,509000.0,25981000.0,4.6,Có,Không,Không,Thẻ tín dụng,Giao hàng tiêu chuẩn,Tại cửa hàng,18,Nửa năm một lần,182.0,1832000.0,2245849.0,79763.0,0,3,Khách hàng trung thành,0.21963083567304906
2841,39,Nam,Hà Nội,Miền Bắc,Trang sức bộ,Vàng 18K,18,25.14,0,Tự mua sắm,40113000.0,23896000.0,5.0,Có,Không,Có,Thẻ tín dụng,Giao hàng nhanh,Online,25,Hàng quý,97.0,200565000.0,251408228.0,11862583.0,0,1,Khách hàng VIP (giá trị cao nhất),0.1188917753539027
2842,51,Nam,Kiên Giang,Miền Nam,Lắc chân,Vàng đính đá quý,18,10.45,1,Cưới hỏi,24178000.0,20657000.0,2.9,Không,Không,Có,Tiền mặt,Nhận tại cửa hàng,Tại cửa hàng,9,Hàng năm,375.0,43520000.0,39855616.0,1829847.0,1,2,Khách hàng có nguy cơ rời bỏ,0.7170480005081522
2843,54,Nữ,Tây Ninh,Miền Nam,Bông tai,Bạc,5,5.01,0,Tự mua sắm,450000.0,20671000.0,3.2,Không,Không,Không,Thẻ tín dụng,Giao hàng tiêu chuẩn,Online,27,Nửa năm một lần,202.0,2430000.0,2266947.0,89738.0,1,3,Khách hàng trung thành,0.7436655893432264
2844,41,Nam,Thanh Hóa,Miền Trung,Vòng tay,Vàng 18K,18,9.05,0,Sinh nhật,14870000.0,25798000.0,4.7,Không,Không,Không,Thẻ tín dụng,Giao hàng nhanh,Tại cửa hàng,8,Nửa năm một lần,193.0,23792000.0,24229773.0,2987882.0,1,0,Khách hàng phổ thông / mới,0.4769300402041583
2845,39,Nam,Tiền Giang,Miền Nam,Dây chuyền,Vàng đính đá quý,18,9.79,1,Cưới hỏi,21696000.0,33749000.0,4.7,Không,Không,Có,Thẻ tín dụng,Giao hàng tiêu chuẩn,Tại cửa hàng,14,Hàng quý,93.0,60749000.0,61866782.0,9793857.0,0,3,Khách hàng trung thành,0.34898056809757416
2846,39,Nữ,Quảng Ninh,Miền Bắc,Vòng tay,Vàng 18K,18,15.95,0,Lễ/Tết,22166000.0,27256000.0,4.3,Không,Có,Không,Tiền mặt,Nhận tại cửa hàng,Tại cửa hàng,9,Hàng tháng,31.0,39899000.0,39723444.0,20836866.0,0,0,Khách hàng phổ thông / mới,0.2376874534994621
2847,59,Nữ,Quảng Ninh,Miền Bắc,Bông tai,Bạc,5,1.52,0,Tự mua sắm,398000.0,29960000.0,2.8,Không,Không,Không,Thẻ tín dụng,Nhận tại cửa hàng,Online,21,Hàng tháng,28.0,1672000.0,1521687.0,449120.0,0,3,Khách hàng trung thành,0.6979265246219742
2848,36,Nam,Hà Nội,Miền Bắc,Vòng tay,Vàng 18K,18,12.96,0,Cưới hỏi,20439000.0,34434000.0,4.3,Không,Không,Có,Ví điện tử (Momo/ZaloPay),Giao hàng nhanh,Online,4,Hàng quý,92.0,16351000.0,16279056.0,4845405.0,0,0,Khách hàng phổ thông / mới,0.3128271344072783
2849,31,Nữ,Nghệ An,Miền Trung,Nhẫn,Vàng đính đá quý,18,1.52,1,Cưới hỏi,4565000.0,14973000.0,3.7,Có,Có,Có,Tiền mặt,Nhận tại cửa hàng,Online,11,Hàng tháng,34.0,10043000.0,11688043.0,5098762.0,0,0,Khách hàng phổ thông / mới,0.119757853178557
2850,35,Nữ,Hà Nội,Miền Bắc,Nhẫn,Vàng 18K,18,3.06,0,Tự mua sắm,4998000.0,25010000.0,3.4,Có,Không,Có,Ví điện tử (Momo/ZaloPay),Giao hàng nhanh,Online,9,Hàng tháng,34.0,8996000.0,10283328.0,3483017.0,0,0,Khách hàng phổ thông / mới,0.295440557468131
2851,27,Nữ,Nghệ An,Miền Trung,Nhẫn,Vàng 18K,18,4.66,0,Sinh nhật,7677000.0,29814000.0,3.1,Có,Không,Không,Chuyển khoản ngân hàng,Giao hàng nhanh,Online,22,Hàng quý,80.0,33779000.0,37913550.0,2991208.0,0,3,Khách hàng trung thành,0.42993383091618387
2852,36,Nữ,Bắc Ninh,Miền Bắc,Dây chuyền,Bạc,5,6.68,0,Quà tặng người yêu,629000.0,26734000.0,3.3,Có,Có,Có,Tiền mặt,Giao hàng tiêu chuẩn,Online,3,Hàng tháng,29.0,377000.0,428347.0,522169.0,0,0,Khách hàng phổ thông / mới,0.16161484062005194
2853,23,Nam,TP. Hồ Chí Minh,Miền Nam,Dây chuyền,Vàng đính đá quý,18,12.25,1,Tự mua sắm,21608000.0,15187000.0,3.8,Có,Có,Không,Thẻ tín dụng,Nhận tại cửa hàng,Online,20,Hàng tháng,28.0,86432000.0,101185942.0,20697469.0,0,3,Khách hàng trung thành,0.17736262148740642
2854,22,Nam,Cần Thơ,Miền Nam,Lắc chân,Vàng 24K,24,8.74,0,Tự mua sắm,17079000.0,13742000.0,2.9,Không,Có,Không,Chuyển khoản ngân hàng,Giao hàng tiêu chuẩn,Online,21,Hàng quý,97.0,71732000.0,65692166.0,4486104.0,0,3,Khách hàng trung thành,0.4867622180193955
2855,52,Nữ,TP. Hồ Chí Minh,Miền Nam,Nhẫn,Vàng 24K,24,3.24,0,Quà tặng người yêu,6270000.0,20389500.0,3.8,Có,Có,Có,Thẻ tín dụng,Nhận tại cửa hàng,Online,22,Nửa năm một lần,185.0,27588000.0,32297272.0,905506.0,0,3,Khách hàng trung thành,0.102741071664923
2856,21,Nữ,Thái Nguyên,Miền Bắc,Dây chuyền,Vàng đính đá quý,18,3.2,1,Sinh nhật,8383000.0,22170000.0,2.6,Không,Không,Có,Thẻ tín dụng,Nhận tại cửa hàng,Online,16,Hàng tháng,33.0,26826000.0,24108526.0,6881360.0,0,3,Khách hàng trung thành,0.5011742125188461
2857,45,Nữ,Bình Dương,Miền Nam,Nhẫn,Bạch kim,20,3.16,0,Tự mua sắm,5870000.0,22839000.0,3.5,Không,Có,Có,Chuyển khoản ngân hàng,Nhận tại cửa hàng,Online,20,Nửa năm một lần,162.0,23480000.0,22306000.0,979759.0,0,3,Khách hàng trung thành,0.3026769007322964
2858,55,Nam,Hải Dương,Miền Bắc,Vòng tay,Vàng 18K,18,12.79,0,Cưới hỏi,20092000.0,21436000.0,4.9,Không,Không,Không,Tiền mặt,Giao hàng nhanh,Tại cửa hàng,4,Hàng tuần,7.0,16074000.0,16553005.0,69317406.0,0,0,Khách hàng phổ thông / mới,0.4377230499025772
2859,52,Nữ,Bình Dương,Miền Nam,Vòng tay,Vàng 18K,18,16.43,0,Cưới hỏi,23003000.0,31691000.0,4.3,Không,Có,Không,Ví điện tử (Momo/ZaloPay),Giao hàng nhanh,Online,17,Hàng năm,363.0,78210000.0,77865876.0,1522998.0,0,2,Khách hàng có nguy cơ rời bỏ,0.3197403366961239
2860,39,Nam,Đắk Lắk,Miền Trung,Vòng tay,Vàng 18K,18,14.05,0,Cưới hỏi,22064000.0,27159000.0,2.7,Không,Không,Không,Thẻ tín dụng,Giao hàng tiêu chuẩn,Online,21,Hàng quý,92.0,92669000.0,83809844.0,7480397.0,0,3,Khách hàng trung thành,0.6754484001888328
2861,27,Nữ,Thanh Hóa,Miền Trung,Trang sức bộ,Bạc,5,11.4,0,Sinh nhật,1310000.0,18318000.0,4.2,Có,Không,Không,Thẻ tín dụng,Giao hàng tiêu chuẩn,Online,8,Hàng quý,99.0,2096000.0,2511637.0,483998.0,0,0,Khách hàng phổ thông / mới,0.2839374064174659
2862,62,Nữ,Hà Nội,Miền Bắc,Trang sức bộ,Bạc,5,21.66,0,Lễ/Tết,2186000.0,28100000.0,3.0,Không,Có,Không,Tiền mặt,Nhận tại cửa hàng,Tại cửa hàng,6,Nửa năm một lần,201.0,2623000.0,2417094.0,296129.0,0,0,Khách hàng phổ thông / mới,0.4498156870520464
2863,58,Nữ,Cần Thơ,Miền Nam,Lắc chân,Bạch kim,20,11.64,0,Sinh nhật,19668000.0,22727000.0,3.7,Không,Có,Không,Ví điện tử (Momo/ZaloPay),Giao hàng tiêu chuẩn,Online,9,Hàng quý,77.0,35402000.0,34035483.0,6672621.0,0,0,Khách hàng phổ thông / mới,0.35186891242794727
2864,47,Nam,Tiền Giang,Miền Nam,Lắc chân,Vàng 24K,24,11.14,0,Quà tặng gia đình,21433000.0,26923000.0,3.2,Không,Có,Có,Tiền mặt,Nhận tại cửa hàng,Tại cửa hàng,15,Hàng quý,100.0,64299000.0,59984537.0,6163095.0,0,3,Khách hàng trung thành,0.3039721839656055
2865,22,Nữ,TP. Hồ Chí Minh,Miền Nam,Dây chuyền,Bạch kim,20,11.91,0,Cưới hỏi,20109000.0,28813000.0,4.8,Không,Có,Không,Ví điện tử (Momo/ZaloPay),Nhận tại cửa hàng,Online,2,Hàng quý,103.0,8044000.0,8237860.0,7100725.0,0,0,Khách hàng phổ thông / mới,0.3064255260618533
2866,19,Nữ,Kiên Giang,Miền Nam,Vòng tay,Vàng 24K,24,9.26,0,Tự mua sắm,20378000.0,27795000.0,2.6,Không,Không,Không,Thẻ tín dụng,Giao hàng tiêu chuẩn,Online,28,Hàng năm,394.0,114117000.0,102556948.0,1605837.0,1,1,Khách hàng VIP (giá trị cao nhất),0.6456994496131127
2867,33,Nữ,Tiền Giang,Miền Nam,Dây chuyền,Vàng đính đá quý,18,3.27,1,Sinh nhật,8616000.0,7900000.0,4.7,Không,Không,Không,Tiền mặt,Nhận tại cửa hàng,Tại cửa hàng,20,Hàng năm,332.0,34464000.0,35098138.0,704110.0,1,2,Khách hàng có nguy cơ rời bỏ,0.5987577423822763
2868,25,Nữ,Thái Nguyên,Miền Bắc,Bông tai,Vàng 24K,24,3.28,1,Tự mua sắm,9034000.0,23096000.0,4.3,Có,Không,Không,Thẻ tín dụng,Giao hàng tiêu chuẩn,Online,23,Hàng quý,85.0,41556000.0,50083291.0,3466179.0,0,3,Khách hàng trung thành,0.2479349861116977
2869,59,Nữ,TP. Hồ Chí Minh,Miền Nam,Nhẫn,Vàng 24K,24,3.93,0,Lễ/Tết,8617000.0,31887000.0,3.4,Không,Không,Không,Chuyển khoản ngân hàng,Giao hàng tiêu chuẩn,Tại cửa hàng,26,Hàng năm,321.0,44808000.0,42312194.0,645540.0,1,2,Khách hàng có nguy cơ rời bỏ,0.6846381816185073
2870,27,Nam,Thanh Hóa,Miền Trung,Nhẫn,Vàng 24K,24,5.89,1,Sinh nhật,18108000.0,14588000.0,4.7,Không,Không,Không,Thẻ tín dụng,Giao hàng nhanh,Online,18,Hàng tháng,34.0,65189000.0,66388478.0,17937221.0,0,3,Khách hàng trung thành,0.5172489701560733
2871,31,Nam,Quảng Nam,Miền Trung,Nhẫn,Vàng 18K,18,1.96,0,Sinh nhật,2877000.0,33785000.0,3.5,Không,Có,Không,Ví điện tử (Momo/ZaloPay),Giao hàng tiêu chuẩn,Tại cửa hàng,24,Hàng quý,88.0,13810000.0,13119500.0,1052932.0,0,3,Khách hàng trung thành,0.4507866203467298
2872,64,Nữ,Quảng Ninh,Miền Bắc,Vòng tay,Vàng 18K,18,18.85,0,Quà tặng gia đình,29645000.0,26185000.0,4.2,Không,Không,Không,Chuyển khoản ngân hàng,Giao hàng tiêu chuẩn,Online,18,Hàng quý,101.0,106722000.0,105644108.0,8317575.0,0,1,Khách hàng VIP (giá trị cao nhất),0.43047176931943604
2873,57,Nam,Tây Ninh,Miền Nam,Bông tai,Bạc,5,4.68,0,Quà tặng gia đình,609000.0,28129000.0,4.5,Không,Không,Không,Ví điện tử (Momo/ZaloPay),Giao hàng nhanh,Online,24,Hàng quý,97.0,2923000.0,2943461.0,159920.0,0,3,Khách hàng trung thành,0.5401949243683538
2874,28,Nữ,TP. Hồ Chí Minh,Miền Nam,Nhẫn,Vàng đính đá quý,18,7.81,1,Quà tặng gia đình,19374000.0,26383000.0,3.2,Có,Không,Có,Thẻ tín dụng,Nhận tại cửa hàng,Online,2,Hàng năm,349.0,7750000.0,8752075.0,1399587.0,0,2,Khách hàng có nguy cơ rời bỏ,0.4108041532253865
2875,36,Nữ,Hưng Yên,Miền Bắc,Vòng tay,Bạc,5,17.98,0,Quà tặng người yêu,1204000.0,10749000.0,2.7,Không,Có,Không,Tiền mặt,Giao hàng tiêu chuẩn,Tại cửa hàng,25,Hàng năm,339.0,6020000.0,5444488.0,116806.0,0,2,Khách hàng có nguy cơ rời bỏ,0.5229945090196205
2876,42,Nam,Thanh Hóa,Miền Trung,Dây chuyền,Bạc,5,8.16,0,Quà tặng người yêu,367000.0,27488000.0,4.7,Không,Có,Không,Thẻ tín dụng,Giao hàng nhanh,Online,13,Hàng năm,360.0,954000.0,971554.0,37349.0,0,2,Khách hàng có nguy cơ rời bỏ,0.3242275991831453
2877,49,Nam,Huế,Miền Trung,Bông tai,Vàng 18K,18,4.31,1,Sinh nhật,8661000.0,24392000.0,3.1,Không,Có,Không,Chuyển khoản ngân hàng,Giao hàng nhanh,Tại cửa hàng,15,Nửa năm một lần,173.0,25983000.0,24091438.0,1329616.0,1,3,Khách hàng trung thành,0.6408435055035633
2878,62,Nam,TP. Hồ Chí Minh,Miền Nam,Nhẫn,Bạch kim,20,7.0,0,Tự mua sắm,11458000.0,18584000.0,4.8,Không,Có,Có,Thẻ tín dụng,Giao hàng tiêu chuẩn,Online,10,Hàng quý,92.0,22916000.0,23468276.0,4044585.0,0,0,Khách hàng phổ thông / mới,0.13705001337788678
2879,59,Nam,Tiền Giang,Miền Nam,Nhẫn,Vàng 24K,24,2.83,0,Quà tặng người yêu,5767000.0,32905000.0,3.3,Không,Có,Không,Ví điện tử (Momo/ZaloPay),Giao hàng tiêu chuẩn,Online,13,Nửa năm một lần,156.0,14994000.0,14073368.0,692412.0,1,0,Khách hàng phổ thông / mới,0.5938609903980678
2880,64,Nữ,Lào Cai,Miền Bắc,Bông tai,Vàng 18K,18,1.05,0,Cưới hỏi,1658000.0,8576000.0,3.5,Có,Không,Có,Ví điện tử (Momo/ZaloPay),Giao hàng nhanh,Online,15,Hai tuần một lần,15.0,4974000.0,5720100.0,2967053.0,0,0,Khách hàng phổ thông / mới,0.17967593445710606
2881,19,Nữ,Đà Nẵng,Miền Trung,Vòng tay,Vàng 24K,24,9.61,0,Tự mua sắm,18129000.0,14852000.0,3.6,Không,Có,Không,Tiền mặt,Nhận tại cửa hàng,Tại cửa hàng,12,Hàng năm,407.0,43510000.0,41582507.0,1328819.0,0,2,Khách hàng có nguy cơ rời bỏ,0.3062762965835347
2882,29,Nam,Gia Lai,Miền Trung,Lắc chân,Vàng 24K,24,6.94,0,Quà tặng người yêu,15492000.0,29914000.0,3.7,Có,Không,Không,Tiền mặt,Giao hàng tiêu chuẩn,Tại cửa hàng,29,Hàng tuần,6.0,89854000.0,104572085.0,38865880.0,0,1,Khách hàng VIP (giá trị cao nhất),0.30235941450565373
2883,45,Nữ,Nghệ An,Miền Trung,Vòng tay,Bạc,5,14.37,0,Tự mua sắm,986000.0,27763000.0,4.9,Có,Có,Không,Thẻ tín dụng,Giao hàng nhanh,Online,16,Hàng năm,348.0,3155000.0,3933023.0,70671.0,0,2,Khách hàng có nguy cơ rời bỏ,0.152161331850737
2884,20,Nữ,Khánh Hòa,Miền Trung,Trang sức bộ,Vàng 24K,24,16.59,0,Cưới hỏi,37042000.0,15437000.0,3.1,Có,Không,Không,Chuyển khoản ngân hàng,Giao hàng nhanh,Tại cửa hàng,24,Nửa năm một lần,205.0,177802000.0,199564965.0,4769201.0,1,1,Khách hàng VIP (giá trị cao nhất),0.5864635919619894
2885,35,Nữ,Hải Phòng,Miền Bắc,Dây chuyền,Vàng 24K,24,8.3,0,Lễ/Tết,17450000.0,15115000.0,4.0,Không,Có,Không,Tiền mặt,Nhận tại cửa hàng,Online,29,Hai tuần một lần,15.0,101210000.0,99033985.0,36735555.0,0,1,Khách hàng VIP (giá trị cao nhất),0.33517743395878197
2886,25,Nữ,Quảng Ninh,Miền Bắc,Dây chuyền,Bạch kim,20,10.78,0,Cưới hỏi,18041000.0,18367000.0,3.2,Không,Có,Không,Tiền mặt,Giao hàng tiêu chuẩn,Tại cửa hàng,19,Hàng tháng,26.0,68556000.0,63955892.0,20114621.0,0,3,Khách hàng trung thành,0.5321131564975154
2887,62,Nữ,Huế,Miền Trung,Trang sức bộ,Vàng 24K,24,30.61,0,Tự mua sắm,59406000.0,24462000.0,2.8,Có,Có,Không,Thẻ tín dụng,Nhận tại cửa hàng,Online,11,Hàng quý,88.0,130693000.0,143984478.0,12092869.0,0,1,Khách hàng VIP (giá trị cao nhất),0.1698283456906714
2888,21,Nữ,An Giang,Miền Nam,Nhẫn,Bạc,5,2.98,0,Sinh nhật,662000.0,16855000.0,3.2,Không,Có,Có,Thẻ tín dụng,Nhận tại cửa hàng,Online,22,Hàng tháng,27.0,2913000.0,2717538.0,454775.0,0,3,Khách hàng trung thành,0.41491625480829736
2889,25,Nữ,Thanh Hóa,Miền Trung,Bông tai,Vàng 18K,18,5.0,0,Cưới hỏi,7297000.0,19598000.0,3.9,Không,Có,Có,Ví điện tử (Momo/ZaloPay),Giao hàng nhanh,Online,1,Hàng năm,336.0,1459000.0,1419315.0,580349.0,0,2,Khách hàng có nguy cơ rời bỏ,0.16270265932690228
2890,27,Nữ,Hải Dương,Miền Bắc,Nhẫn,Vàng đính đá quý,18,7.6,1,Sinh nhật,18227000.0,20969000.0,4.0,Không,Không,Không,Chuyển khoản ngân hàng,Nhận tại cửa hàng,Tại cửa hàng,22,Hàng tháng,32.0,80199000.0,78474722.0,18495568.0,0,3,Khách hàng trung thành,0.5397284156361203
2891,25,Nữ,TP. Hồ Chí Minh,Miền Nam,Vòng tay,Bạc,5,11.14,0,Lễ/Tết,873000.0,17944000.0,3.2,Không,Có,Có,Ví điện tử (Momo/ZaloPay),Giao hàng tiêu chuẩn,Tại cửa hàng,1,Hàng quý,79.0,175000.0,163258.0,167566.0,0,0,Khách hàng phổ thông / mới,0.2957965984272343
2892,45,Nam,Kiên Giang,Miền Nam,Nhẫn,Vàng 24K,24,5.09,0,Sinh nhật,10255000.0,18406000.0,5.0,Không,Có,Không,Ví điện tử (Momo/ZaloPay),Nhận tại cửa hàng,Online,14,Hàng tháng,28.0,28714000.0,29733347.0,9999159.0,0,0,Khách hàng phổ thông / mới,0.30401328307821973
2893,35,Nữ,Đà Nẵng,Miền Trung,Vòng tay,Vàng đính đá quý,18,5.15,1,Quà tặng người yêu,12615000.0,12754000.0,3.4,Không,Có,Không,Thẻ tín dụng,Giao hàng tiêu chuẩn,Online,9,Hàng tháng,27.0,22707000.0,21442220.0,12688943.0,0,0,Khách hàng phổ thông / mới,0.45115324622856906
2894,61,Nữ,Hà Nội,Miền Bắc,Bông tai,Vàng 18K,18,4.55,0,Tự mua sắm,7258000.0,22366000.0,4.6,Không,Không,Có,Ví điện tử (Momo/ZaloPay),Giao hàng tiêu chuẩn,Tại cửa hàng,26,Hàng tháng,32.0,37742000.0,38221323.0,8504794.0,0,3,Khách hàng trung thành,0.3702051227186855
2895,30,Nữ,TP. Hồ Chí Minh,Miền Nam,Nhẫn,Vàng 18K,18,7.17,0,Quà tặng người yêu,11612000.0,20367000.0,2.6,Không,Không,Có,Ví điện tử (Momo/ZaloPay),Giao hàng nhanh,Online,20,Hàng năm,353.0,46448000.0,41742818.0,918463.0,0,2,Khách hàng có nguy cơ rời bỏ,0.45584364731421356
2896,43,Nữ,Huế,Miền Trung,Nhẫn,Bạc,5,1.63,0,Sinh nhật,630000.0,14912000.0,3.8,Có,Có,Có,Thẻ tín dụng,Giao hàng nhanh,Online,19,Nửa năm một lần,181.0,2394000.0,2802656.0,111618.0,0,3,Khách hàng trung thành,0.11002246574824553
2897,49,Nữ,TP. Hồ Chí Minh,Miền Nam,Dây chuyền,Bạc,5,13.12,0,Sinh nhật,1180000.0,23805000.0,3.3,Không,Có,Có,Ví điện tử (Momo/ZaloPay),Giao hàng nhanh,Online,20,Hàng năm,325.0,4720000.0,4430192.0,111693.0,0,2,Khách hàng có nguy cơ rời bỏ,0.35844064460140873
2898,48,Nữ,Hưng Yên,Miền Bắc,Dây chuyền,Vàng 18K,18,4.79,0,Sinh nhật,8073000.0,30011000.0,3.8,Không,Không,Không,Thẻ tín dụng,Nhận tại cửa hàng,Tại cửa hàng,23,Hàng quý,101.0,37136000.0,35914226.0,1478313.0,0,3,Khách hàng trung thành,0.6113896363629907
2899,56,Nữ,Hà Nội,Miền Bắc,Dây chuyền,Vàng 18K,18,13.11,0,Quà tặng người yêu,20919000.0,22693000.0,4.6,Không,Không,Không,Tiền mặt,Giao hàng nhanh,Tại cửa hàng,5,Hàng tháng,33.0,20919000.0,21184671.0,21646930.0,1,0,Khách hàng phổ thông / mới,0.5655761641010852
2900,27,Nữ,Thanh Hóa,Miền Trung,Trang sức bộ,Vàng 24K,24,23.55,0,Cưới hỏi,52179000.0,23515000.0,4.3,Không,Không,Không,Ví điện tử (Momo/ZaloPay),Giao hàng nhanh,Online,1,Hàng tuần,8.0,10436000.0,10390082.0,162606154.0,0,0,Khách hàng phổ thông / mới,0.38356580909914895
2901,42,Nữ,TP. Hồ Chí Minh,Miền Nam,Nhẫn,Bạc,5,3.91,1,Quà tặng người yêu,3386000.0,28319000.0,3.4,Không,Không,Không,Ví điện tử (Momo/ZaloPay),Nhận tại cửa hàng,Online,28,Hàng quý,99.0,18962000.0,17905817.0,1119933.0,0,3,Khách hàng trung thành,0.641886366360398
2902,56,Nữ,Nghệ An,Miền Trung,Dây chuyền,Vàng đính đá quý,18,14.3,1,Sinh nhật,25490000.0,22004000.0,4.3,Không,Có,Không,Tiền mặt,Giao hàng nhanh,Online,17,Hàng tuần,8.0,86666000.0,86284670.0,130513092.0,0,3,Khách hàng trung thành,0.4266964436634336
2903,59,Nữ,Nam Định,Miền Bắc,Dây chuyền,Vàng 18K,18,10.35,0,Tự mua sắm,16575000.0,28672000.0,3.5,Có,Không,Không,Ví điện tử (Momo/ZaloPay),Nhận tại cửa hàng,Online,21,Hàng tuần,7.0,69615000.0,80057250.0,31071147.0,0,3,Khách hàng trung thành,0.2698773125048688
2904,47,Nữ,Đà Nẵng,Miền Trung,Dây chuyền,Vàng đính đá quý,18,3.46,1,Tự mua sắm,11961000.0,6000000.0,2.7,Không,Không,Không,Chuyển khoản ngân hàng,Nhận tại cửa hàng,Online,11,Nửa năm một lần,202.0,26314000.0,23798382.0,2327857.0,1,0,Khách hàng phổ thông / mới,0.7819984646106
2905,49,Nam,Bình Dương,Miền Nam,Dây chuyền,Vàng 24K,24,12.19,0,Quà tặng người yêu,26596000.0,16867000.0,4.2,Không,Không,Không,Chuyển khoản ngân hàng,Giao hàng nhanh,Online,26,Hàng tháng,33.0,138299000.0,136902180.0,22927189.0,0,1,Khách hàng VIP (giá trị cao nhất),0.514438947293437
2906,59,Nữ,Hải Phòng,Miền Bắc,Bông tai,Bạch kim,20,1.91,0,Quà tặng người yêu,3138000.0,14710000.0,4.8,Có,Có,Có,Ví điện tử (Momo/ZaloPay),Nhận tại cửa hàng,Online,2,Hàng quý,89.0,1255000.0,1555823.0,1112459.0,0,0,Khách hàng phổ thông / mới,0.07585842352312405
2907,47,Nam,TP. Hồ Chí Minh,Miền Nam,Vòng tay,Vàng đính đá quý,18,18.85,1,Tự mua sắm,36022000.0,31573000.0,2.7,Không,Không,Có,Tiền mặt,Nhận tại cửa hàng,Online,14,Nửa năm một lần,164.0,100862000.0,91219593.0,6535409.0,1,1,Khách hàng VIP (giá trị cao nhất),0.7404032301929568
2908,63,Nữ,TP. Hồ Chí Minh,Miền Nam,Lắc chân,Bạc,5,4.5,0,Sinh nhật,627000.0,27083000.0,4.2,Có,Không,Có,Thẻ tín dụng,Nhận tại cửa hàng,Tại cửa hàng,20,Nửa năm một lần,186.0,2508000.0,3005336.0,93407.0,0,3,Khách hàng trung thành,0.1375884222137005
2909,24,Nam,Thanh Hóa,Miền Trung,Dây chuyền,Vàng 24K,24,8.85,0,Lễ/Tết,19435000.0,11857000.0,4.6,Có,Không,Không,Thẻ tín dụng,Giao hàng nhanh,Online,14,Hàng quý,98.0,54418000.0,66711026.0,5339251.0,0,3,Khách hàng trung thành,0.2501655069767974
2910,34,Nữ,Kiên Giang,Miền Nam,Vòng tay,Vàng 18K,18,12.84,0,Quà tặng người yêu,20440000.0,14086000.0,4.0,Không,Không,Không,Chuyển khoản ngân hàng,Giao hàng nhanh,Tại cửa hàng,28,Nửa năm một lần,191.0,114464000.0,112003024.0,3400889.0,1,1,Khách hàng VIP (giá trị cao nhất),0.5846995740542248
2911,23,Nữ,An Giang,Miền Nam,Lắc chân,Vàng 24K,24,8.07,1,Quà tặng người yêu,20020000.0,10658000.0,3.7,Có,Không,Không,Tiền mặt,Giao hàng tiêu chuẩn,Tại cửa hàng,1,Hàng quý,96.0,4004000.0,4659855.0,4547723.0,0,0,Khách hàng phổ thông / mới,0.24345858656079572
2912,22,Nam,Vĩnh Phúc,Miền Bắc,Lắc chân,Bạc,5,7.8,0,Cưới hỏi,300000.0,22487000.0,3.1,Không,Có,Có,Tiền mặt,Giao hàng nhanh,Online,22,Hai tuần một lần,13.0,1320000.0,1223904.0,785841.0,0,3,Khách hàng trung thành,0.34682349542385615
2913,40,Nữ,Hà Nội,Miền Bắc,Trang sức bộ,Vàng đính đá quý,18,20.98,1,Tự mua sắm,36281000.0,22632000.0,3.0,Có,Có,Không,Chuyển khoản ngân hàng,Giao hàng nhanh,Tại cửa hàng,27,Hàng tháng,26.0,195917000.0,218545413.0,38726549.0,0,1,Khách hàng VIP (giá trị cao nhất),0.2098716192991958
2914,28,Nữ,Vĩnh Phúc,Miền Bắc,Dây chuyền,Vàng 18K,18,11.55,0,Sinh nhật,16529000.0,17597000.0,3.5,Có,Có,Có,Tiền mặt,Giao hàng nhanh,Online,3,Hàng tuần,7.0,9917000.0,11404550.0,39500385.0,0,0,Khách hàng phổ thông / mới,0.1021556385269856
2915,37,Nữ,Thái Nguyên,Miền Bắc,Trang sức bộ,Vàng 24K,24,13.89,0,Quà tặng người yêu,31123000.0,14958000.0,4.1,Không,Không,Không,Thẻ tín dụng,Giao hàng tiêu chuẩn,Tại cửa hàng,20,Hàng quý,91.0,124492000.0,122525026.0,9429219.0,0,1,Khách hàng VIP (giá trị cao nhất),0.5037424360378169
2916,39,Nam,Bình Định,Miền Trung,Lắc chân,Vàng 18K,18,10.09,1,Quà tặng người yêu,21128000.0,20995000.0,3.3,Không,Không,Không,Ví điện tử (Momo/ZaloPay),Giao hàng nhanh,Tại cửa hàng,2,Nửa năm một lần,166.0,8451000.0,7932109.0,4682347.0,1,0,Khách hàng phổ thông / mới,0.7048578959794283
2917,47,Nữ,Tiền Giang,Miền Nam,Bông tai,Bạc,5,1.19,0,Tự mua sắm,300000.0,39732000.0,3.7,Không,Không,Không,Ví điện tử (Momo/ZaloPay),Giao hàng nhanh,Online,19,Nửa năm một lần,165.0,1140000.0,1095996.0,49289.0,0,3,Khách hàng trung thành,0.571212160975944
2918,63,Nữ,Bà Rịa - Vũng Tàu,Miền Nam,Bông tai,Bạc,5,5.21,0,Cưới hỏi,644000.0,19967000.0,4.0,Có,Không,Không,Tiền mặt,Giao hàng tiêu chuẩn,Online,11,Hàng tháng,34.0,1417000.0,1678436.0,604899.0,0,0,Khách hàng phổ thông / mới,0.27849355202478876
2919,58,Nữ,Vĩnh Phúc,Miền Bắc,Trang sức bộ,Vàng 18K,18,28.75,0,Tự mua sắm,45603000.0,30358000.0,3.0,Không,Không,Có,Ví điện tử (Momo/ZaloPay),Giao hàng nhanh,Tại cửa hàng,25,Hai tuần một lần,15.0,228015000.0,210115822.0,79205832.0,0,1,Khách hàng VIP (giá trị cao nhất),0.38887824793192166
2920,36,Nam,Đà Nẵng,Miền Trung,Dây chuyền,Bạch kim,20,12.54,0,Cưới hỏi,23694000.0,18935000.0,4.4,Không,Không,Không,Thẻ tín dụng,Nhận tại cửa hàng,Online,8,Hàng tháng,29.0,37910000.0,37959283.0,27854975.0,0,0,Khách hàng phổ thông / mới,0.5168892041608312
2921,33,Nữ,Hà Nội,Miền Bắc,Bông tai,Vàng 24K,24,2.48,0,Cưới hỏi,4883000.0,27631000.0,4.1,Có,Có,Không,Tiền mặt,Giao hàng tiêu chuẩn,Online,12,Hàng năm,324.0,11719000.0,13962017.0,507919.0,0,2,Khách hàng có nguy cơ rời bỏ,0.158432403365611
2922,54,Nữ,Bình Định,Miền Trung,Bông tai,Bạc,5,5.25,0,Quà tặng người yêu,556000.0,26325000.0,4.0,Không,Có,Không,Chuyển khoản ngân hàng,Giao hàng nhanh,Online,1,Hàng tháng,27.0,111000.0,108614.0,823343.0,0,0,Khách hàng phổ thông / mới,0.293573070950252
2923,23,Nam,Hà Nội,Miền Bắc,Bông tai,Vàng 18K,18,4.46,0,Quà tặng gia đình,7119000.0,20011000.0,3.7,Không,Có,Có,Thẻ tín dụng,Giao hàng tiêu chuẩn,Online,23,Hàng quý,87.0,32747000.0,31482966.0,2377251.0,0,3,Khách hàng trung thành,0.3187476776027345
2924,43,Nữ,Tiền Giang,Miền Nam,Bông tai,Vàng 24K,24,5.84,0,Quà tặng người yêu,12904000.0,25913000.0,3.4,Không,Không,Không,Thẻ tín dụng,Giao hàng nhanh,Tại cửa hàng,2,Hai tuần một lần,13.0,5162000.0,4874477.0,33362534.0,1,0,Khách hàng phổ thông / mới,0.6951857042341953
2925,38,Nam,Bà Rịa - Vũng Tàu,Miền Nam,Nhẫn,Bạc,5,1.63,0,Quà tặng người yêu,484000.0,29528000.0,3.9,Không,Có,Không,Thẻ tín dụng,Giao hàng nhanh,Tại cửa hàng,21,Nửa năm một lần,156.0,2033000.0,1977702.0,94720.0,1,3,Khách hàng trung thành,0.430126861508957
2926,26,Nữ,Nam Định,Miền Bắc,Dây chuyền,Bạc,5,12.49,0,Lễ/Tết,839000.0,20891000.0,4.4,Không,Có,Không,Tiền mặt,Nhận tại cửa hàng,Tại cửa hàng,11,Hàng quý,98.0,1846000.0,1848400.0,316746.0,0,0,Khách hàng phổ thông / mới,0.3315419493888984
2927,47,Nữ,TP. Hồ Chí Minh,Miền Nam,Dây chuyền,Vàng 18K,18,10.48,0,Quà tặng người yêu,14196000.0,20410000.0,4.3,Có,Có,Có,Thẻ tín dụng,Nhận tại cửa hàng,Tại cửa hàng,29,Hai tuần một lần,13.0,82337000.0,99232552.0,28521189.0,0,3,Khách hàng trung thành,0.0793479289204867
2928,33,Nam,Đắk Lắk,Miền Trung,Bông tai,Bạch kim,20,5.95,0,Cưới hỏi,11634000.0,25493000.0,4.3,Không,Không,Không,Tiền mặt,Nhận tại cửa hàng,Tại cửa hàng,5,Hàng quý,100.0,11634000.0,11582810.0,3958239.0,0,0,Khách hàng phổ thông / mới,0.5443574595651165
2929,26,Nữ,Đồng Nai,Miền Nam,Bông tai,Bạc,5,3.22,0,Cưới hỏi,300000.0,31832000.0,3.0,Không,Không,Không,Ví điện tử (Momo/ZaloPay),Giao hàng tiêu chuẩn,Online,20,Nửa năm một lần,206.0,1200000.0,1105800.0,42158.0,1,3,Khách hàng trung thành,0.6660268927975314
2930,49,Nữ,Đà Nẵng,Miền Trung,Lắc chân,Vàng 18K,18,5.52,0,Tự mua sắm,8563000.0,12063000.0,4.4,Không,Không,Có,Thẻ tín dụng,Giao hàng tiêu chuẩn,Online,6,Hàng quý,90.0,10276000.0,10289359.0,2821355.0,0,0,Khách hàng phổ thông / mới,0.3474119365254545
2931,26,Nữ,Thái Nguyên,Miền Bắc,Bông tai,Vàng đính đá quý,18,5.4,1,Sinh nhật,9238000.0,11545000.0,3.3,Không,Có,Không,Chuyển khoản ngân hàng,Giao hàng nhanh,Online,2,Hàng năm,338.0,3695000.0,3468127.0,833483.0,1,2,Khách hàng có nguy cơ rời bỏ,0.5053165207853365
2932,50,Nữ,Quảng Ngãi,Miền Trung,Vòng tay,Vàng đính đá quý,18,9.89,1,Lễ/Tết,20892000.0,31758000.0,3.1,Có,Không,Có,Thẻ tín dụng,Giao hàng nhanh,Online,27,Hàng năm,380.0,112817000.0,126625801.0,1724255.0,0,1,Khách hàng VIP (giá trị cao nhất),0.24916551896862763
2933,25,Nữ,Hà Nội,Miền Bắc,Nhẫn,Vàng 24K,24,6.07,0,Tự mua sắm,11651000.0,16566000.0,2.8,Không,Có,Có,Ví điện tử (Momo/ZaloPay),Giao hàng tiêu chuẩn,Tại cửa hàng,27,Hàng quý,102.0,62915000.0,57258942.0,3355073.0,0,3,Khách hàng trung thành,0.37049124024653135
2934,38,Nam,Đắk Lắk,Miền Trung,Bông tai,Vàng đính đá quý,18,2.66,1,Sinh nhật,7647000.0,29848000.0,4.6,Không,Không,Không,Ví điện tử (Momo/ZaloPay),Giao hàng nhanh,Online,30,Hàng năm,393.0,45882000.0,46464701.0,606301.0,1,2,Khách hàng có nguy cơ rời bỏ,0.5949070534160333
2935,56,Nữ,Nam Định,Miền Bắc,Lắc chân,Bạch kim,20,11.51,0,Cưới hỏi,18735000.0,17499000.0,4.1,Có,Có,Có,Chuyển khoản ngân hàng,Giao hàng tiêu chuẩn,Tại cửa hàng,6,Hàng năm,327.0,22482000.0,26785055.0,2207054.0,0,2,Khách hàng có nguy cơ rời bỏ,0.0899457515068453
2936,28,Nữ,TP. Hồ Chí Minh,Miền Nam,Bông tai,Vàng 24K,24,3.63,0,Tự mua sắm,7300000.0,17255000.0,4.6,Không,Có,Có,Thẻ tín dụng,Giao hàng tiêu chuẩn,Online,25,Hàng quý,99.0,36500000.0,36963550.0,2604509.0,0,3,Khách hàng trung thành,0.2138797149244046
2937,54,Nữ,Cần Thơ,Miền Nam,Lắc chân,Bạc,5,5.88,0,Lễ/Tết,838000.0,29375000.0,3.9,Không,Không,Không,Thẻ tín dụng,Giao hàng nhanh,Tại cửa hàng,15,Nửa năm một lần,185.0,2514000.0,2445619.0,157152.0,1,0,Khách hàng phổ thông / mới,0.6163186455463914
2938,52,Nam,Hải Phòng,Miền Bắc,Trang sức bộ,Vàng 24K,24,30.56,0,Lễ/Tết,67285000.0,27112000.0,4.7,Không,Không,Không,Ví điện tử (Momo/ZaloPay),Giao hàng tiêu chuẩn,Tại cửa hàng,7,Hàng quý,89.0,94199000.0,95932262.0,20820615.0,0,3,Khách hàng trung thành,0.4375027606968727
2939,61,Nam,Huế,Miền Trung,Dây chuyền,Bạc,5,3.75,0,Quà tặng người yêu,363000.0,14576000.0,3.9,Không,Không,Có,Ví điện tử (Momo/ZaloPay),Giao hàng tiêu chuẩn,Tại cửa hàng,12,Hàng quý,81.0,871000.0,847309.0,112925.0,0,0,Khách hàng phổ thông / mới,0.3106582700078476
2940,26,Nữ,TP. Hồ Chí Minh,Miền Nam,Bông tai,Vàng đính đá quý,18,1.47,1,Tự mua sắm,7375000.0,24592000.0,4.1,Có,Có,Có,Thẻ tín dụng,Giao hàng nhanh,Online,6,Hàng quý,91.0,8850000.0,10543890.0,2849394.0,0,0,Khách hàng phổ thông / mới,0.09647266805094747
2941,52,Nam,Quảng Ninh,Miền Bắc,Vòng tay,Vàng 18K,18,17.55,0,Tự mua sắm,27702000.0,17298000.0,3.8,Có,Không,Có,Thẻ tín dụng,Nhận tại cửa hàng,Online,19,Hàng năm,391.0,105268000.0,123237248.0,2460636.0,0,1,Khách hàng VIP (giá trị cao nhất),0.1648146104532718
2942,62,Nam,Đắk Lắk,Miền Trung,Dây chuyền,Bạc,5,6.88,0,Quà tặng gia đình,340000.0,25626000.0,4.2,Có,Có,Có,Thẻ tín dụng,Nhận tại cửa hàng,Tại cửa hàng,18,Hàng năm,352.0,1224000.0,1466719.0,36659.0,0,2,Khách hàng có nguy cơ rời bỏ,0.08484965772456869
2943,54,Nữ,TP. Hồ Chí Minh,Miền Nam,Nhẫn,Vàng 18K,18,2.65,0,Cưới hỏi,3944000.0,22523000.0,4.0,Không,Có,Không,Ví điện tử (Momo/ZaloPay),Giao hàng tiêu chuẩn,Tại cửa hàng,6,Hàng tháng,34.0,4733000.0,4631240.0,3101667.0,0,0,Khách hàng phổ thông / mới,0.3079657050729985
2944,27,Nữ,Thanh Hóa,Miền Trung,Dây chuyền,Bạc,5,10.05,1,Tự mua sắm,3939000.0,19279000.0,3.1,Có,Không,Không,Ví điện tử (Momo/ZaloPay),Nhận tại cửa hàng,Online,24,Nửa năm một lần,164.0,18907000.0,21221217.0,690777.0,1,3,Khách hàng trung thành,0.6057433163804918
2945,57,Nam,Cần Thơ,Miền Nam,Nhẫn,Bạch kim,20,3.15,0,Tự mua sắm,5993000.0,17959000.0,2.8,Không,Không,Không,Ví điện tử (Momo/ZaloPay),Giao hàng nhanh,Online,17,Nửa năm một lần,156.0,20376000.0,18544198.0,812389.0,1,3,Khách hàng trung thành,0.7382393630314719
2946,23,Nam,Khánh Hòa,Miền Trung,Bông tai,Vàng 24K,24,5.94,0,Lễ/Tết,13014000.0,8543000.0,3.4,Không,Không,Không,Ví điện tử (Momo/ZaloPay),Giao hàng nhanh,Online,20,Hàng năm,366.0,52056000.0,49156481.0,991363.0,1,2,Khách hàng có nguy cơ rời bỏ,0.7033950242216853
2947,46,Nữ,Quảng Ngãi,Miền Trung,Nhẫn,Bạc,5,6.83,0,Tự mua sắm,300000.0,17203000.0,2.7,Không,Không,Không,Thẻ tín dụng,Nhận tại cửa hàng,Online,5,Hàng quý,81.0,300000.0,271320.0,131043.0,1,0,Khách hàng phổ thông / mới,0.7138449122229418
2948,41,Nữ,Bắc Ninh,Miền Bắc,Dây chuyền,Vàng 18K,18,13.67,0,Lễ/Tết,21659000.0,26183000.0,4.0,Có,Không,Không,Thẻ tín dụng,Giao hàng nhanh,Online,25,Hàng tháng,31.0,108295000.0,128275427.0,19200302.0,0,1,Khách hàng VIP (giá trị cao nhất),0.3100725616037579
2949,43,Nữ,Hà Nội,Miền Bắc,Vòng tay,Bạch kim,20,17.5,1,Cưới hỏi,30536000.0,24635000.0,3.9,Có,Có,Không,Ví điện tử (Momo/ZaloPay),Nhận tại cửa hàng,Online,11,Hàng tháng,29.0,67179000.0,79109990.0,35230742.0,0,3,Khách hàng trung thành,0.17563550893580204
2950,42,Nam,Hà Nội,Miền Bắc,Dây chuyền,Bạc,5,13.63,0,Quà tặng người yêu,1375000.0,15553000.0,4.8,Không,Không,Không,Thẻ tín dụng,Giao hàng tiêu chuẩn,Online,15,Hai tuần một lần,14.0,4125000.0,4224412.0,2845394.0,0,0,Khách hàng phổ thông / mới,0.5288907100820771
2951,19,Nam,An Giang,Miền Nam,Lắc chân,Bạc,5,6.04,0,Cưới hỏi,336000.0,27750000.0,3.8,Không,Không,Không,Tiền mặt,Giao hàng tiêu chuẩn,Online,5,Hai tuần một lần,14.0,336000.0,324946.0,761998.0,0,0,Khách hàng phổ thông / mới,0.5025472489795028
2952,42,Nữ,Bà Rịa - Vũng Tàu,Miền Nam,Dây chuyền,Vàng 18K,18,11.08,0,Lễ/Tết,17915000.0,23965000.0,4.3,Có,Không,Không,Ví điện tử (Momo/ZaloPay),Nhận tại cửa hàng,Online,30,Hàng tháng,27.0,107490000.0,129546948.0,15793377.0,0,1,Khách hàng VIP (giá trị cao nhất),0.22009099687135222
2953,62,Nữ,Cần Thơ,Miền Nam,Nhẫn,Bạc,5,7.4,0,Quà tặng người yêu,632000.0,26960000.0,4.2,Có,Không,Không,Thẻ tín dụng,Giao hàng tiêu chuẩn,Online,16,Hai tuần một lần,13.0,2022000.0,2422963.0,1480831.0,0,0,Khách hàng phổ thông / mới,0.29530386132445496
2954,38,Nữ,Thái Nguyên,Miền Bắc,Trang sức bộ,Bạc,5,27.15,0,Tự mua sắm,2169000.0,13950000.0,4.2,Không,Có,Không,Tiền mặt,Nhận tại cửa hàng,Online,24,Hàng năm,359.0,10411000.0,10305849.0,83666.0,1,2,Khách hàng có nguy cơ rời bỏ,0.4772824688734635
2955,31,Nữ,Khánh Hòa,Miền Trung,Lắc chân,Bạc,5,11.97,0,Quà tặng gia đình,779000.0,33444000.0,3.3,Không,Không,Không,Ví điện tử (Momo/ZaloPay),Giao hàng nhanh,Online,19,Hàng quý,97.0,2960000.0,2778256.0,232823.0,0,3,Khách hàng trung thành,0.7256317472402571
2956,65,Nữ,Đồng Nai,Miền Nam,Bông tai,Bạc,5,5.33,0,Lễ/Tết,436000.0,26231000.0,3.5,Không,Không,Không,Thẻ tín dụng,Nhận tại cửa hàng,Online,2,Hàng quý,100.0,174000.0,165300.0,92412.0,0,0,Khách hàng phổ thông / mới,0.4871209499566681
2957,22,Nữ,TP. Hồ Chí Minh,Miền Nam,Bông tai,Vàng đính đá quý,18,1.35,1,Tự mua sắm,4468000.0,31063000.0,2.8,Không,Không,Không,Thẻ tín dụng,Giao hàng nhanh,Online,21,Nửa năm một lần,170.0,18766000.0,17078937.0,959631.0,1,3,Khách hàng trung thành,0.7342082662570053
2958,41,Nữ,Hải Phòng,Miền Bắc,Nhẫn,Vàng 18K,18,4.76,0,Tự mua sắm,7850000.0,17046000.0,4.1,Không,Không,Không,Chuyển khoản ngân hàng,Giao hàng nhanh,Online,11,Hàng tháng,27.0,17270000.0,16997134.0,9942752.0,0,0,Khách hàng phổ thông / mới,0.5809996138618753
2959,42,Nam,An Giang,Miền Nam,Bông tai,Vàng 24K,24,2.38,0,Quà tặng người yêu,5651000.0,8721000.0,3.3,Có,Không,Có,Thẻ tín dụng,Giao hàng nhanh,Online,18,Nửa năm một lần,175.0,20344000.0,23114853.0,1050118.0,0,3,Khách hàng trung thành,0.29228602709807866
2960,40,Nữ,Quảng Ninh,Miền Bắc,Nhẫn,Vàng đính đá quý,18,7.19,1,Sinh nhật,14827000.0,14798000.0,3.9,Không,Không,Không,Ví điện tử (Momo/ZaloPay),Giao hàng tiêu chuẩn,Online,17,Hàng năm,351.0,50412000.0,49040794.0,1614218.0,0,2,Khách hàng có nguy cơ rời bỏ,0.5614586511602495
2961,62,Nữ,Quảng Ninh,Miền Bắc,Vòng tay,Vàng 24K,24,19.06,0,Sinh nhật,41060000.0,30025000.0,4.8,Có,Không,Không,Chuyển khoản ngân hàng,Nhận tại cửa hàng,Online,24,Hàng quý,89.0,197088000.0,244329994.0,11476432.0,0,1,Khách hàng VIP (giá trị cao nhất),0.20613943774029136
2962,38,Nữ,An Giang,Miền Nam,Nhẫn,Vàng đính đá quý,18,5.18,1,Tự mua sắm,12266000.0,13390000.0,4.2,Có,Có,Có,Chuyển khoản ngân hàng,Giao hàng nhanh,Online,7,Hàng quý,93.0,17172000.0,20577208.0,5201280.0,0,0,Khách hàng phổ thông / mới,0.10942573004826497
2963,64,Nữ,Quảng Nam,Miền Trung,Bông tai,Bạc,5,1.29,0,Cưới hỏi,461000.0,33307000.0,3.2,Không,Không,Không,Tiền mặt,Giao hàng nhanh,Online,30,Hàng quý,88.0,2766000.0,2580401.0,183530.0,1,3,Khách hàng trung thành,0.7212911059513364
2964,21,Nữ,Nghệ An,Miền Trung,Dây chuyền,Vàng đính đá quý,18,7.16,1,Quà tặng người yêu,14957000.0,15215000.0,3.8,Có,Không,Không,Thẻ tín dụng,Giao hàng nhanh,Tại cửa hàng,13,Hàng quý,83.0,38888000.0,45526182.0,5175951.0,0,3,Khách hàng trung thành,0.2760600221453802
2965,53,Nữ,Bình Định,Miền Trung,Dây chuyền,Bạc,5,5.26,0,Tự mua sắm,720000.0,24922000.0,4.0,Không,Không,Có,Thẻ tín dụng,Nhận tại cửa hàng,Online,22,Nửa năm một lần,159.0,3168000.0,3099888.0,163618.0,1,3,Khách hàng trung thành,0.480634071280904
2966,46,Nam,Tây Ninh,Miền Nam,Nhẫn,Bạch kim,20,4.94,0,Sinh nhật,9030000.0,23430000.0,4.6,Không,Không,Không,Ví điện tử (Momo/ZaloPay),Giao hàng nhanh,Online,19,Hàng quý,98.0,34314000.0,34749788.0,2213826.0,0,3,Khách hàng trung thành,0.6128838143084986
2967,29,Nữ,Hải Phòng,Miền Bắc,Bông tai,Bạc,5,5.92,1,Lễ/Tết,3068000.0,18596000.0,4.5,Không,Có,Không,Ví điện tử (Momo/ZaloPay),Giao hàng tiêu chuẩn,Tại cửa hàng,17,Hàng quý,96.0,10431000.0,10504017.0,816459.0,0,3,Khách hàng trung thành,0.27253638082751586
2968,28,Nữ,Bình Dương,Miền Nam,Dây chuyền,Bạc,5,7.12,0,Sinh nhật,760000.0,18579000.0,3.3,Không,Có,Không,Tiền mặt,Giao hàng tiêu chuẩn,Online,17,Hàng quý,100.0,2584000.0,2425342.0,203023.0,0,0,Khách hàng phổ thông / mới,0.6255672976748965
2969,52,Nam,Lào Cai,Miền Bắc,Vòng tay,Vàng 18K,18,16.01,0,Lễ/Tết,22217000.0,15248000.0,4.8,Có,Có,Có,Chuyển khoản ngân hàng,Nhận tại cửa hàng,Online,19,Hàng tuần,6.0,84425000.0,104661672.0,60304759.0,0,3,Khách hàng trung thành,0.07471844052167012
2970,48,Nữ,Hải Phòng,Miền Bắc,Dây chuyền,Vàng 24K,24,12.97,0,Sinh nhật,28561000.0,35619000.0,2.9,Không,Không,Có,Ví điện tử (Momo/ZaloPay),Giao hàng tiêu chuẩn,Tại cửa hàng,26,Hàng tháng,33.0,148517000.0,136011869.0,21026598.0,0,1,Khách hàng VIP (giá trị cao nhất),0.4553867140882006
2971,47,Nữ,Huế,Miền Trung,Bông tai,Vàng 18K,18,5.15,0,Tự mua sắm,8061000.0,25465000.0,3.2,Không,Không,Không,Chuyển khoản ngân hàng,Nhận tại cửa hàng,Online,9,Hàng quý,101.0,14510000.0,13536379.0,2921486.0,1,0,Khách hàng phổ thông / mới,0.7303732394067248
2972,20,Nữ,Bình Định,Miền Trung,Nhẫn,Vàng đính đá quý,18,2.47,1,Tự mua sắm,8699000.0,8848000.0,2.6,Không,Không,Có,Tiền mặt,Giao hàng nhanh,Online,8,Hàng tuần,8.0,13918000.0,12508107.0,24881042.0,0,0,Khách hàng phổ thông / mới,0.5680189884463112
2973,46,Nam,Thái Nguyên,Miền Bắc,Trang sức bộ,Vàng 18K,18,15.94,0,Cưới hỏi,26142000.0,12281000.0,3.3,Có,Không,Không,Tiền mặt,Giao hàng tiêu chuẩn,Tại cửa hàng,30,Nửa năm một lần,157.0,156852000.0,178215242.0,5312242.0,1,1,Khách hàng VIP (giá trị cao nhất),0.5642211140622047
2974,65,Nữ,Huế,Miền Trung,Dây chuyền,Bạch kim,20,5.68,1,Cưới hỏi,15053000.0,26633000.0,3.5,Không,Không,Không,Chuyển khoản ngân hàng,Nhận tại cửa hàng,Tại cửa hàng,28,Hàng năm,348.0,84297000.0,80082150.0,1164449.0,1,2,Khách hàng có nguy cơ rời bỏ,0.5506322705298197
2975,18,Nam,Quảng Ngãi,Miền Trung,Nhẫn,Bạc,5,3.43,0,Lễ/Tết,569000.0,20018000.0,3.1,Có,Không,Không,Chuyển khoản ngân hàng,Nhận tại cửa hàng,Tại cửa hàng,12,Nửa năm một lần,208.0,1366000.0,1533198.0,55173.0,1,0,Khách hàng phổ thông / mới,0.689336952758914
2976,40,Nam,Đắk Lắk,Miền Trung,Dây chuyền,Vàng 18K,18,3.56,1,Cưới hỏi,8831000.0,8703000.0,2.5,Có,Không,Không,Chuyển khoản ngân hàng,Nhận tại cửa hàng,Online,10,Hàng tháng,30.0,17662000.0,19092622.0,9260278.0,0,0,Khách hàng phổ thông / mới,0.4884920369226859
2977,41,Nữ,TP. Hồ Chí Minh,Miền Nam,Nhẫn,Vàng đính đá quý,18,5.01,1,Tự mua sắm,10651000.0,39244000.0,2.5,Có,Có,Có,Thẻ tín dụng,Giao hàng nhanh,Tại cửa hàng,23,Hàng quý,97.0,48995000.0,52963595.0,2160267.0,0,3,Khách hàng trung thành,0.15309088938659582
2978,61,Nam,Long An,Miền Nam,Vòng tay,Vàng 24K,24,16.11,0,Quà tặng người yêu,35537000.0,6000000.0,4.8,Không,Không,Không,Thẻ tín dụng,Nhận tại cửa hàng,Online,28,Nửa năm một lần,172.0,199007000.0,203803069.0,6121739.0,1,1,Khách hàng VIP (giá trị cao nhất),0.6000535846068825
2979,31,Nam,Huế,Miền Trung,Dây chuyền,Bạc,5,6.13,0,Tự mua sắm,455000.0,17628000.0,4.3,Có,Có,Có,Thẻ tín dụng,Giao hàng tiêu chuẩn,Online,29,Nửa năm một lần,179.0,2639000.0,3180523.0,57475.0,0,3,Khách hàng trung thành,0.06455231481752598
2980,40,Nữ,Huế,Miền Trung,Lắc chân,Vàng 18K,18,8.76,0,Cưới hỏi,12583000.0,21536000.0,4.2,Có,Có,Có,Chuyển khoản ngân hàng,Giao hàng tiêu chuẩn,Online,8,Hàng năm,352.0,20133000.0,24125374.0,1456028.0,0,2,Khách hàng có nguy cơ rời bỏ,0.0860511138104134
2981,52,Nữ,Quảng Nam,Miền Trung,Vòng tay,Vàng 24K,24,13.18,1,Tự mua sắm,33002000.0,17350000.0,4.5,Không,Không,Không,Thẻ tín dụng,Giao hàng nhanh,Online,7,Hàng quý,98.0,46203000.0,46526421.0,11759946.0,0,0,Khách hàng phổ thông / mới,0.44324551176719656
2982,20,Nữ,Đắk Lắk,Miền Trung,Nhẫn,Vàng 24K,24,2.14,0,Tự mua sắm,4546000.0,26176000.0,4.2,Không,Có,Không,Ví điện tử (Momo/ZaloPay),Nhận tại cửa hàng,Online,16,Hàng tháng,27.0,14547000.0,14400075.0,5147262.0,0,0,Khách hàng phổ thông / mới,0.321779601294673
2983,56,Nữ,Hải Phòng,Miền Bắc,Dây chuyền,Bạc,5,5.88,0,Quà tặng người yêu,300000.0,25953000.0,2.7,Có,Không,Có,Tiền mặt,Giao hàng nhanh,Tại cửa hàng,6,Hàng quý,89.0,360000.0,394128.0,124126.0,0,0,Khách hàng phổ thông / mới,0.18735063312666825
2984,57,Nữ,Vĩnh Phúc,Miền Bắc,Nhẫn,Vàng 24K,24,3.07,0,Sinh nhật,5920000.0,23416000.0,4.8,Không,Có,Có,Thẻ tín dụng,Giao hàng nhanh,Online,28,Hàng năm,407.0,33152000.0,33950963.0,369889.0,0,2,Khách hàng có nguy cơ rời bỏ,0.17632552440575214
2985,52,Nữ,Quảng Ninh,Miền Bắc,Nhẫn,Bạch kim,20,4.68,0,Lễ/Tết,8437000.0,21621000.0,3.6,Không,Có,Có,Tiền mặt,Nhận tại cửa hàng,Tại cửa hàng,11,Nửa năm một lần,202.0,18561000.0,17738748.0,1375598.0,0,0,Khách hàng phổ thông / mới,0.23575940636232492
2986,49,Nữ,Nghệ An,Miền Trung,Dây chuyền,Bạc,5,10.53,0,Tự mua sắm,789000.0,25704000.0,3.6,Có,Có,Không,Tiền mặt,Giao hàng tiêu chuẩn,Tại cửa hàng,9,Hàng năm,399.0,1420000.0,1642798.0,61457.0,1,2,Khách hàng có nguy cơ rời bỏ,0.20183139020584834
2987,53,Nữ,Tây Ninh,Miền Nam,Nhẫn,Vàng 24K,24,3.46,0,Quà tặng gia đình,8027000.0,20716000.0,4.7,Có,Không,Có,Thẻ tín dụng,Giao hàng nhanh,Online,30,Nửa năm một lần,160.0,48162000.0,59374114.0,1576589.0,0,3,Khách hàng trung thành,0.153987387488046
2988,55,Nữ,Đắk Lắk,Miền Trung,Nhẫn,Vàng 18K,18,2.33,0,Tự mua sắm,3789000.0,11724000.0,3.0,Không,Không,Không,Tiền mặt,Giao hàng nhanh,Online,26,Hàng năm,374.0,19703000.0,18156314.0,373538.0,1,2,Khách hàng có nguy cơ rời bỏ,0.7141295723797718
2989,61,Nam,Đà Nẵng,Miền Trung,Trang sức bộ,Vàng 24K,24,16.73,0,Tự mua sắm,37356000.0,29436000.0,3.3,Không,Không,Không,Thẻ tín dụng,Giao hàng nhanh,Online,29,Hàng quý,85.0,216665000.0,203361769.0,14922824.0,1,1,Khách hàng VIP (giá trị cao nhất),0.6731822853429156
2990,38,Nữ,Đắk Lắk,Miền Trung,Bông tai,Bạch kim,20,1.2,0,Tự mua sắm,2537000.0,33534000.0,4.6,Không,Không,Không,Chuyển khoản ngân hàng,Giao hàng tiêu chuẩn,Online,16,Hàng năm,417.0,8118000.0,8221099.0,192003.0,1,2,Khách hàng có nguy cơ rời bỏ,0.6167345432404873
2991,39,Nữ,TP. Hồ Chí Minh,Miền Nam,Trang sức bộ,Bạc,5,28.72,0,Quà tặng gia đình,2023000.0,21935000.0,3.8,Không,Có,Không,Thẻ tín dụng,Nhận tại cửa hàng,Online,24,Hàng năm,373.0,9710000.0,9390541.0,114240.0,0,2,Khách hàng có nguy cơ rời bỏ,0.4218742432068566
2992,48,Nam,Đà Nẵng,Miền Trung,Dây chuyền,Vàng 24K,24,11.39,0,Sinh nhật,25117000.0,22620000.0,3.6,Không,Không,Không,Chuyển khoản ngân hàng,Nhận tại cửa hàng,Online,13,Hàng năm,409.0,65304000.0,62411033.0,1523954.0,1,2,Khách hàng có nguy cơ rời bỏ,0.6609662530522031
2993,27,Nam,Đà Nẵng,Miền Trung,Lắc chân,Bạc,5,9.04,1,Sinh nhật,4167000.0,20376000.0,4.9,Không,Có,Có,Thẻ tín dụng,Nhận tại cửa hàng,Tại cửa hàng,3,Hàng năm,330.0,2500000.0,2574500.0,370451.0,0,2,Khách hàng có nguy cơ rời bỏ,0.14072741040685902
2994,59,Nữ,TP. Hồ Chí Minh,Miền Nam,Dây chuyền,Vàng 18K,18,10.41,0,Lễ/Tết,14209000.0,13321000.0,4.7,Không,Có,Có,Thẻ tín dụng,Nhận tại cửa hàng,Tại cửa hàng,20,Hàng quý,99.0,56836000.0,57881782.0,4378125.0,0,3,Khách hàng trung thành,0.1624053919302036
2995,54,Nữ,Hà Nội,Miền Bắc,Nhẫn,Bạc,5,3.44,0,Quà tặng gia đình,562000.0,18444000.0,4.7,Không,Không,Không,Ví điện tử (Momo/ZaloPay),Giao hàng nhanh,Online,3,Nửa năm một lần,177.0,337000.0,343201.0,75876.0,1,0,Khách hàng phổ thông / mới,0.680164182427517
2996,48,Nam,Bình Định,Miền Trung,Lắc chân,Vàng 24K,24,4.04,0,Sinh nhật,9283000.0,27464000.0,3.0,Không,Không,Không,Tiền mặt,Giao hàng tiêu chuẩn,Online,6,Hàng quý,90.0,11140000.0,10265510.0,4437589.0,0,0,Khách hàng phổ thông / mới,0.6732150679412441
2997,32,Nam,Bình Định,Miền Trung,Nhẫn,Vàng 24K,24,5.39,0,Quà tặng người yêu,12315000.0,22713000.0,4.6,Không,Không,Có,Chuyển khoản ngân hàng,Giao hàng tiêu chuẩn,Tại cửa hàng,9,Nửa năm một lần,200.0,22167000.0,22448521.0,2351459.0,0,0,Khách hàng phổ thông / mới,0.3710324816685036
2998,34,Nữ,Bình Dương,Miền Nam,Dây chuyền,Vàng 18K,18,11.79,0,Tự mua sắm,17179000.0,33073000.0,4.1,Không,Có,Không,Chuyển khoản ngân hàng,Giao hàng nhanh,Online,20,Nửa năm một lần,166.0,68716000.0,67630287.0,3441123.0,1,3,Khách hàng trung thành,0.47136989464400064
2999,38,Nữ,Tây Ninh,Miền Nam,Lắc chân,Bạc,5,10.3,0,Tự mua sắm,397000.0,26531000.0,4.2,Không,Không,Không,Thẻ tín dụng,Nhận tại cửa hàng,Online,24,Nửa năm một lần,164.0,1906000.0,1886749.0,73564.0,1,3,Khách hàng trung thành,0.6016122238236081
3000,49,Nữ,Đồng Nai,Miền Nam,Vòng tay,Bạc,5,15.9,0,Cưới hỏi,1217000.0,19116000.0,2.6,Có,Không,Không,Thẻ tín dụng,Giao hàng nhanh,Online,6,Hàng quý,78.0,1460000.0,1588334.0,450198.0,1,0,Khách hàng phổ thông / mới,0.6141208889283755
3001,55,Nữ,Quảng Nam,Miền Trung,Vòng tay,Vàng 18K,18,14.88,0,Tự mua sắm,23192000.0,27050000.0,3.9,Không,Không,Có,Chuyển khoản ngân hàng,Nhận tại cửa hàng,Tại cửa hàng,23,Nửa năm một lần,184.0,106683000.0,103781222.0,3133396.0,0,1,Khách hàng VIP (giá trị cao nhất),0.3588894371357072
3002,50,Nam,Quảng Ninh,Miền Bắc,Dây chuyền,Vàng 24K,24,12.89,0,Sinh nhật,28472000.0,20658000.0,3.0,Không,Không,Không,Tiền mặt,Giao hàng tiêu chuẩn,Online,22,Hàng năm,387.0,125277000.0,115442756.0,2237914.0,1,1,Khách hàng VIP (giá trị cao nhất),0.7669822638394763
3003,62,Nam,Gia Lai,Miền Trung,Nhẫn,Bạc,5,6.45,0,Cưới hỏi,303000.0,11239000.0,4.8,Không,Không,Không,Thẻ tín dụng,Giao hàng tiêu chuẩn,Online,18,Nửa năm một lần,205.0,1091000.0,1117293.0,46399.0,1,2,Khách hàng có nguy cơ rời bỏ,0.5999502661724073
3004,64,Nữ,Cần Thơ,Miền Nam,Trang sức bộ,Vàng 24K,24,33.62,1,Tự mua sắm,73301000.0,30208000.0,3.9,Có,Có,Không,Thẻ tín dụng,Giao hàng nhanh,Online,19,Hàng quý,97.0,278544000.0,328013414.0,17603192.0,0,1,Khách hàng VIP (giá trị cao nhất),0.14396947896224002
3005,51,Nữ,Tiền Giang,Miền Nam,Nhẫn,Bạc,5,1.54,0,Sinh nhật,373000.0,25664000.0,4.0,Có,Không,Có,Tiền mặt,Giao hàng nhanh,Online,13,Hàng năm,378.0,970000.0,1148965.0,31384.0,0,2,Khách hàng có nguy cơ rời bỏ,0.20204269502402228
3006,35,Nữ,Cần Thơ,Miền Nam,Dây chuyền,Vàng 18K,18,4.76,0,Tự mua sắm,7515000.0,41743000.0,3.1,Không,Không,Có,Chuyển khoản ngân hàng,Nhận tại cửa hàng,Tại cửa hàng,5,Nửa năm một lần,182.0,7515000.0,6967908.0,1204118.0,1,0,Khách hàng phổ thông / mới,0.5975491611586475
3007,46,Nữ,Thái Nguyên,Miền Bắc,Nhẫn,Vàng 18K,18,5.27,0,Quà tặng người yêu,8276000.0,18061000.0,3.6,Có,Không,Không,Chuyển khoản ngân hàng,Giao hàng nhanh,Online,5,Hàng quý,89.0,8276000.0,9574504.0,1831678.0,0,0,Khách hàng phổ thông / mới,0.3562535227153479
3008,38,Nữ,TP. Hồ Chí Minh,Miền Nam,Trang sức bộ,Bạc,5,20.03,0,Lễ/Tết,1343000.0,26475000.0,3.8,Không,Không,Không,Ví điện tử (Momo/ZaloPay),Nhận tại cửa hàng,Online,4,Nửa năm một lần,179.0,1074000.0,1038665.0,190225.0,0,0,Khách hàng phổ thông / mới,0.4743004146934405
3009,48,Nữ,Bà Rịa - Vũng Tàu,Miền Nam,Bông tai,Vàng 24K,24,2.7,0,Cưới hỏi,6272000.0,16756000.0,4.5,Không,Không,Không,Chuyển khoản ngân hàng,Giao hàng tiêu chuẩn,Tại cửa hàng,15,Nửa năm một lần,199.0,18816000.0,18947712.0,875134.0,1,0,Khách hàng phổ thông / mới,0.5919654334171326
3010,56,Nữ,TP. Hồ Chí Minh,Miền Nam,Dây chuyền,Bạc,5,11.95,0,Quà tặng gia đình,743000.0,16350000.0,4.0,Không,Có,Có,Chuyển khoản ngân hàng,Giao hàng tiêu chuẩn,Online,19,Nửa năm một lần,174.0,2823000.0,2762306.0,171631.0,0,3,Khách hàng trung thành,0.18545221673057435
3011,35,Nữ,TP. Hồ Chí Minh,Miền Nam,Trang sức bộ,Vàng 24K,24,23.39,0,Tự mua sắm,51492000.0,37481000.0,2.8,Không,Không,Không,Chuyển khoản ngân hàng,Giao hàng nhanh,Online,5,Hàng tháng,28.0,51492000.0,46862869.0,60696906.0,0,0,Khách hàng phổ thông / mới,0.6077501689768643
3012,42,Nữ,Quảng Nam,Miền Trung,Nhẫn,Vàng 18K,18,4.92,0,Cưới hỏi,6849000.0,7142000.0,3.6,Không,Có,Không,Tiền mặt,Giao hàng nhanh,Online,4,Hàng tháng,34.0,5479000.0,5236280.0,4590522.0,0,0,Khách hàng phổ thông / mới,0.4166690014085198
3013,20,Nữ,Quảng Ngãi,Miền Trung,Lắc chân,Bạc,5,3.45,1,Quà tặng gia đình,1405000.0,19982000.0,3.2,Không,Không,Không,Thẻ tín dụng,Giao hàng nhanh,Online,21,Hàng năm,406.0,5901000.0,5505043.0,112900.0,1,2,Khách hàng có nguy cơ rời bỏ,0.790357168718824
3014,53,Nữ,Vĩnh Phúc,Miền Bắc,Nhẫn,Vàng 24K,24,4.5,0,Sinh nhật,9904000.0,34397000.0,3.8,Có,Không,Có,Ví điện tử (Momo/ZaloPay),Giao hàng tiêu chuẩn,Tại cửa hàng,19,Hàng năm,391.0,37635000.0,44059294.0,548255.0,0,2,Khách hàng có nguy cơ rời bỏ,0.1542969999502325
3015,41,Nữ,Hà Nội,Miền Bắc,Dây chuyền,Bạc,5,10.3,0,Sinh nhật,1027000.0,10669000.0,3.7,Không,Không,Có,Tiền mặt,Giao hàng nhanh,Online,28,Hàng quý,94.0,5751000.0,5529011.0,391642.0,0,3,Khách hàng trung thành,0.41772120457173656
3016,40,Nam,Cần Thơ,Miền Nam,Nhẫn,Bạch kim,20,3.32,0,Quà tặng gia đình,6051000.0,17846000.0,2.6,Không,Không,Không,Thẻ tín dụng,Giao hàng tiêu chuẩn,Online,30,Hàng năm,350.0,36306000.0,32628202.0,474674.0,1,2,Khách hàng có nguy cơ rời bỏ,0.7852350788969206
3017,43,Nam,Tiền Giang,Miền Nam,Trang sức bộ,Vàng đính đá quý,18,15.97,1,Quà tặng gia đình,25834000.0,27940000.0,3.0,Có,Có,Không,Tiền mặt,Nhận tại cửa hàng,Online,30,Hàng quý,97.0,155004000.0,172906962.0,7855231.0,0,1,Khách hàng VIP (giá trị cao nhất),0.20620457499208855
3018,28,Nữ,Long An,Miền Nam,Trang sức bộ,Vàng 24K,24,23.77,0,Tự mua sắm,45268000.0,20389500.0,4.2,Có,Có,Không,Ví điện tử (Momo/ZaloPay),Giao hàng tiêu chuẩn,Online,4,Hàng tháng,33.0,36214000.0,43395236.0,50973554.0,0,0,Khách hàng phổ thông / mới,0.1525451886964576
3019,46,Nữ,Lào Cai,Miền Bắc,Vòng tay,Vàng 24K,24,18.68,0,Quà tặng gia đình,40679000.0,24066000.0,3.9,Không,Không,Có,Thẻ tín dụng,Nhận tại cửa hàng,Online,11,Nửa năm một lần,182.0,89494000.0,87059763.0,5151776.0,0,3,Khách hàng trung thành,0.34928979241226327
3020,53,Nữ,Hà Nội,Miền Bắc,Nhẫn,Vàng 18K,18,2.26,0,Cưới hỏi,3347000.0,16645000.0,2.6,Không,Không,Không,Thẻ tín dụng,Giao hàng tiêu chuẩn,Online,15,Hai tuần một lần,14.0,10041000.0,9023847.0,5368483.0,0,0,Khách hàng phổ thông / mới,0.6503457709870204
3021,34,Nữ,Hưng Yên,Miền Bắc,Dây chuyền,Vàng đính đá quý,18,6.71,1,Cưới hỏi,14960000.0,30408000.0,4.0,Không,Có,Không,Ví điện tử (Momo/ZaloPay),Giao hàng nhanh,Online,23,Hai tuần một lần,12.0,68816000.0,67336456.0,33471209.0,0,3,Khách hàng trung thành,0.43779492115916224
3022,24,Nam,Long An,Miền Nam,Dây chuyền,Vàng 18K,18,3.7,0,Quà tặng người yêu,5838000.0,29558000.0,3.8,Có,Không,Không,Ví điện tử (Momo/ZaloPay),Giao hàng nhanh,Tại cửa hàng,28,Hàng năm,374.0,32693000.0,38273695.0,555816.0,0,2,Khách hàng có nguy cơ rời bỏ,0.26400058616899374
3023,36,Nữ,TP. Hồ Chí Minh,Miền Nam,Dây chuyền,Vàng 18K,18,6.9,0,Cưới hỏi,11520000.0,17799000.0,2.9,Có,Không,Không,Tiền mặt,Giao hàng tiêu chuẩn,Online,25,Hàng quý,91.0,57600000.0,63855360.0,2759171.0,0,3,Khách hàng trung thành,0.4755939588809203
3024,27,Nữ,Kiên Giang,Miền Nam,Nhẫn,Bạch kim,20,6.02,0,Tự mua sắm,11033000.0,6000000.0,2.5,Không,Có,Không,Ví điện tử (Momo/ZaloPay),Giao hàng nhanh,Online,29,Hàng tháng,31.0,63991000.0,57143963.0,5234041.0,0,3,Khách hàng trung thành,0.5421616895187598
3025,35,Nữ,Lào Cai,Miền Bắc,Bông tai,Vàng 24K,24,2.59,1,Cưới hỏi,10248000.0,24708000.0,3.3,Có,Có,Không,Chuyển khoản ngân hàng,Giao hàng tiêu chuẩn,Online,1,Hàng quý,77.0,2050000.0,2329210.0,3668484.0,0,0,Khách hàng phổ thông / mới,0.2628877275860817
3026,48,Nữ,Bình Định,Miền Trung,Vòng tay,Bạc,5,10.98,0,Tự mua sắm,596000.0,29037000.0,4.4,Không,Có,Có,Ví điện tử (Momo/ZaloPay),Nhận tại cửa hàng,Online,1,Nửa năm một lần,189.0,119000.0,119155.0,103999.0,0,0,Khách hàng phổ thông / mới,0.17117215063262886
3027,23,Nam,Đồng Nai,Miền Nam,Trang sức bộ,Vàng 18K,18,33.39,0,Quà tặng người yêu,52650000.0,24048000.0,2.8,Không,Không,Không,Tiền mặt,Nhận tại cửa hàng,Tại cửa hàng,13,Nửa năm một lần,200.0,136890000.0,124583589.0,9603732.0,1,1,Khách hàng VIP (giá trị cao nhất),0.681518652908093
3028,53,Nữ,Nam Định,Miền Bắc,Vòng tay,Bạc,5,10.21,0,Cưới hỏi,601000.0,24958000.0,4.9,Không,Không,Không,Tiền mặt,Giao hàng tiêu chuẩn,Online,25,Hàng quý,92.0,3005000.0,3094549.0,179640.0,0,3,Khách hàng trung thành,0.4636004320441726
3029,28,Nữ,Kiên Giang,Miền Nam,Dây chuyền,Bạc,5,9.47,0,Tự mua sắm,636000.0,22527000.0,3.9,Không,Không,Không,Thẻ tín dụng,Giao hàng nhanh,Tại cửa hàng,10,Hàng quý,89.0,1272000.0,1237402.0,198506.0,0,0,Khách hàng phổ thông / mới,0.5494449056634533
3030,60,Nữ,Gia Lai,Miền Trung,Vòng tay,Vàng 18K,18,19.0,0,Quà tặng người yêu,25857000.0,20200000.0,4.4,Không,Có,Không,Ví điện tử (Momo/ZaloPay),Giao hàng tiêu chuẩn,Online,8,Hàng quý,103.0,41371000.0,41424782.0,9095404.0,0,0,Khách hàng phổ thông / mới,0.22490260070325901
3031,53,Nữ,Hà Nội,Miền Bắc,Nhẫn,Bạc,5,4.81,0,Tự mua sắm,300000.0,16811000.0,4.9,Không,Không,Không,Thẻ tín dụng,Giao hàng nhanh,Online,8,Nửa năm một lần,188.0,480000.0,494304.0,31761.0,1,0,Khách hàng phổ thông / mới,0.655622470991611
3032,31,Nữ,Hà Nội,Miền Bắc,Bông tai,Bạc,5,1.85,0,Tự mua sắm,307000.0,21090000.0,3.2,Không,Có,Không,Chuyển khoản ngân hàng,Nhận tại cửa hàng,Online,23,Hàng năm,398.0,1412000.0,1317255.0,21522.0,0,2,Khách hàng có nguy cơ rời bỏ,0.5633066835167778
3033,45,Nữ,Bà Rịa - Vũng Tàu,Miền Nam,Bông tai,Vàng 24K,24,1.72,0,Tự mua sắm,3744000.0,19970000.0,4.0,Không,Không,Có,Tiền mặt,Giao hàng nhanh,Online,24,Hàng quý,82.0,17971000.0,17584624.0,1416706.0,0,3,Khách hàng trung thành,0.455100010358663
3034,23,Nữ,TP. Hồ Chí Minh,Miền Nam,Nhẫn,Vàng đính đá quý,18,7.34,1,Lễ/Tết,14580000.0,25078000.0,3.4,Không,Có,Không,Thẻ tín dụng,Nhận tại cửa hàng,Online,11,Hàng năm,331.0,32076000.0,30289367.0,1428302.0,0,2,Khách hàng có nguy cơ rời bỏ,0.44090249300845696
3035,22,Nữ,Bình Dương,Miền Nam,Dây chuyền,Bạch kim,20,13.63,0,Quà tặng gia đình,26061000.0,14213000.0,2.7,Có,Không,Không,Ví điện tử (Momo/ZaloPay),Nhận tại cửa hàng,Online,2,Hàng năm,411.0,10424000.0,11412195.0,1727701.0,1,2,Khách hàng có nguy cơ rời bỏ,0.710087339840533
3036,63,Nữ,Đồng Nai,Miền Nam,Lắc chân,Vàng đính đá quý,18,5.26,1,Quà tặng người yêu,13940000.0,19605000.0,4.5,Không,Không,Có,Thẻ tín dụng,Giao hàng tiêu chuẩn,Tại cửa hàng,7,Hàng quý,102.0,19516000.0,19652612.0,4125417.0,0,0,Khách hàng phổ thông / mới,0.2214819411809387
3037,56,Nam,Huế,Miền Trung,Vòng tay,Bạc,5,14.35,0,Tự mua sắm,888000.0,22746000.0,2.5,Có,Có,Có,Ví điện tử (Momo/ZaloPay),Giao hàng tiêu chuẩn,Online,9,Hàng tuần,6.0,1598000.0,1727438.0,1470797.0,0,0,Khách hàng phổ thông / mới,0.19705341190985196
3038,25,Nam,Đồng Nai,Miền Nam,Vòng tay,Vàng 18K,18,7.5,1,Cưới hỏi,12029000.0,14960000.0,4.7,Không,Có,Có,Chuyển khoản ngân hàng,Giao hàng nhanh,Tại cửa hàng,15,Nửa năm một lần,207.0,36087000.0,36751001.0,1536775.0,0,3,Khách hàng trung thành,0.1822624325464958
3039,31,Nam,Tiền Giang,Miền Nam,Bông tai,Vàng 18K,18,2.16,0,Sinh nhật,3395000.0,10874000.0,4.5,Không,Có,Không,Tiền mặt,Nhận tại cửa hàng,Tại cửa hàng,12,Hàng năm,390.0,8148000.0,8205036.0,282472.0,0,2,Khách hàng có nguy cơ rời bỏ,0.37112166233153926
3040,27,Nam,Quảng Ninh,Miền Bắc,Vòng tay,Vàng 18K,18,12.235,0,Tự mua sắm,27117000.0,24869000.0,4.1,Không,Có,Không,Ví điện tử (Momo/ZaloPay),Giao hàng tiêu chuẩn,Online,6,Hai tuần một lần,13.0,32540000.0,32025868.0,51513147.0,0,0,Khách hàng phổ thông / mới,0.24947087334884666
3041,36,Nữ,Bình Dương,Miền Nam,Nhẫn,Vàng 24K,24,4.11,0,Tự mua sắm,8269000.0,11750000.0,4.0,Không,Có,Có,Ví điện tử (Momo/ZaloPay),Giao hàng tiêu chuẩn,Online,30,Hàng tháng,27.0,49614000.0,48547299.0,9285326.0,0,3,Khách hàng trung thành,0.20027343350984828
3042,31,Nữ,Vĩnh Phúc,Miền Bắc,Lắc chân,Vàng 18K,18,4.88,1,Lễ/Tết,11694000.0,21895000.0,4.6,Không,Không,Có,Ví điện tử (Momo/ZaloPay),Nhận tại cửa hàng,Online,13,Nửa năm một lần,190.0,30404000.0,30790131.0,1994942.0,0,0,Khách hàng phổ thông / mới,0.28493861323677355
3043,33,Nam,Lào Cai,Miền Bắc,Trang sức bộ,Vàng 18K,18,23.1,0,Tự mua sắm,37037000.0,24433000.0,2.6,Có,Không,Không,Thẻ tín dụng,Giao hàng tiêu chuẩn,Online,7,Hàng năm,321.0,51852000.0,56409791.0,3247976.0,1,2,Khách hàng có nguy cơ rời bỏ,0.5935172157582047
3044,43,Nữ,Huế,Miền Trung,Nhẫn,Vàng 24K,24,7.03,0,Tự mua sắm,14287000.0,31249000.0,4.3,Có,Có,Không,Thẻ tín dụng,Giao hàng nhanh,Online,12,Hai tuần một lần,15.0,34289000.0,41325103.0,29450750.0,0,0,Khách hàng phổ thông / mới,0.13081901376492613
3045,27,Nữ,Bà Rịa - Vũng Tàu,Miền Nam,Nhẫn,Vàng đính đá quý,18,6.91,1,Tự mua sắm,17199000.0,36479000.0,3.0,Có,Không,Có,Thẻ tín dụng,Nhận tại cửa hàng,Online,23,Hàng quý,99.0,79115000.0,88252782.0,4308653.0,0,3,Khách hàng trung thành,0.2560820420463881
3046,60,Nữ,Hà Nội,Miền Bắc,Bông tai,Vàng 24K,24,4.31,0,Quà tặng người yêu,9554000.0,31538000.0,2.6,Không,Không,Không,Chuyển khoản ngân hàng,Giao hàng tiêu chuẩn,Tại cửa hàng,29,Hàng tháng,30.0,55413000.0,49799663.0,9198686.0,0,3,Khách hàng trung thành,0.6323980771390757
3047,52,Nam,Đà Nẵng,Miền Trung,Vòng tay,Bạc,5,17.2,0,Quà tặng người yêu,857000.0,16883000.0,3.3,Có,Không,Có,Thẻ tín dụng,Giao hàng tiêu chuẩn,Tại cửa hàng,14,Hàng năm,401.0,2400000.0,2726880.0,71157.0,0,2,Khách hàng có nguy cơ rời bỏ,0.2894560587594736
3048,54,Nữ,TP. Hồ Chí Minh,Miền Nam,Dây chuyền,Bạch kim,20,12.35,0,Sinh nhật,23196000.0,19865000.0,3.3,Không,Không,Có,Tiền mặt,Nhận tại cửa hàng,Online,17,Nửa năm một lần,192.0,78866000.0,74023628.0,3726782.0,1,3,Khách hàng trung thành,0.6849906830806425
3049,26,Nam,Hải Phòng,Miền Bắc,Vòng tay,Bạc,5,19.45,0,Tự mua sắm,1107000.0,22379000.0,3.0,Có,Không,Có,Tiền mặt,Giao hàng tiêu chuẩn,Online,10,Hàng quý,92.0,2214000.0,2469717.0,322868.0,0,0,Khách hàng phổ thông / mới,0.3636530751118796
3050,51,Nữ,Đồng Nai,Miền Nam,Bông tai,Vàng 24K,24,4.28,0,Quà tặng người yêu,9671000.0,21331000.0,3.8,Không,Không,Có,Thẻ tín dụng,Nhận tại cửa hàng,Tại cửa hàng,21,Hàng năm,357.0,40618000.0,39281668.0,845488.0,1,2,Khách hàng có nguy cơ rời bỏ,0.4833769255166744
3051,58,Nam,Tiền Giang,Miền Nam,Vòng tay,Bạc,5,13.97,0,Sinh nhật,621000.0,23257000.0,3.9,Không,Không,Có,Ví điện tử (Momo/ZaloPay),Giao hàng nhanh,Tại cửa hàng,21,Hàng quý,94.0,2608000.0,2537062.0,223685.0,0,3,Khách hàng trung thành,0.35649432059506686
3052,26,Nữ,Hà Nội,Miền Bắc,Nhẫn,Bạch kim,20,7.39,0,Cưới hỏi,13890000.0,28983000.0,4.8,Không,Không,Có,Ví điện tử (Momo/ZaloPay),Giao hàng tiêu chuẩn,Online,6,Hàng năm,417.0,16668000.0,17069699.0,630557.0,0,2,Khách hàng có nguy cơ rời bỏ,0.32604991645270237
3053,54,Nữ,Quảng Ninh,Miền Bắc,Nhẫn,Vàng đính đá quý,18,3.85,1,Tự mua sắm,10791000.0,22837000.0,4.4,Không,Có,Có,Ví điện tử (Momo/ZaloPay),Giao hàng nhanh,Tại cửa hàng,17,Hàng tháng,27.0,36689000.0,36736696.0,14491514.0,0,3,Khách hàng trung thành,0.21762281465613925
3054,35,Nam,Tây Ninh,Miền Nam,Dây chuyền,Vàng 18K,18,8.91,0,Sinh nhật,13465000.0,27188000.0,4.6,Không,Có,Không,Chuyển khoản ngân hàng,Giao hàng tiêu chuẩn,Tại cửa hàng,30,Hàng tuần,6.0,80790000.0,81816033.0,37950058.0,0,3,Khách hàng trung thành,0.3956408853348948
3055,55,Nam,Thái Nguyên,Miền Bắc,Trang sức bộ,Vàng 24K,24,31.48,0,Quà tặng người yêu,68959000.0,14065000.0,4.8,Không,Không,Không,Ví điện tử (Momo/ZaloPay),Nhận tại cửa hàng,Online,8,Hàng quý,94.0,110334000.0,112993049.0,23693759.0,1,1,Khách hàng VIP (giá trị cao nhất),0.6013883430107443
3056,40,Nữ,Hà Nội,Miền Bắc,Vòng tay,Bạc,5,19.68,1,Quà tặng người yêu,2528000.0,24444000.0,4.5,Có,Có,Có,Ví điện tử (Momo/ZaloPay),Giao hàng nhanh,Online,15,Hàng tháng,34.0,7584000.0,9244896.0,2711290.0,0,0,Khách hàng phổ thông / mới,0.07655639713318008
3057,56,Nữ,Kiên Giang,Miền Nam,Dây chuyền,Vàng 18K,18,8.06,0,Cưới hỏi,11318000.0,10311000.0,2.8,Không,Có,Không,Ví điện tử (Momo/ZaloPay),Nhận tại cửa hàng,Online,21,Hàng năm,365.0,47536000.0,43262514.0,700568.0,1,2,Khách hàng có nguy cơ rời bỏ,0.6201393528564254
3058,25,Nữ,An Giang,Miền Nam,Trang sức bộ,Bạch kim,20,24.74,0,Sinh nhật,40112000.0,27990000.0,3.0,Không,Có,Có,Chuyển khoản ngân hàng,Giao hàng tiêu chuẩn,Online,3,Hàng quý,87.0,24067000.0,22177740.0,12065422.0,0,0,Khách hàng phổ thông / mới,0.3030222652218844
3059,36,Nam,TP. Hồ Chí Minh,Miền Nam,Dây chuyền,Bạc,5,13.05,0,Quà tặng gia đình,516000.0,19510000.0,3.5,Có,Không,Không,Tiền mặt,Nhận tại cửa hàng,Online,16,Hàng tháng,34.0,1651000.0,1898650.0,431647.0,0,0,Khách hàng phổ thông / mới,0.2732733434998059
3060,31,Nam,Bình Định,Miền Trung,Vòng tay,Bạch kim,20,12.78,1,Cưới hỏi,28716000.0,10841000.0,3.3,Có,Không,Có,Thẻ tín dụng,Giao hàng tiêu chuẩn,Online,19,Nửa năm một lần,170.0,109121000.0,123983280.0,4352624.0,1,1,Khách hàng VIP (giá trị cao nhất),0.5466298871020935
3061,29,Nữ,Tiền Giang,Miền Nam,Nhẫn,Vàng đính đá quý,18,4.13,1,Sinh nhật,10357000.0,18427000.0,4.7,Không,Không,Có,Ví điện tử (Momo/ZaloPay),Giao hàng nhanh,Tại cửa hàng,17,Hàng quý,85.0,35214000.0,35861938.0,4796955.0,0,3,Khách hàng trung thành,0.3475454914766403
3062,32,Nữ,TP. Hồ Chí Minh,Miền Nam,Bông tai,Bạc,5,1.32,0,Tự mua sắm,300000.0,23879000.0,3.8,Không,Có,Không,Chuyển khoản ngân hàng,Nhận tại cửa hàng,Online,10,Hàng quý,88.0,600000.0,580260.0,86500.0,0,0,Khách hàng phổ thông / mới,0.38699829658529517
3063,36,Nam,TP. Hồ Chí Minh,Miền Nam,Bông tai,Vàng đính đá quý,18,2.06,1,Tự mua sắm,5075000.0,12118000.0,4.7,Không,Không,Có,Tiền mặt,Nhận tại cửa hàng,Tại cửa hàng,25,Hàng tháng,30.0,25375000.0,25841900.0,4567508.0,0,3,Khách hàng trung thành,0.33743058036259693
3064,24,Nữ,Long An,Miền Nam,Bông tai,Bạc,5,2.66,0,Cưới hỏi,609000.0,13917000.0,3.5,Có,Có,Có,Tiền mặt,Nhận tại cửa hàng,Online,9,Hàng năm,316.0,1096000.0,1260400.0,59944.0,0,2,Khách hàng có nguy cơ rời bỏ,0.10809069138722291
3065,51,Nữ,TP. Hồ Chí Minh,Miền Nam,Dây chuyền,Vàng 24K,24,7.82,0,Quà tặng người yêu,15211000.0,18918000.0,4.8,Không,Có,Không,Chuyển khoản ngân hàng,Nhận tại cửa hàng,Online,16,Nửa năm một lần,177.0,48675000.0,49848068.0,2020261.0,0,3,Khách hàng trung thành,0.32637531847072393
3066,44,Nam,Quảng Nam,Miền Trung,Dây chuyền,Bạch kim,20,12.31,1,Quà tặng gia đình,26310000.0,27104000.0,2.7,Có,Không,Không,Ví điện tử (Momo/ZaloPay),Nhận tại cửa hàng,Online,10,Hàng năm,374.0,52620000.0,57608376.0,1960118.0,1,2,Khách hàng có nguy cơ rời bỏ,0.6820494579841082
3067,57,Nữ,Nghệ An,Miền Trung,Nhẫn,Bạc,5,2.58,0,Quà tặng gia đình,659000.0,7960000.0,3.6,Không,Có,Có,Chuyển khoản ngân hàng,Giao hàng nhanh,Online,26,Nửa năm một lần,161.0,3427000.0,3275184.0,129812.0,0,3,Khách hàng trung thành,0.24721430944842604
3068,51,Nam,Quảng Nam,Miền Trung,Trang sức bộ,Vàng đính đá quý,18,11.81,1,Sinh nhật,25622000.0,24898000.0,4.8,Không,Không,Có,Ví điện tử (Momo/ZaloPay),Nhận tại cửa hàng,Online,14,Hàng quý,89.0,71742000.0,73470982.0,8119167.0,0,3,Khách hàng trung thành,0.3113774604817153
3069,25,Nữ,Khánh Hòa,Miền Trung,Nhẫn,Vàng 18K,18,5.32,0,Tự mua sắm,9132000.0,18348000.0,3.6,Có,Không,Không,Tiền mặt,Giao hàng nhanh,Online,12,Hàng tuần,7.0,21917000.0,25355777.0,26935483.0,0,0,Khách hàng phổ thông / mới,0.31040224064219696
3070,21,Nữ,Thanh Hóa,Miền Trung,Bông tai,Vàng 18K,18,1.04,0,Quà tặng người yêu,2074000.0,27391000.0,4.3,Không,Không,Có,Ví điện tử (Momo/ZaloPay),Giao hàng nhanh,Tại cửa hàng,9,Nửa năm một lần,161.0,3733000.0,3716575.0,349638.0,0,0,Khách hàng phổ thông / mới,0.33137168472922296
3071,38,Nữ,Đà Nẵng,Miền Trung,Bông tai,Bạch kim,20,5.65,0,Quà tặng người yêu,10778000.0,23717000.0,3.4,Có,Không,Có,Tiền mặt,Giao hàng tiêu chuẩn,Tại cửa hàng,17,Hai tuần một lần,16.0,36645000.0,41888900.0,14699751.0,0,3,Khách hàng trung thành,0.3480393466146127
3072,41,Nam,Đồng Nai,Miền Nam,Nhẫn,Vàng 24K,24,3.16,1,Quà tặng người yêu,11089000.0,30603000.0,4.6,Có,Không,Không,Ví điện tử (Momo/ZaloPay),Giao hàng nhanh,Online,24,Hàng năm,349.0,53227000.0,65250979.0,1008387.0,0,2,Khách hàng có nguy cơ rời bỏ,0.22244448275359474
3073,29,Nữ,Huế,Miền Trung,Dây chuyền,Bạc,5,13.0,0,Tự mua sắm,764000.0,23244000.0,4.1,Có,Có,Có,Ví điện tử (Momo/ZaloPay),Giao hàng tiêu chuẩn,Online,19,Hàng tháng,30.0,2903000.0,3458634.0,1005338.0,0,3,Khách hàng trung thành,0.06438569144755356
3074,55,Nữ,Hà Nội,Miền Bắc,Nhẫn,Bạc,5,3.97,0,Cưới hỏi,320000.0,13446000.0,4.5,Có,Không,Không,Chuyển khoản ngân hàng,Nhận tại cửa hàng,Tại cửa hàng,6,Hàng quý,91.0,384000.0,468096.0,105844.0,0,0,Khách hàng phổ thông / mới,0.3560609650522205
3075,45,Nữ,Hưng Yên,Miền Bắc,Vòng tay,Vàng 24K,24,19.98,0,Quà tặng người yêu,39136000.0,24330000.0,3.8,Không,Có,Có,Chuyển khoản ngân hàng,Giao hàng tiêu chuẩn,Online,1,Hàng quý,81.0,7827000.0,7569492.0,15082544.0,0,0,Khách hàng phổ thông / mới,0.18714490959047936
3076,53,Nữ,Nam Định,Miền Bắc,Trang sức bộ,Vàng 24K,24,22.53,0,Quà tặng người yêu,49415000.0,25252000.0,4.1,Không,Không,Có,Thẻ tín dụng,Giao hàng tiêu chuẩn,Online,5,Hàng quý,92.0,49415000.0,48634243.0,18122792.0,0,0,Khách hàng phổ thông / mới,0.2596419669342704
3077,23,Nam,Đồng Nai,Miền Nam,Dây chuyền,Bạch kim,20,14.55,0,Quà tặng người yêu,27382000.0,15115000.0,3.8,Có,Không,Không,Chuyển khoản ngân hàng,Giao hàng tiêu chuẩn,Online,27,Nửa năm một lần,168.0,147863000.0,173103214.0,3772460.0,0,1,Khách hàng VIP (giá trị cao nhất),0.3092629846646496
3078,57,Nữ,Đà Nẵng,Miền Trung,Trang sức bộ,Vàng 24K,24,21.72,1,Sinh nhật,49720000.0,18207000.0,3.9,Không,Có,Không,Ví điện tử (Momo/ZaloPay),Giao hàng tiêu chuẩn,Online,4,Nửa năm một lần,188.0,39776000.0,38694093.0,10365451.0,0,0,Khách hàng phổ thông / mới,0.2750387100067292
3079,27,Nữ,Hưng Yên,Miền Bắc,Nhẫn,Bạch kim,20,6.14,0,Sinh nhật,11791000.0,6000000.0,4.2,Không,Không,Không,Thẻ tín dụng,Nhận tại cửa hàng,Online,6,Nửa năm một lần,161.0,14149000.0,14006095.0,2277097.0,0,0,Khách hàng phổ thông / mới,0.5532542863225595
3080,39,Nữ,Cần Thơ,Miền Nam,Dây chuyền,Bạc,5,3.76,0,Tự mua sắm,648000.0,26038000.0,2.8,Có,Không,Có,Thẻ tín dụng,Giao hàng tiêu chuẩn,Tại cửa hàng,13,Hàng năm,397.0,1685000.0,1856364.0,63351.0,0,2,Khách hàng có nguy cơ rời bỏ,0.2775640379738369
3081,39,Nam,Hà Nội,Miền Bắc,Trang sức bộ,Bạc,5,21.12,0,Sinh nhật,2321000.0,19881000.0,4.4,Có,Không,Không,Ví điện tử (Momo/ZaloPay),Giao hàng nhanh,Online,6,Hàng quý,100.0,2785000.0,3375698.0,604426.0,0,0,Khách hàng phổ thông / mới,0.2843132292482086
3082,57,Nữ,Quảng Ninh,Miền Bắc,Lắc chân,Vàng 18K,18,5.44,0,Sinh nhật,8095000.0,17929000.0,3.4,Có,Có,Không,Ví điện tử (Momo/ZaloPay),Nhận tại cửa hàng,Tại cửa hàng,4,Hàng quý,103.0,6476000.0,7402716.0,3129349.0,0,0,Khách hàng phổ thông / mới,0.32249924792496976
3083,31,Nữ,Cần Thơ,Miền Nam,Dây chuyền,Vàng 24K,24,12.52,1,Tự mua sắm,29188000.0,13306000.0,2.5,Không,Không,Không,Chuyển khoản ngân hàng,Giao hàng nhanh,Tại cửa hàng,6,Hàng năm,408.0,35026000.0,31278218.0,2445628.0,1,2,Khách hàng có nguy cơ rời bỏ,0.7263079770874121
3084,29,Nữ,Bình Định,Miền Trung,Bông tai,Bạch kim,20,3.66,0,Cưới hỏi,6613000.0,16743000.0,4.1,Không,Có,Không,Tiền mặt,Giao hàng nhanh,Online,1,Hàng tháng,31.0,1323000.0,1302097.0,7036747.0,0,0,Khách hàng phổ thông / mới,0.3217814933738284
3085,34,Nữ,Bình Dương,Miền Nam,Lắc chân,Vàng 24K,24,8.76,0,Cưới hỏi,16239000.0,23576000.0,4.0,Có,Có,Không,Ví điện tử (Momo/ZaloPay),Giao hàng nhanh,Tại cửa hàng,16,Hàng tháng,27.0,51965000.0,61552542.0,18803398.0,0,3,Khách hàng trung thành,0.14499209645315686
3086,35,Nữ,Long An,Miền Nam,Bông tai,Vàng 18K,18,2.27,0,Lễ/Tết,3885000.0,21826000.0,4.3,Có,Không,Không,Ví điện tử (Momo/ZaloPay),Giao hàng nhanh,Tại cửa hàng,9,Hàng tuần,6.0,6993000.0,8427964.0,11133612.0,0,0,Khách hàng phổ thông / mới,0.35715440624325157
3087,26,Nam,Tiền Giang,Miền Nam,Bông tai,Vàng đính đá quý,18,1.58,1,Tự mua sắm,5426000.0,17677000.0,5.0,Có,Không,Có,Thẻ tín dụng,Nhận tại cửa hàng,Tại cửa hàng,9,Nửa năm một lần,159.0,9767000.0,12242934.0,1245007.0,0,0,Khách hàng phổ thông / mới,0.1517786156011911
3088,26,Nữ,Hà Nội,Miền Bắc,Nhẫn,Vàng 18K,18,5.92,0,Sinh nhật,9374000.0,11432000.0,3.7,Không,Không,Không,Chuyển khoản ngân hàng,Giao hàng nhanh,Online,30,Nửa năm một lần,201.0,56244000.0,54072982.0,1434453.0,1,3,Khách hàng trung thành,0.6539024102052851
3089,29,Nữ,Đồng Nai,Miền Nam,Nhẫn,Vàng 18K,18,4.37,0,Cưới hỏi,7279000.0,17774000.0,4.9,Có,Không,Không,Thẻ tín dụng,Nhận tại cửa hàng,Tại cửa hàng,28,Hàng tháng,32.0,40762000.0,50813909.0,4407849.0,0,3,Khách hàng trung thành,0.3084522922292592
3090,40,Nữ,TP. Hồ Chí Minh,Miền Nam,Vòng tay,Vàng đính đá quý,18,11.26,1,Quà tặng người yêu,26037000.0,14972000.0,3.9,Không,Không,Không,Ví điện tử (Momo/ZaloPay),Nhận tại cửa hàng,Online,1,Hàng tháng,28.0,5207000.0,5065370.0,22286922.0,0,0,Khách hàng phổ thông / mới,0.45609999788828115
3091,34,Nam,Nam Định,Miền Bắc,Vòng tay,Vàng 24K,24,19.46,0,Quà tặng người yêu,42019000.0,18898000.0,3.4,Không,Không,Không,Chuyển khoản ngân hàng,Giao hàng tiêu chuẩn,Online,28,Hai tuần một lần,13.0,235306000.0,222199456.0,93723163.0,0,1,Khách hàng VIP (giá trị cao nhất),0.4263302194866666
3092,36,Nữ,Tiền Giang,Miền Nam,Nhẫn,Vàng 24K,24,2.27,0,Lễ/Tết,4342000.0,24883000.0,4.2,Không,Có,Không,Thẻ tín dụng,Giao hàng tiêu chuẩn,Online,2,Hàng quý,79.0,1737000.0,1719456.0,1740867.0,0,0,Khách hàng phổ thông / mới,0.23778812485851838
3093,52,Nữ,Huế,Miền Trung,Dây chuyền,Vàng 18K,18,10.73,0,Tự mua sắm,16896000.0,17707000.0,3.0,Có,Không,Không,Ví điện tử (Momo/ZaloPay),Giao hàng nhanh,Tại cửa hàng,18,Hàng tháng,34.0,60826000.0,67851403.0,14756381.0,0,3,Khách hàng trung thành,0.4157483855050116
3094,29,Nam,Bà Rịa - Vũng Tàu,Miền Nam,Dây chuyền,Bạch kim,20,3.72,0,Quà tặng người yêu,7485000.0,31795000.0,4.9,Không,Không,Không,Chuyển khoản ngân hàng,Giao hàng nhanh,Online,18,Nửa năm một lần,168.0,26946000.0,27748991.0,1629878.0,1,3,Khách hàng trung thành,0.6287505093847503
3095,61,Nữ,Gia Lai,Miền Trung,Vòng tay,Vàng đính đá quý,18,15.27,1,Quà tặng người yêu,30147000.0,18004000.0,3.6,Không,Có,Không,Thẻ tín dụng,Giao hàng tiêu chuẩn,Online,19,Hàng năm,403.0,114559000.0,109484036.0,1456037.0,1,1,Khách hàng VIP (giá trị cao nhất),0.6318846756389079
3096,54,Nữ,Khánh Hòa,Miền Trung,Dây chuyền,Bạch kim,20,9.72,0,Cưới hỏi,18433000.0,9563000.0,3.8,Không,Không,Không,Ví điện tử (Momo/ZaloPay),Nhận tại cửa hàng,Tại cửa hàng,15,Nửa năm một lần,196.0,55299000.0,53479663.0,2894298.0,1,3,Khách hàng trung thành,0.6435107247838836
3097,26,Nam,Quảng Ninh,Miền Bắc,Dây chuyền,Vàng đính đá quý,18,11.72,1,Cưới hỏi,20533000.0,18318000.0,4.1,Không,Có,Không,Thẻ tín dụng,Giao hàng nhanh,Online,21,Hàng năm,398.0,86239000.0,84876424.0,1041246.0,0,2,Khách hàng có nguy cơ rời bỏ,0.46534716995455055
3098,33,Nữ,An Giang,Miền Nam,Nhẫn,Vàng 24K,24,6.38,0,Sinh nhật,13924000.0,16062000.0,2.8,Không,Không,Không,Thẻ tín dụng,Giao hàng nhanh,Tại cửa hàng,4,Hàng năm,379.0,11139000.0,10137604.0,1252882.0,1,2,Khách hàng có nguy cơ rời bỏ,0.6913220067104469
3099,26,Nữ,Bình Định,Miền Trung,Lắc chân,Bạc,5,4.19,0,Sinh nhật,424000.0,43757000.0,2.7,Có,Có,Không,Thẻ tín dụng,Nhận tại cửa hàng,Online,14,Nửa năm một lần,166.0,1187000.0,1299528.0,75324.0,0,0,Khách hàng phổ thông / mới,0.264555146966005
3100,31,Nữ,Hà Nội,Miền Bắc,Vòng tay,Vàng 24K,24,9.12,0,Lễ/Tết,20504000.0,16922000.0,2.6,Không,Không,Có,Tiền mặt,Giao hàng nhanh,Online,27,Nửa năm một lần,167.0,110722000.0,99505861.0,3961556.0,1,1,Khách hàng VIP (giá trị cao nhất),0.6679013401783436
3101,35,Nữ,Hà Nội,Miền Bắc,Nhẫn,Vàng đính đá quý,18,3.14,1,Tự mua sắm,10580000.0,9697000.0,4.7,Không,Không,Không,Thẻ tín dụng,Giao hàng nhanh,Tại cửa hàng,17,Hàng năm,412.0,35972000.0,36633885.0,650594.0,0,2,Khách hàng có nguy cơ rời bỏ,0.5357956429463381
3102,24,Nữ,Bình Dương,Miền Nam,Dây chuyền,Vàng đính đá quý,18,10.3,1,Quà tặng gia đình,23169000.0,19728000.0,2.6,Không,Không,Không,Tiền mặt,Giao hàng tiêu chuẩn,Online,21,Nửa năm một lần,185.0,97310000.0,87452497.0,4622417.0,1,1,Khách hàng VIP (giá trị cao nhất),0.7036763936891259
3103,18,Nam,Quảng Ninh,Miền Bắc,Dây chuyền,Vàng 18K,18,6.1,0,Lễ/Tết,9775000.0,17937000.0,3.8,Không,Không,Không,Chuyển khoản ngân hàng,Nhận tại cửa hàng,Online,2,Hàng quý,95.0,3910000.0,3781361.0,3665657.0,0,0,Khách hàng phổ thông / mới,0.4713971359418703
3104,39,Nữ,Gia Lai,Miền Trung,Vòng tay,Bạch kim,20,12.74,0,Quà tặng gia đình,24014000.0,12180000.0,3.7,Không,Không,Có,Chuyển khoản ngân hàng,Nhận tại cửa hàng,Online,15,Hàng tuần,7.0,72042000.0,69261179.0,79609146.0,0,3,Khách hàng trung thành,0.39695456387895206
3105,51,Nữ,TP. Hồ Chí Minh,Miền Nam,Vòng tay,Bạc,5,11.63,1,Quà tặng gia đình,2446000.0,23577000.0,4.8,Không,Không,Không,Ví điện tử (Momo/ZaloPay),Nhận tại cửa hàng,Online,3,Nửa năm một lần,173.0,1468000.0,1503379.0,414273.0,1,0,Khách hàng phổ thông / mới,0.6147307106384337
3106,32,Nữ,Hưng Yên,Miền Bắc,Bông tai,Vàng 24K,24,3.93,0,Cưới hỏi,8124000.0,23883000.0,4.8,Có,Có,Có,Chuyển khoản ngân hàng,Giao hàng nhanh,Online,17,Hàng năm,387.0,27622000.0,34242993.0,695499.0,0,2,Khách hàng có nguy cơ rời bỏ,0.06797329519898335
3107,59,Nữ,Đắk Lắk,Miền Trung,Bông tai,Bạc,5,2.76,0,Quà tặng người yêu,389000.0,22108000.0,3.8,Có,Có,Không,Tiền mặt,Giao hàng tiêu chuẩn,Online,11,Nửa năm một lần,202.0,856000.0,1002119.0,50421.0,0,0,Khách hàng phổ thông / mới,0.19479847682994691
3108,35,Nam,Hải Dương,Miền Bắc,Nhẫn,Vàng đính đá quý,18,7.51,1,Quà tặng người yêu,16474000.0,18232000.0,3.5,Không,Có,Không,Chuyển khoản ngân hàng,Nhận tại cửa hàng,Tại cửa hàng,24,Hàng quý,83.0,79075000.0,75121250.0,6871444.0,0,3,Khách hàng trung thành,0.4691855346834632
3109,61,Nữ,Kiên Giang,Miền Nam,Dây chuyền,Vàng 18K,18,14.58,0,Tự mua sắm,20283000.0,19082000.0,3.7,Không,Có,Không,Tiền mặt,Giao hàng nhanh,Tại cửa hàng,24,Nửa năm một lần,164.0,97358000.0,93599981.0,4811919.0,0,1,Khách hàng VIP (giá trị cao nhất),0.4083076386887223
3110,29,Nam,Long An,Miền Nam,Nhẫn,Vàng 24K,24,3.78,0,Tự mua sắm,8435000.0,15377000.0,4.6,Không,Không,Không,Tiền mặt,Nhận tại cửa hàng,Tại cửa hàng,3,Hàng năm,317.0,5061000.0,5125275.0,952099.0,1,2,Khách hàng có nguy cơ rời bỏ,0.615791905774605
3111,43,Nam,Hưng Yên,Miền Bắc,Dây chuyền,Vàng đính đá quý,18,13.97,1,Quà tặng người yêu,26347000.0,11610000.0,2.8,Không,Có,Không,Chuyển khoản ngân hàng,Giao hàng tiêu chuẩn,Online,12,Nửa năm một lần,204.0,63233000.0,57548353.0,3365719.0,1,3,Khách hàng trung thành,0.5774656059966795
3112,54,Nữ,Khánh Hòa,Miền Trung,Dây chuyền,Vàng 18K,18,12.52,0,Lễ/Tết,19604000.0,31635000.0,2.8,Không,Không,Không,Tiền mặt,Nhận tại cửa hàng,Online,28,Hàng quý,95.0,109782000.0,99912598.0,6593476.0,0,1,Khách hàng VIP (giá trị cao nhất),0.7014938167986273
3113,20,Nữ,Quảng Nam,Miền Trung,Bông tai,Vàng 18K,18,2.13,0,Tự mua sắm,2702000.0,36263000.0,4.8,Có,Có,Không,Thẻ tín dụng,Nhận tại cửa hàng,Online,1,Hàng quý,96.0,540000.0,669438.0,647834.0,0,0,Khách hàng phổ thông / mới,0.14904222229993644
3114,62,Nữ,Kiên Giang,Miền Nam,Nhẫn,Bạc,5,5.16,0,Tự mua sắm,300000.0,14531000.0,2.6,Không,Có,Không,Ví điện tử (Momo/ZaloPay),Giao hàng tiêu chuẩn,Tại cửa hàng,4,Hàng quý,78.0,240000.0,215688.0,127273.0,0,0,Khách hàng phổ thông / mới,0.4070919963842645
3115,35,Nữ,Nghệ An,Miền Trung,Bông tai,Bạc,5,2.89,0,Sinh nhật,533000.0,20389500.0,3.5,Không,Không,Có,Thẻ tín dụng,Giao hàng nhanh,Tại cửa hàng,29,Hàng năm,354.0,3091000.0,2936450.0,48833.0,0,2,Khách hàng có nguy cơ rời bỏ,0.3455412128689093
3116,41,Nữ,Đắk Lắk,Miền Trung,Dây chuyền,Vàng 18K,18,12.61,0,Quà tặng người yêu,20066000.0,12888000.0,3.0,Có,Không,Không,Chuyển khoản ngân hàng,Giao hàng nhanh,Online,14,Hàng tháng,26.0,56185000.0,62674367.0,15360517.0,0,3,Khách hàng trung thành,0.439887598513579
3117,48,Nữ,Tiền Giang,Miền Nam,Dây chuyền,Vàng 24K,24,13.73,0,Sinh nhật,29780000.0,27115000.0,2.7,Có,Không,Không,Thẻ tín dụng,Giao hàng nhanh,Online,19,Hàng năm,386.0,113164000.0,123891947.0,1830495.0,0,1,Khách hàng VIP (giá trị cao nhất),0.339528798623938
3118,48,Nữ,Quảng Ninh,Miền Bắc,Bông tai,Bạch kim,20,4.11,0,Quà tặng người yêu,7921000.0,13774000.0,4.9,Có,Không,Không,Tiền mặt,Giao hàng tiêu chuẩn,Tại cửa hàng,8,Hàng tháng,29.0,12674000.0,15799408.0,7776524.0,0,0,Khách hàng phổ thông / mới,0.3516053523069563
3119,19,Nữ,Bình Định,Miền Trung,Nhẫn,Vàng 18K,18,5.6,0,Tự mua sắm,8938000.0,24029000.0,2.9,Có,Không,Không,Tiền mặt,Giao hàng tiêu chuẩn,Online,13,Hàng năm,418.0,23239000.0,25762755.0,606744.0,0,2,Khách hàng có nguy cơ rời bỏ,0.46966864852766055
3120,59,Nữ,Hải Phòng,Miền Bắc,Dây chuyền,Bạc,5,11.66,1,Cưới hỏi,2251000.0,24535000.0,3.6,Không,Có,Không,Tiền mặt,Giao hàng tiêu chuẩn,Tại cửa hàng,20,Hàng quý,96.0,9004000.0,8605123.0,550295.0,0,3,Khách hàng trung thành,0.44213532743595074
3121,47,Nữ,Quảng Ngãi,Miền Trung,Dây chuyền,Vàng đính đá quý,18,8.94,1,Cưới hỏi,22001000.0,19747000.0,3.1,Không,Không,Không,Tiền mặt,Giao hàng nhanh,Online,10,Nửa năm một lần,162.0,44002000.0,40798654.0,4359523.0,1,0,Khách hàng phổ thông / mới,0.7916927114747078
3122,65,Nam,Thanh Hóa,Miền Trung,Bông tai,Vàng 24K,24,3.35,0,Sinh nhật,7246000.0,31419000.0,3.7,Không,Có,Có,Tiền mặt,Giao hàng tiêu chuẩn,Tại cửa hàng,26,Nửa năm một lần,165.0,37679000.0,36224591.0,1377089.0,1,3,Khách hàng trung thành,0.46670210576389176
3123,40,Nam,Kiên Giang,Miền Nam,Nhẫn,Vàng đính đá quý,18,5.16,1,Tự mua sắm,13954000.0,17951000.0,4.4,Không,Không,Không,Ví điện tử (Momo/ZaloPay),Giao hàng nhanh,Tại cửa hàng,28,Nửa năm một lần,161.0,78142000.0,78243585.0,2509202.0,1,3,Khách hàng trung thành,0.6344262033798727
3124,47,Nữ,Huế,Miền Trung,Trang sức bộ,Bạch kim,20,30.46,0,Cưới hỏi,51071000.0,20836000.0,4.1,Không,Có,Không,Ví điện tử (Momo/ZaloPay),Giao hàng nhanh,Tại cửa hàng,19,Nửa năm một lần,168.0,194070000.0,191003694.0,7879138.0,1,1,Khách hàng VIP (giá trị cao nhất),0.5898340800947846
3125,39,Nữ,Bắc Ninh,Miền Bắc,Trang sức bộ,Vàng đính đá quý,18,26.19,1,Quà tặng gia đình,51153000.0,11823000.0,3.9,Không,Không,Không,Thẻ tín dụng,Nhận tại cửa hàng,Tại cửa hàng,8,Hàng tuần,8.0,81845000.0,79618816.0,182427038.0,0,0,Khách hàng phổ thông / mới,0.47985705272334056
3126,60,Nữ,Cần Thơ,Miền Nam,Lắc chân,Vàng 18K,18,4.3,0,Quà tặng người yêu,6070000.0,6000000.0,3.8,Có,Có,Có,Chuyển khoản ngân hàng,Giao hàng nhanh,Tại cửa hàng,7,Hàng tháng,34.0,8498000.0,9948609.0,6951792.0,0,0,Khách hàng phổ thông / mới,0.08346283281399566
3127,57,Nam,Cần Thơ,Miền Nam,Dây chuyền,Vàng 18K,18,4.68,1,Quà tặng gia đình,13348000.0,28840000.0,2.8,Có,Không,Có,Tiền mặt,Giao hàng tiêu chuẩn,Tại cửa hàng,1,Hàng tháng,28.0,2670000.0,2941539.0,13056617.0,0,0,Khách hàng phổ thông / mới,0.22249417086456166
3128,61,Nữ,TP. Hồ Chí Minh,Miền Nam,Bông tai,Bạc,5,3.08,0,Quà tặng người yêu,546000.0,17332000.0,3.5,Không,Có,Không,Chuyển khoản ngân hàng,Giao hàng nhanh,Tại cửa hàng,24,Nửa năm một lần,168.0,2621000.0,2489950.0,86756.0,0,3,Khách hàng trung thành,0.39343799616738645
3129,42,Nữ,TP. Hồ Chí Minh,Miền Nam,Nhẫn,Vàng đính đá quý,18,5.78,1,Quà tặng người yêu,12779000.0,28615000.0,4.8,Không,Không,Không,Tiền mặt,Giao hàng tiêu chuẩn,Online,27,Nửa năm một lần,169.0,69007000.0,70670069.0,2469033.0,1,3,Khách hàng trung thành,0.5376011971426858
3130,55,Nữ,Hưng Yên,Miền Bắc,Lắc chân,Vàng đính đá quý,18,6.52,1,Quà tặng gia đình,13952000.0,18834000.0,4.6,Không,Không,Có,Chuyển khoản ngân hàng,Giao hàng tiêu chuẩn,Online,29,Hàng tháng,30.0,80922000.0,81949709.0,13052859.0,0,3,Khách hàng trung thành,0.2481700249073675
3131,35,Nữ,TP. Hồ Chí Minh,Miền Nam,Vòng tay,Vàng 18K,18,10.73,0,Tự mua sắm,15564000.0,19338000.0,2.7,Không,Có,Không,Thẻ tín dụng,Nhận tại cửa hàng,Online,30,Nửa năm một lần,181.0,93384000.0,84456490.0,2514941.0,1,1,Khách hàng VIP (giá trị cao nhất),0.567134984820264
3132,40,Nữ,Hà Nội,Miền Bắc,Nhẫn,Bạc,5,7.32,0,Tự mua sắm,848000.0,21842000.0,4.6,Có,Không,Có,Ví điện tử (Momo/ZaloPay),Giao hàng tiêu chuẩn,Online,5,Hàng tháng,30.0,848000.0,1039563.0,960901.0,0,0,Khách hàng phổ thông / mới,0.19971954581040002
3133,54,Nữ,Thái Nguyên,Miền Bắc,Dây chuyền,Vàng 24K,24,13.42,0,Tự mua sắm,25093000.0,17464000.0,4.6,Có,Có,Có,Ví điện tử (Momo/ZaloPay),Giao hàng tiêu chuẩn,Tại cửa hàng,21,Hàng quý,79.0,105391000.0,129198827.0,6254026.0,0,1,Khách hàng VIP (giá trị cao nhất),0.05566606033947916
3134,21,Nam,Tiền Giang,Miền Nam,Lắc chân,Bạc,5,7.28,0,Sinh nhật,790000.0,7953000.0,4.5,Không,Có,Có,Thẻ tín dụng,Giao hàng nhanh,Tại cửa hàng,8,Hàng quý,83.0,1264000.0,1272848.0,353300.0,0,0,Khách hàng phổ thông / mới,0.16675397402858716
3135,52,Nữ,TP. Hồ Chí Minh,Miền Nam,Lắc chân,Bạch kim,20,9.46,0,Tự mua sắm,15804000.0,15021000.0,4.5,Không,Có,Có,Tiền mặt,Giao hàng nhanh,Tại cửa hàng,6,Nửa năm một lần,179.0,18965000.0,19097755.0,2683367.0,0,0,Khách hàng phổ thông / mới,0.19740734634033333
3136,18,Nam,Nam Định,Miền Bắc,Vòng tay,Bạch kim,20,11.78,0,Quà tặng người yêu,21938000.0,12430000.0,5.0,Không,Không,Có,Thẻ tín dụng,Nhận tại cửa hàng,Tại cửa hàng,16,Hàng tuần,6.0,70202000.0,72694171.0,60939238.0,0,3,Khách hàng trung thành,0.31160532062998064
3137,45,Nữ,Hải Phòng,Miền Bắc,Vòng tay,Vàng 18K,18,14.05,0,Tự mua sắm,19487000.0,20465000.0,2.6,Không,Có,Không,Thẻ tín dụng,Nhận tại cửa hàng,Tại cửa hàng,21,Hàng năm,379.0,81845000.0,73554102.0,1517731.0,0,2,Khách hàng có nguy cơ rời bỏ,0.4719999354107618
3138,40,Nữ,Kiên Giang,Miền Nam,Bông tai,Vàng đính đá quý,18,2.37,1,Quà tặng gia đình,9977000.0,28219000.0,3.5,Không,Không,Có,Thẻ tín dụng,Giao hàng tiêu chuẩn,Tại cửa hàng,23,Nửa năm một lần,163.0,45894000.0,43599300.0,1823840.0,0,3,Khách hàng trung thành,0.40022412685766096
3139,40,Nữ,Hải Phòng,Miền Bắc,Lắc chân,Vàng 24K,24,7.48,0,Lễ/Tết,16712000.0,15321000.0,4.9,Không,Không,Không,Chuyển khoản ngân hàng,Nhận tại cửa hàng,Online,15,Nửa năm một lần,174.0,50136000.0,51630053.0,1983495.0,1,3,Khách hàng trung thành,0.5948048166553341
3140,41,Nam,Hải Dương,Miền Bắc,Bông tai,Vàng 18K,18,4.21,0,Tự mua sắm,6198000.0,19763000.0,3.9,Không,Có,Không,Ví điện tử (Momo/ZaloPay),Nhận tại cửa hàng,Tại cửa hàng,4,Hàng tháng,32.0,4958000.0,4823142.0,7374200.0,0,0,Khách hàng phổ thông / mới,0.34824187865816764
3141,41,Nữ,Thái Nguyên,Miền Bắc,Dây chuyền,Bạc,5,8.3,0,Tự mua sắm,666000.0,22132000.0,4.2,Không,Có,Không,Tiền mặt,Giao hàng tiêu chuẩn,Tại cửa hàng,3,Nửa năm một lần,187.0,400000.0,395960.0,107640.0,0,0,Khách hàng phổ thông / mới,0.34763295350389894
3142,37,Nam,Hà Nội,Miền Bắc,Bông tai,Bạc,5,4.8,0,Sinh nhật,300000.0,14661000.0,3.4,Không,Có,Không,Chuyển khoản ngân hàng,Giao hàng nhanh,Tại cửa hàng,2,Hàng năm,410.0,120000.0,113316.0,23702.0,0,2,Khách hàng có nguy cơ rời bỏ,0.48587263578236467
3143,39,Nữ,Vĩnh Phúc,Miền Bắc,Lắc chân,Bạch kim,20,5.41,0,Sinh nhật,9784000.0,20389500.0,3.0,Không,Có,Không,Tiền mặt,Nhận tại cửa hàng,Online,24,Hàng quý,84.0,46963000.0,43276404.0,4092783.0,1,3,Khách hàng trung thành,0.6718769567912823
3144,45,Nữ,Tây Ninh,Miền Nam,Nhẫn,Bạc,5,1.58,0,Lễ/Tết,300000.0,28403000.0,4.9,Không,Không,Không,Chuyển khoản ngân hàng,Giao hàng nhanh,Tại cửa hàng,18,Hàng tháng,26.0,1080000.0,1112184.0,282528.0,1,3,Khách hàng trung thành,0.6190312630037692
3145,54,Nữ,Lào Cai,Miền Bắc,Dây chuyền,Vàng 24K,24,13.97,0,Tự mua sắm,28414000.0,23995000.0,3.4,Không,Có,Không,Chuyển khoản ngân hàng,Giao hàng nhanh,Online,11,Hàng quý,90.0,62511000.0,59029137.0,10278527.0,0,3,Khách hàng trung thành,0.45020012283820526
3146,44,Nữ,Khánh Hòa,Miền Trung,Nhẫn,Vàng 24K,24,3.85,1,Sinh nhật,11537000.0,20288000.0,3.9,Không,Không,Không,Ví điện tử (Momo/ZaloPay),Nhận tại cửa hàng,Online,24,Hàng quý,82.0,55378000.0,53871718.0,4017512.0,0,3,Khách hàng trung thành,0.5606121075898199
3147,48,Nữ,TP. Hồ Chí Minh,Miền Nam,Dây chuyền,Bạc,5,6.03,0,Tự mua sắm,403000.0,14993000.0,3.1,Không,Không,Không,Chuyển khoản ngân hàng,Giao hàng nhanh,Online,11,Hàng tháng,27.0,887000.0,822426.0,516028.0,0,0,Khách hàng phổ thông / mới,0.7070428582162475
3148,58,Nữ,Bình Định,Miền Trung,Bông tai,Bạc,5,3.38,1,Quà tặng người yêu,2249000.0,20649000.0,4.9,Không,Có,Không,Tiền mặt,Giao hàng nhanh,Online,9,Nửa năm một lần,156.0,4048000.0,4168630.0,266895.0,1,0,Khách hàng phổ thông / mới,0.42517677950700866
3149,65,Nữ,TP. Hồ Chí Minh,Miền Nam,Nhẫn,Bạc,5,3.12,1,Lễ/Tết,2281000.0,16630000.0,3.1,Không,Không,Không,Ví điện tử (Momo/ZaloPay),Giao hàng tiêu chuẩn,Online,25,Hàng quý,92.0,11405000.0,10574716.0,730537.0,1,3,Khách hàng trung thành,0.7623330599411619
3150,23,Nữ,TP. Hồ Chí Minh,Miền Nam,Vòng tay,Vàng 18K,18,16.0,0,Lễ/Tết,25012000.0,15273000.0,4.8,Không,Không,Có,Thẻ tín dụng,Giao hàng nhanh,Tại cửa hàng,18,Hàng năm,353.0,90043000.0,92213036.0,1895015.0,1,2,Khách hàng có nguy cơ rời bỏ,0.47800056128733215
3151,52,Nam,Gia Lai,Miền Trung,Nhẫn,Vàng 24K,24,3.49,0,Cưới hỏi,7436000.0,20265000.0,3.8,Có,Không,Không,Thẻ tín dụng,Giao hàng tiêu chuẩn,Tại cửa hàng,21,Hàng quý,85.0,31231000.0,36562132.0,2828674.0,0,3,Khách hàng trung thành,0.2929040070355192
3152,28,Nữ,TP. Hồ Chí Minh,Miền Nam,Lắc chân,Bạch kim,20,11.93,1,Quà tặng người yêu,22698000.0,18223000.0,4.9,Có,Có,Không,Chuyển khoản ngân hàng,Nhận tại cửa hàng,Online,25,Nửa năm một lần,176.0,113490000.0,141476634.0,4196324.0,1,1,Khách hàng VIP (giá trị cao nhất),0.49762545294783544
3153,27,Nam,Đồng Nai,Miền Nam,Lắc chân,Vàng 18K,18,5.49,1,Tự mua sắm,10584000.0,26852000.0,3.4,Có,Không,Không,Thẻ tín dụng,Giao hàng tiêu chuẩn,Tại cửa hàng,10,Hàng năm,394.0,21168000.0,24197141.0,703240.0,0,2,Khách hàng có nguy cơ rời bỏ,0.3815320319606259
3154,56,Nữ,TP. Hồ Chí Minh,Miền Nam,Vòng tay,Bạc,5,10.43,0,Quà tặng người yêu,489000.0,17244000.0,4.7,Không,Không,Không,Ví điện tử (Momo/ZaloPay),Giao hàng tiêu chuẩn,Tại cửa hàng,1,Hàng quý,83.0,98000.0,99803.0,154090.0,0,0,Khách hàng phổ thông / mới,0.38510292520312767
3155,21,Nam,Đồng Nai,Miền Nam,Bông tai,Vàng 18K,18,3.69,0,Quà tặng gia đình,5826000.0,21981000.0,4.0,Có,Không,Không,Tiền mặt,Giao hàng nhanh,Tại cửa hàng,20,Hàng tháng,30.0,23304000.0,27603588.0,5709947.0,0,3,Khách hàng trung thành,0.28804601770198296
3156,58,Nam,Bắc Ninh,Miền Bắc,Nhẫn,Vàng 18K,18,1.52,0,Quà tặng người yêu,2736000.0,18228000.0,2.8,Không,Không,Không,Tiền mặt,Giao hàng nhanh,Tại cửa hàng,11,Hàng quý,103.0,6019000.0,5477892.0,668278.0,0,0,Khách hàng phổ thông / mới,0.6285416991923989
3157,54,Nữ,TP. Hồ Chí Minh,Miền Nam,Lắc chân,Vàng 18K,18,3.04,0,Cưới hỏi,4822000.0,14863000.0,3.2,Có,Không,Có,Ví điện tử (Momo/ZaloPay),Giao hàng nhanh,Tại cửa hàng,30,Hàng quý,78.0,28932000.0,32672908.0,2135695.0,0,3,Khách hàng trung thành,0.17705961559760255
3158,65,Nam,TP. Hồ Chí Minh,Miền Nam,Bông tai,Vàng 24K,24,2.17,0,Quà tặng người yêu,4889000.0,26146000.0,4.4,Có,Không,Không,Thẻ tín dụng,Nhận tại cửa hàng,Online,10,Nửa năm một lần,191.0,9778000.0,11851914.0,716873.0,0,0,Khách hàng phổ thông / mới,0.3467402598191861
3159,50,Nữ,Vĩnh Phúc,Miền Bắc,Nhẫn,Bạc,5,2.03,1,Tự mua sắm,5140000.0,23932000.0,4.2,Không,Có,Có,Ví điện tử (Momo/ZaloPay),Giao hàng tiêu chuẩn,Online,24,Hàng năm,385.0,24672000.0,24422813.0,190945.0,0,2,Khách hàng có nguy cơ rời bỏ,0.197094440737249
3160,59,Nữ,Bà Rịa - Vũng Tàu,Miền Nam,Trang sức bộ,Vàng 18K,18,29.0,0,Tự mua sắm,46012000.0,20389500.0,3.4,Không,Không,Không,Ví điện tử (Momo/ZaloPay),Nhận tại cửa hàng,Online,22,Nửa năm một lần,178.0,202453000.0,191176368.0,7231629.0,1,1,Khách hàng VIP (giá trị cao nhất),0.6676918705824657
3161,23,Nam,Vĩnh Phúc,Miền Bắc,Nhẫn,Vàng 18K,18,7.17,0,Lễ/Tết,10068000.0,6000000.0,3.0,Không,Có,Có,Ví điện tử (Momo/ZaloPay),Giao hàng tiêu chuẩn,Online,22,Hàng năm,399.0,44299000.0,40821528.0,615482.0,1,2,Khách hàng có nguy cơ rời bỏ,0.34339977552279216
3162,60,Nam,Hải Dương,Miền Bắc,Bông tai,Vàng đính đá quý,18,3.07,1,Quà tặng gia đình,7632000.0,29444000.0,4.6,Không,Không,Không,Chuyển khoản ngân hàng,Giao hàng nhanh,Online,20,Hàng tháng,32.0,30528000.0,30915706.0,5054080.0,0,3,Khách hàng trung thành,0.5397999937615202
3163,25,Nữ,Bà Rịa - Vũng Tàu,Miền Nam,Nhẫn,Vàng 18K,18,4.86,0,Tự mua sắm,7394000.0,24940000.0,4.1,Có,Có,Không,Chuyển khoản ngân hàng,Giao hàng tiêu chuẩn,Online,3,Hàng tháng,32.0,4436000.0,5285050.0,5387891.0,0,0,Khách hàng phổ thông / mới,0.17853163672689557
3164,33,Nam,Hải Dương,Miền Bắc,Bông tai,Bạc,5,4.06,1,Cưới hỏi,4303000.0,28060000.0,4.2,Không,Không,Có,Chuyển khoản ngân hàng,Giao hàng tiêu chuẩn,Tại cửa hàng,25,Hàng tháng,27.0,21515000.0,21297698.0,4875268.0,0,3,Khách hàng trung thành,0.3779133031000258
3165,24,Nam,Huế,Miền Trung,Nhẫn,Vàng 18K,18,2.12,1,Quà tặng người yêu,5140000.0,27895000.0,3.7,Có,Không,Không,Chuyển khoản ngân hàng,Giao hàng tiêu chuẩn,Online,9,Nửa năm một lần,185.0,9252000.0,10767478.0,1032853.0,0,0,Khách hàng phổ thông / mới,0.2573442069087528
3166,37,Nam,Thanh Hóa,Miền Trung,Nhẫn,Vàng 18K,18,4.55,0,Lễ/Tết,7381000.0,20323000.0,3.4,Không,Không,Không,Thẻ tín dụng,Giao hàng tiêu chuẩn,Tại cửa hàng,17,Hàng tháng,27.0,25095000.0,23697208.0,8663434.0,0,3,Khách hàng trung thành,0.6064202980879416
3167,53,Nữ,An Giang,Miền Nam,Vòng tay,Vàng 24K,24,19.39,0,Cưới hỏi,38026000.0,18265000.0,3.5,Có,Có,Không,Ví điện tử (Momo/ZaloPay),Giao hàng nhanh,Online,8,Hai tuần một lần,12.0,60842000.0,69968300.0,84686696.0,0,0,Khách hàng phổ thông / mới,0.13796923784838783
3168,30,Nữ,Đà Nẵng,Miền Trung,Trang sức bộ,Vàng đính đá quý,18,15.2,1,Lễ/Tết,32718000.0,7259000.0,2.6,Có,Không,Không,Tiền mặt,Nhận tại cửa hàng,Online,7,Hàng năm,357.0,45805000.0,49831259.0,2975036.0,0,2,Khách hàng có nguy cơ rời bỏ,0.46750789900069484
3169,57,Nam,TP. Hồ Chí Minh,Miền Nam,Dây chuyền,Vàng 18K,18,4.01,0,Lễ/Tết,5745000.0,22369000.0,4.9,Không,Có,Không,Thẻ tín dụng,Nhận tại cửa hàng,Tại cửa hàng,12,Hàng tháng,26.0,13788000.0,14198882.0,6081063.0,0,0,Khách hàng phổ thông / mới,0.28326113550675447
3170,47,Nữ,Đồng Nai,Miền Nam,Vòng tay,Bạc,5,12.235,0,Tự mua sắm,1059000.0,17675000.0,3.4,Không,Có,Không,Thẻ tín dụng,Nhận tại cửa hàng,Online,13,Hàng tháng,26.0,2753000.0,2599658.0,1069148.0,0,0,Khách hàng phổ thông / mới,0.4494785559991851
3171,48,Nữ,Quảng Ngãi,Miền Trung,Vòng tay,Vàng đính đá quý,18,13.22,1,Tự mua sắm,28755000.0,15400000.0,3.7,Có,Không,Không,Ví điện tử (Momo/ZaloPay),Giao hàng nhanh,Tại cửa hàng,28,Hàng quý,103.0,161028000.0,187404386.0,6634991.0,0,1,Khách hàng VIP (giá trị cao nhất),0.22404873268101966
3172,63,Nam,Tiền Giang,Miền Nam,Lắc chân,Vàng 24K,24,10.82,1,Quà tặng gia đình,25196000.0,12269000.0,3.4,Không,Không,Không,Thẻ tín dụng,Giao hàng tiêu chuẩn,Online,12,Hàng tháng,33.0,60470000.0,57101821.0,15682696.0,1,3,Khách hàng trung thành,0.7164483450748853
3173,38,Nữ,Đồng Nai,Miền Nam,Dây chuyền,Bạc,5,7.26,0,Tự mua sắm,1139000.0,13068000.0,3.4,Không,Không,Có,Tiền mặt,Giao hàng tiêu chuẩn,Online,29,Hàng tuần,6.0,6606000.0,6238046.0,3177174.0,0,3,Khách hàng trung thành,0.4955284789609466
3174,34,Nữ,Huế,Miền Trung,Vòng tay,Vàng 24K,24,10.17,0,Tự mua sắm,22487000.0,10619000.0,4.2,Không,Không,Không,Ví điện tử (Momo/ZaloPay),Giao hàng tiêu chuẩn,Online,21,Hàng tháng,27.0,94445000.0,93491106.0,25696385.0,0,3,Khách hàng trung thành,0.4593223717134496
3175,65,Nữ,Kiên Giang,Miền Nam,Trang sức bộ,Vàng 18K,18,18.58,1,Sinh nhật,34459000.0,28851000.0,4.2,Không,Không,Không,Thẻ tín dụng,Giao hàng nhanh,Online,20,Hàng quý,86.0,137836000.0,136443856.0,11811516.0,0,1,Khách hàng VIP (giá trị cao nhất),0.4243647413674036
3176,44,Nữ,Khánh Hòa,Miền Trung,Dây chuyền,Vàng đính đá quý,18,13.09,1,Sinh nhật,24130000.0,28450000.0,4.5,Có,Có,Có,Chuyển khoản ngân hàng,Nhận tại cửa hàng,Online,29,Hàng năm,323.0,139954000.0,170603926.0,2073371.0,0,1,Khách hàng VIP (giá trị cao nhất),0.08077141147939053
3177,47,Nữ,Hà Nội,Miền Bắc,Dây chuyền,Vàng 24K,24,8.63,1,Sinh nhật,21801000.0,15624000.0,2.7,Không,Có,Không,Ví điện tử (Momo/ZaloPay),Giao hàng nhanh,Tại cửa hàng,30,Hàng quý,86.0,130806000.0,118300946.0,6310368.0,1,1,Khách hàng VIP (giá trị cao nhất),0.6656875804371268
3178,32,Nam,Hải Dương,Miền Bắc,Lắc chân,Vàng đính đá quý,18,5.98,1,Quà tặng gia đình,14113000.0,28492000.0,4.7,Không,Không,Có,Ví điện tử (Momo/ZaloPay),Giao hàng nhanh,Online,14,Nửa năm một lần,193.0,39516000.0,40243094.0,2433910.0,0,3,Khách hàng trung thành,0.29502692848687523
3179,28,Nữ,Quảng Ngãi,Miền Trung,Dây chuyền,Bạc,5,5.12,0,Tự mua sắm,728000.0,20399000.0,4.9,Có,Không,Không,Thẻ tín dụng,Giao hàng nhanh,Tại cửa hàng,12,Nửa năm một lần,168.0,1747000.0,2177810.0,99179.0,1,0,Khách hàng phổ thông / mới,0.2769290200989141
3180,26,Nữ,Quảng Ninh,Miền Bắc,Dây chuyền,Vàng 18K,18,4.51,1,Tự mua sắm,9606000.0,29838000.0,5.0,Có,Không,Có,Tiền mặt,Nhận tại cửa hàng,Tại cửa hàng,20,Nửa năm một lần,197.0,38424000.0,48164484.0,1667180.0,1,3,Khách hàng trung thành,0.40362080216615065
3181,28,Nữ,Đắk Lắk,Miền Trung,Dây chuyền,Vàng 24K,24,14.69,0,Quà tặng người yêu,27840000.0,23855000.0,2.8,Có,Có,Không,Ví điện tử (Momo/ZaloPay),Nhận tại cửa hàng,Online,7,Hàng năm,411.0,38976000.0,42939859.0,1665525.0,1,2,Khách hàng có nguy cơ rời bỏ,0.4910049425519045
3182,27,Nam,Thanh Hóa,Miền Trung,Lắc chân,Bạc,5,7.38,0,Lễ/Tết,402000.0,24045000.0,3.7,Không,Có,Không,Thẻ tín dụng,Giao hàng nhanh,Online,6,Hàng quý,78.0,482000.0,463395.0,133675.0,0,0,Khách hàng phổ thông / mới,0.3308061490886225
3183,53,Nữ,Bình Định,Miền Trung,Trang sức bộ,Vàng 18K,18,11.81,0,Sinh nhật,18142000.0,22895000.0,4.8,Không,Có,Có,Ví điện tử (Momo/ZaloPay),Nhận tại cửa hàng,Online,10,Hai tuần một lần,14.0,36284000.0,37158444.0,28611696.0,0,0,Khách hàng phổ thông / mới,0.14483959895991394
3184,20,Nam,Hà Nội,Miền Bắc,Bông tai,Vàng 24K,24,5.53,0,Tự mua sắm,12320000.0,14148000.0,4.4,Không,Không,Không,Ví điện tử (Momo/ZaloPay),Giao hàng nhanh,Online,18,Hàng tuần,6.0,44352000.0,44409658.0,33624272.0,0,3,Khách hàng trung thành,0.5484126127342985
3185,48,Nữ,Long An,Miền Nam,Bông tai,Vàng 18K,18,5.77,0,Quà tặng người yêu,7977000.0,11638000.0,2.7,Có,Có,Không,Thẻ tín dụng,Giao hàng tiêu chuẩn,Online,30,Hàng tháng,30.0,47862000.0,52399318.0,9377412.0,0,3,Khách hàng trung thành,0.25250095917808546
3186,63,Nữ,Thanh Hóa,Miền Trung,Dây chuyền,Vàng 24K,24,8.905000000000001,0,Lễ/Tết,13015000.0,23214000.0,4.7,Không,Không,Không,Tiền mặt,Giao hàng tiêu chuẩn,Online,22,Hàng năm,314.0,57266000.0,58319694.0,1358882.0,0,2,Khách hàng có nguy cơ rời bỏ,0.43084012002909805
3187,54,Nữ,Bắc Ninh,Miền Bắc,Nhẫn,Vàng đính đá quý,18,3.55,1,Tự mua sắm,11841000.0,20573000.0,4.6,Có,Không,Không,Thẻ tín dụng,Nhận tại cửa hàng,Online,10,Nửa năm một lần,182.0,23682000.0,29031764.0,2295559.0,0,0,Khách hàng phổ thông / mới,0.27746128516956386
3188,37,Nam,Đà Nẵng,Miền Trung,Nhẫn,Vàng 18K,18,7.74,0,Sinh nhật,11977000.0,38416000.0,4.5,Không,Có,Không,Tiền mặt,Giao hàng nhanh,Online,23,Hàng tháng,29.0,55094000.0,55479658.0,13554482.0,0,3,Khách hàng trung thành,0.3734369388958863
3189,20,Nữ,Quảng Nam,Miền Trung,Nhẫn,Vàng 18K,18,1.6,1,Cưới hỏi,6702000.0,24434000.0,3.5,Không,Có,Có,Thẻ tín dụng,Nhận tại cửa hàng,Tại cửa hàng,16,Hàng tháng,34.0,21446000.0,20373700.0,4738744.0,0,3,Khách hàng trung thành,0.25190294511222944
3190,58,Nam,Quảng Ngãi,Miền Trung,Nhẫn,Bạch kim,20,3.61,0,Cưới hỏi,7090000.0,15568000.0,4.1,Không,Không,Không,Thẻ tín dụng,Giao hàng tiêu chuẩn,Online,30,Hàng năm,330.0,42540000.0,41867868.0,606168.0,1,2,Khách hàng có nguy cơ rời bỏ,0.6814288611643817
3191,18,Nam,Khánh Hòa,Miền Trung,Bông tai,Bạc,5,3.15,0,Cưới hỏi,300000.0,18489000.0,4.3,Không,Có,Không,Chuyển khoản ngân hàng,Giao hàng nhanh,Tại cửa hàng,19,Hàng quý,79.0,1140000.0,1134984.0,97925.0,0,3,Khách hàng trung thành,0.3843408361466156
3192,50,Nữ,Hà Nội,Miền Bắc,Nhẫn,Vàng đính đá quý,18,6.51,1,Quà tặng người yêu,14955000.0,18422000.0,3.5,Có,Không,Không,Tiền mặt,Giao hàng tiêu chuẩn,Online,30,Hàng tháng,26.0,89730000.0,103189500.0,21388586.0,0,1,Khách hàng VIP (giá trị cao nhất),0.2501184599201954
3193,50,Nữ,Bà Rịa - Vũng Tàu,Miền Nam,Nhẫn,Vàng đính đá quý,18,3.89,1,Sinh nhật,10649000.0,20725000.0,4.5,Không,Không,Không,Ví điện tử (Momo/ZaloPay),Nhận tại cửa hàng,Online,24,Hàng năm,326.0,51115000.0,51472805.0,768862.0,1,2,Khách hàng có nguy cơ rời bỏ,0.6249278495438694
3194,27,Nữ,Đà Nẵng,Miền Trung,Dây chuyền,Vàng 24K,24,7.06,0,Sinh nhật,13566000.0,10440000.0,3.2,Không,Có,Không,Tiền mặt,Giao hàng tiêu chuẩn,Online,16,Nửa năm một lần,187.0,43411000.0,40498122.0,2526466.0,1,3,Khách hàng trung thành,0.597850533923525
3195,53,Nữ,Hà Nội,Miền Bắc,Dây chuyền,Vàng 18K,18,11.75,0,Sinh nhật,16854000.0,27533000.0,3.0,Có,Có,Có,Ví điện tử (Momo/ZaloPay),Giao hàng tiêu chuẩn,Tại cửa hàng,24,Hàng quý,103.0,80899000.0,90242834.0,5697953.0,0,3,Khách hàng trung thành,0.12838659494560442
3196,26,Nam,Bình Dương,Miền Nam,Nhẫn,Bạc,5,7.02,0,Tự mua sắm,924000.0,16794000.0,4.6,Không,Không,Không,Thẻ tín dụng,Giao hàng tiêu chuẩn,Tại cửa hàng,26,Hàng quý,93.0,4805000.0,4866024.0,396227.0,0,3,Khách hàng trung thành,0.5748742798237817
3197,28,Nam,TP. Hồ Chí Minh,Miền Nam,Nhẫn,Vàng 24K,24,2.11,0,Sinh nhật,5093000.0,24260000.0,3.3,Không,Không,Có,Thẻ tín dụng,Giao hàng nhanh,Online,7,Nửa năm một lần,190.0,7130000.0,6692218.0,744856.0,1,0,Khách hàng phổ thông / mới,0.612431799928256
3198,56,Nữ,TP. Hồ Chí Minh,Miền Nam,Dây chuyền,Bạc,5,4.71,0,Quà tặng người yêu,736000.0,17135000.0,2.6,Không,Không,Không,Ví điện tử (Momo/ZaloPay),Nhận tại cửa hàng,Online,23,Hàng quý,93.0,3386000.0,3042998.0,267861.0,1,3,Khách hàng trung thành,0.6957719617028382
3199,64,Nữ,Huế,Miền Trung,Vòng tay,Vàng 24K,24,14.9,0,Lễ/Tết,27658000.0,19057000.0,4.6,Không,Có,Không,Chuyển khoản ngân hàng,Nhận tại cửa hàng,Online,30,Hàng năm,329.0,165948000.0,168055540.0,3557787.0,0,1,Khách hàng VIP (giá trị cao nhất),0.2123232426949434
3200,30,Nữ,Huế,Miền Trung,Bông tai,Vàng đính đá quý,18,2.57,1,Sinh nhật,7452000.0,23953000.0,4.5,Có,Không,Có,Tiền mặt,Giao hàng tiêu chuẩn,Online,16,Nửa năm một lần,206.0,23846000.0,29068274.0,964590.0,0,3,Khách hàng trung thành,0.1508181183507089
3201,62,Nam,Bình Định,Miền Trung,Lắc chân,Bạc,5,9.02,0,Tự mua sắm,634000.0,7222000.0,4.5,Không,Không,Có,Chuyển khoản ngân hàng,Giao hàng nhanh,Online,14,Nửa năm một lần,209.0,1775000.0,1787425.0,65860.0,0,0,Khách hàng phổ thông / mới,0.3412326270871157
3202,61,Nữ,Hà Nội,Miền Bắc,Bông tai,Bạc,5,1.87,0,Quà tặng gia đình,300000.0,28571000.0,3.4,Không,Có,Không,Chuyển khoản ngân hàng,Giao hàng nhanh,Online,1,Nửa năm một lần,163.0,60000.0,56658.0,36530.0,0,0,Khách hàng phổ thông / mới,0.34979361584210994
3203,54,Nữ,Vĩnh Phúc,Miền Bắc,Bông tai,Vàng 18K,18,5.02,0,Tự mua sắm,8059000.0,31529000.0,4.0,Không,Không,Có,Ví điện tử (Momo/ZaloPay),Nhận tại cửa hàng,Tại cửa hàng,23,Hàng năm,337.0,37071000.0,36273974.0,809455.0,1,2,Khách hàng có nguy cơ rời bỏ,0.4936242321224235
3204,24,Nam,Tây Ninh,Miền Nam,Trang sức bộ,Vàng đính đá quý,18,18.04,1,Sinh nhật,31113000.0,29593000.0,2.5,Có,Có,Có,Chuyển khoản ngân hàng,Nhận tại cửa hàng,Online,30,Hàng tuần,7.0,186678000.0,201798918.0,61700156.0,0,1,Khách hàng VIP (giá trị cao nhất),0.09048305473614468
3205,32,Nam,TP. Hồ Chí Minh,Miền Nam,Vòng tay,Bạc,5,10.03,0,Sinh nhật,300000.0,15013000.0,2.5,Không,Có,Không,Ví điện tử (Momo/ZaloPay),Giao hàng tiêu chuẩn,Tại cửa hàng,19,Hàng tuần,8.0,1140000.0,1018020.0,839684.0,0,3,Khách hàng trung thành,0.43446743191081255
3206,50,Nữ,Huế,Miền Trung,Bông tai,Bạch kim,20,1.89,0,Lễ/Tết,3611000.0,23112000.0,3.1,Không,Có,Không,Chuyển khoản ngân hàng,Giao hàng tiêu chuẩn,Tại cửa hàng,29,Nửa năm một lần,186.0,20944000.0,19419277.0,628265.0,1,3,Khách hàng trung thành,0.672921816012219
3207,65,Nữ,Nam Định,Miền Bắc,Dây chuyền,Bạch kim,20,5.54,0,Lễ/Tết,9323000.0,18776000.0,3.8,Không,Có,Có,Tiền mặt,Giao hàng nhanh,Tại cửa hàng,5,Hàng tháng,29.0,9323000.0,9016273.0,9965949.0,0,0,Khách hàng phổ thông / mới,0.13487904412704413
3208,57,Nữ,TP. Hồ Chí Minh,Miền Nam,Dây chuyền,Vàng 24K,24,10.18,0,Quà tặng người yêu,22450000.0,11017000.0,4.0,Không,Không,Không,Chuyển khoản ngân hàng,Giao hàng nhanh,Online,16,Nửa năm một lần,175.0,71840000.0,70295440.0,4143295.0,1,3,Khách hàng trung thành,0.6151974223746127
3209,38,Nữ,Hải Dương,Miền Bắc,Dây chuyền,Vàng 24K,24,9.98,0,Tự mua sắm,20045000.0,20901000.0,2.8,Không,Có,Có,Ví điện tử (Momo/ZaloPay),Nhận tại cửa hàng,Tại cửa hàng,24,Hàng quý,87.0,96216000.0,87566182.0,7188636.0,0,3,Khách hàng trung thành,0.35100323549631335
3210,29,Nữ,Quảng Ninh,Miền Bắc,Nhẫn,Vàng 24K,24,6.86,1,Lễ/Tết,18414000.0,9544000.0,4.7,Không,Có,Không,Tiền mặt,Nhận tại cửa hàng,Tại cửa hàng,11,Hàng tháng,34.0,40511000.0,41256402.0,19987788.0,0,0,Khách hàng phổ thông / mới,0.23565472644205107
3211,64,Nam,Quảng Ninh,Miền Bắc,Bông tai,Bạc,5,4.15,0,Lễ/Tết,727000.0,26036000.0,4.9,Không,Có,Không,Thẻ tín dụng,Giao hàng tiêu chuẩn,Tại cửa hàng,26,Hàng tháng,32.0,3780000.0,3892644.0,564731.0,0,3,Khách hàng trung thành,0.23646729936921243
3212,31,Nữ,TP. Hồ Chí Minh,Miền Nam,Nhẫn,Bạc,5,4.28,0,Quà tặng người yêu,765000.0,25591000.0,2.8,Không,Không,Có,Tiền mặt,Giao hàng nhanh,Online,4,Nửa năm một lần,198.0,612000.0,556981.0,101785.0,1,0,Khách hàng phổ thông / mới,0.5545095861821506
3213,34,Nam,TP. Hồ Chí Minh,Miền Nam,Bông tai,Vàng 18K,18,5.02,1,Sinh nhật,11443000.0,29079000.0,4.6,Không,Không,Không,Ví điện tử (Momo/ZaloPay),Giao hàng nhanh,Online,26,Hàng tháng,26.0,59504000.0,60259701.0,11367141.0,0,3,Khách hàng trung thành,0.530104272332119
3214,64,Nữ,Hà Nội,Miền Bắc,Lắc chân,Vàng đính đá quý,18,3.15,1,Sinh nhật,8145000.0,25427000.0,4.0,Không,Có,Không,Chuyển khoản ngân hàng,Giao hàng nhanh,Online,2,Hàng tháng,28.0,3258000.0,3187953.0,10030869.0,0,0,Khách hàng phổ thông / mới,0.31734525271412356
3215,44,Nam,Hải Phòng,Miền Bắc,Vòng tay,Vàng 24K,24,15.53,0,Cưới hỏi,33896000.0,17744000.0,3.8,Không,Không,Không,Chuyển khoản ngân hàng,Giao hàng tiêu chuẩn,Online,3,Hàng quý,98.0,20338000.0,19668880.0,12058036.0,0,0,Khách hàng phổ thông / mới,0.45255845411895695
3216,30,Nữ,Quảng Ngãi,Miền Trung,Nhẫn,Bạch kim,20,5.03,0,Tự mua sắm,9272000.0,20389500.0,3.7,Không,Không,Không,Ví điện tử (Momo/ZaloPay),Nhận tại cửa hàng,Tại cửa hàng,25,Hai tuần một lần,12.0,46360000.0,44570504.0,25062693.0,0,3,Khách hàng trung thành,0.6230976400648188
3217,18,Nữ,Đắk Lắk,Miền Trung,Dây chuyền,Vàng 18K,18,5.65,0,Sinh nhật,9488000.0,19940000.0,4.4,Không,Không,Không,Ví điện tử (Momo/ZaloPay),Giao hàng tiêu chuẩn,Tại cửa hàng,30,Nửa năm một lần,169.0,56928000.0,57002006.0,2043056.0,1,3,Khách hàng trung thành,0.5908453518948612
3218,38,Nữ,TP. Hồ Chí Minh,Miền Nam,Dây chuyền,Vàng 18K,18,10.65,0,Cưới hỏi,17154000.0,30520000.0,3.0,Có,Không,Không,Thẻ tín dụng,Nhận tại cửa hàng,Online,13,Hàng năm,400.0,44600000.0,49751300.0,1013740.0,1,2,Khách hàng có nguy cơ rời bỏ,0.5455610709205039
3219,65,Nữ,Quảng Ninh,Miền Bắc,Trang sức bộ,Vàng 24K,24,34.67,0,Cưới hỏi,75326000.0,32214000.0,4.0,Có,Không,Không,Ví điện tử (Momo/ZaloPay),Nhận tại cửa hàng,Online,7,Nửa năm một lần,185.0,105456000.0,124912632.0,15880761.0,0,1,Khách hàng VIP (giá trị cao nhất),0.23051769693964536
3220,38,Nữ,TP. Hồ Chí Minh,Miền Nam,Bông tai,Bạc,5,2.73,0,Lễ/Tết,764000.0,19691000.0,3.2,Không,Không,Không,Thẻ tín dụng,Nhận tại cửa hàng,Online,17,Nửa năm một lần,184.0,2598000.0,2423674.0,158719.0,1,0,Khách hàng phổ thông / mới,0.7697546386714464
3221,51,Nữ,Tiền Giang,Miền Nam,Bông tai,Bạch kim,20,4.19,0,Lễ/Tết,7944000.0,27940000.0,2.7,Không,Không,Không,Ví điện tử (Momo/ZaloPay),Giao hàng tiêu chuẩn,Online,9,Hàng quý,84.0,14299000.0,12932016.0,3212815.0,1,0,Khách hàng phổ thông / mới,0.7014624750937893
3222,30,Nữ,Gia Lai,Miền Trung,Vòng tay,Vàng 18K,18,11.59,0,Lễ/Tết,18383000.0,16188000.0,3.9,Không,Không,Không,Ví điện tử (Momo/ZaloPay),Giao hàng nhanh,Online,10,Hàng năm,320.0,36766000.0,35765965.0,2276144.0,1,2,Khách hàng có nguy cơ rời bỏ,0.45507974729375916
3223,55,Nữ,Thái Nguyên,Miền Bắc,Bông tai,Bạc,5,2.96,0,Quà tặng gia đình,347000.0,24354000.0,3.2,Không,Không,Có,Tiền mặt,Giao hàng tiêu chuẩn,Tại cửa hàng,1,Hàng năm,405.0,69000.0,64370.0,18039.0,0,2,Khách hàng có nguy cơ rời bỏ,0.4638114751482787
3224,55,Nữ,TP. Hồ Chí Minh,Miền Nam,Bông tai,Bạc,5,2.54,0,Quà tặng gia đình,328000.0,18854000.0,4.4,Không,Không,Không,Ví điện tử (Momo/ZaloPay),Giao hàng nhanh,Online,19,Hàng năm,330.0,1246000.0,1247620.0,27003.0,1,2,Khách hàng có nguy cơ rời bỏ,0.6238995480980069
3225,47,Nữ,Lào Cai,Miền Bắc,Nhẫn,Vàng 18K,18,2.99,0,Sinh nhật,5583000.0,22528000.0,4.1,Không,Không,Có,Chuyển khoản ngân hàng,Nhận tại cửa hàng,Tại cửa hàng,5,Hàng tháng,30.0,5583000.0,5494789.0,4844064.0,0,0,Khách hàng phổ thông / mới,0.39847872578050686
3226,55,Nữ,Hà Nội,Miền Bắc,Nhẫn,Bạc,5,3.03,1,Quà tặng người yêu,2246000.0,15547000.0,3.1,Không,Không,Có,Ví điện tử (Momo/ZaloPay),Giao hàng nhanh,Online,23,Hàng tháng,31.0,10332000.0,9579830.0,2455819.0,0,3,Khách hàng trung thành,0.43867070855836243
3227,45,Nữ,Vĩnh Phúc,Miền Bắc,Nhẫn,Vàng 18K,18,6.53,0,Lễ/Tết,10390000.0,10757000.0,4.7,Không,Không,Có,Tiền mặt,Giao hàng tiêu chuẩn,Tại cửa hàng,7,Hàng tháng,30.0,14546000.0,14813646.0,8426027.0,0,0,Khách hàng phổ thông / mới,0.32484034719761384
3228,36,Nữ,An Giang,Miền Nam,Vòng tay,Vàng đính đá quý,18,9.86,1,Tự mua sắm,22714000.0,11436000.0,3.4,Không,Không,Không,Chuyển khoản ngân hàng,Giao hàng tiêu chuẩn,Tại cửa hàng,27,Hàng tháng,33.0,122656000.0,115824061.0,23464576.0,0,1,Khách hàng VIP (giá trị cao nhất),0.6883031136841595
3229,53,Nữ,Huế,Miền Trung,Lắc chân,Bạc,5,7.77,0,Sinh nhật,405000.0,25262000.0,4.3,Không,Không,Không,Tiền mặt,Giao hàng tiêu chuẩn,Online,21,Hai tuần một lần,12.0,1701000.0,1693516.0,1262280.0,0,3,Khách hàng trung thành,0.5190206511184647
3230,58,Nam,Bà Rịa - Vũng Tàu,Miền Nam,Vòng tay,Vàng 24K,24,8.2,0,Quà tặng gia đình,16500000.0,13680000.0,3.2,Không,Có,Không,Ví điện tử (Momo/ZaloPay),Giao hàng nhanh,Tại cửa hàng,15,Hàng năm,350.0,49500000.0,46178550.0,1591265.0,0,2,Khách hàng có nguy cơ rời bỏ,0.4179024758924147
3231,58,Nam,Khánh Hòa,Miền Trung,Vòng tay,Bạch kim,20,8.19,0,Cưới hỏi,15396000.0,19092000.0,3.0,Không,Không,Không,Ví điện tử (Momo/ZaloPay),Giao hàng nhanh,Tại cửa hàng,13,Hàng tháng,32.0,40030000.0,36887645.0,15170956.0,0,0,Khách hàng phổ thông / mới,0.6224225649870883
3232,28,Nữ,Khánh Hòa,Miền Trung,Trang sức bộ,Vàng 18K,18,24.68,0,Quà tặng gia đình,35889000.0,25913000.0,4.7,Không,Có,Có,Chuyển khoản ngân hàng,Nhận tại cửa hàng,Online,10,Hàng tháng,26.0,71778000.0,73098715.0,34046906.0,0,3,Khách hàng trung thành,0.12933418523587364
3233,50,Nam,Hà Nội,Miền Bắc,Nhẫn,Vàng đính đá quý,18,5.29,1,Tự mua sắm,13182000.0,28842000.0,4.8,Có,Có,Có,Tiền mặt,Giao hàng tiêu chuẩn,Online,3,Hàng năm,411.0,7909000.0,9804787.0,815520.0,0,2,Khách hàng có nguy cơ rời bỏ,0.08675866804072592
3234,18,Nữ,Quảng Ngãi,Miền Trung,Nhẫn,Bạc,5,4.78,0,Quà tặng người yêu,300000.0,12224000.0,3.4,Không,Có,Có,Chuyển khoản ngân hàng,Giao hàng tiêu chuẩn,Online,3,Hàng năm,352.0,180000.0,169974.0,31319.0,1,2,Khách hàng có nguy cơ rời bỏ,0.5231879033414432
3235,45,Nữ,Hải Phòng,Miền Bắc,Trang sức bộ,Vàng 24K,24,27.33,0,Lễ/Tết,56667000.0,6000000.0,3.3,Không,Có,Không,Thẻ tín dụng,Giao hàng tiêu chuẩn,Online,18,Hàng tháng,31.0,204001000.0,191475339.0,62532006.0,1,1,Khách hàng VIP (giá trị cao nhất),0.41388185855679144
3236,45,Nam,Quảng Nam,Miền Trung,Trang sức bộ,Bạc,5,25.93,0,Tự mua sắm,1793000.0,15075000.0,4.3,Có,Không,Không,Ví điện tử (Momo/ZaloPay),Nhận tại cửa hàng,Online,26,Hàng tháng,26.0,9324000.0,11237285.0,2054316.0,0,3,Khách hàng trung thành,0.27724535048814275
3237,35,Nữ,Hải Dương,Miền Bắc,Bông tai,Vàng 24K,24,2.0,1,Tự mua sắm,7205000.0,21504000.0,3.1,Không,Có,Có,Tiền mặt,Giao hàng tiêu chuẩn,Tại cửa hàng,21,Hàng năm,369.0,30261000.0,28057999.0,541708.0,1,2,Khách hàng có nguy cơ rời bỏ,0.506015055544073
3238,65,Nam,Nghệ An,Miền Trung,Dây chuyền,Vàng đính đá quý,18,3.67,1,Tự mua sắm,8188000.0,26598000.0,4.7,Không,Có,Có,Thẻ tín dụng,Nhận tại cửa hàng,Online,26,Hàng năm,333.0,42578000.0,43361435.0,468674.0,0,2,Khách hàng có nguy cơ rời bỏ,0.14669063467199353
3239,60,Nữ,Bình Định,Miền Trung,Trang sức bộ,Vàng đính đá quý,18,16.74,1,Quà tặng người yêu,31434000.0,13342000.0,2.5,Không,Có,Không,Thẻ tín dụng,Giao hàng nhanh,Tại cửa hàng,23,Nửa năm một lần,173.0,144596000.0,129124228.0,4400287.0,1,1,Khách hàng VIP (giá trị cao nhất),0.6583619982870226
3240,19,Nữ,Hà Nội,Miền Bắc,Bông tai,Bạc,5,3.16,0,Quà tặng người yêu,300000.0,6773000.0,2.9,Không,Có,Có,Ví điện tử (Momo/ZaloPay),Giao hàng tiêu chuẩn,Tại cửa hàng,11,Hàng quý,102.0,660000.0,604428.0,118593.0,0,0,Khách hàng phổ thông / mới,0.3342378860400259
3241,28,Nam,Hưng Yên,Miền Bắc,Bông tai,Bạc,5,2.04,0,Quà tặng người yêu,791000.0,13325000.0,2.8,Có,Không,Không,Thẻ tín dụng,Giao hàng nhanh,Online,29,Nửa năm một lần,194.0,4588000.0,5054600.0,94127.0,1,3,Khách hàng trung thành,0.6069524762545909
3242,27,Nam,Tây Ninh,Miền Nam,Nhẫn,Bạc,5,4.64,0,Quà tặng người yêu,390000.0,15986000.0,3.3,Có,Không,Không,Ví điện tử (Momo/ZaloPay),Giao hàng tiêu chuẩn,Tại cửa hàng,7,Nửa năm một lần,190.0,546000.0,620365.0,63679.0,1,0,Khách hàng phổ thông / mới,0.680497853741351
3243,61,Nữ,Hà Nội,Miền Bắc,Vòng tay,Vàng 18K,18,5.55,0,Cưới hỏi,8364000.0,36273000.0,3.8,Không,Có,Có,Ví điện tử (Momo/ZaloPay),Nhận tại cửa hàng,Tại cửa hàng,9,Hai tuần một lần,16.0,15055000.0,14559690.0,18526363.0,0,0,Khách hàng phổ thông / mới,0.14820282650842073
3244,42,Nữ,Lào Cai,Miền Bắc,Lắc chân,Vàng 24K,24,7.29,0,Sinh nhật,16151000.0,21289000.0,4.1,Không,Không,Có,Chuyển khoản ngân hàng,Nhận tại cửa hàng,Online,21,Hàng quý,81.0,67834000.0,66762223.0,4630635.0,0,3,Khách hàng trung thành,0.4292365395864443
3245,52,Nam,Lào Cai,Miền Bắc,Lắc chân,Vàng đính đá quý,18,6.16,1,Quà tặng người yêu,14392000.0,25660000.0,2.8,Không,Không,Không,Tiền mặt,Giao hàng tiêu chuẩn,Online,2,Hàng năm,317.0,5757000.0,5239446.0,1407303.0,1,2,Khách hàng có nguy cơ rời bỏ,0.7356457835021427
3246,56,Nữ,Nghệ An,Miền Trung,Vòng tay,Vàng 18K,18,19.39,0,Sinh nhật,30399000.0,29061000.0,2.7,Có,Không,Không,Tiền mặt,Giao hàng tiêu chuẩn,Online,23,Nửa năm một lần,197.0,139835000.0,153091358.0,5410828.0,0,1,Khách hàng VIP (giá trị cao nhất),0.36897459654101833
3247,54,Nam,TP. Hồ Chí Minh,Miền Nam,Vòng tay,Vàng 18K,18,18.15,0,Cưới hỏi,27107000.0,18093000.0,3.2,Không,Có,Không,Tiền mặt,Giao hàng nhanh,Tại cửa hàng,10,Hàng tháng,26.0,54214000.0,50576241.0,31347678.0,0,0,Khách hàng phổ thông / mới,0.4365270419132274
3248,22,Nữ,Hải Dương,Miền Bắc,Bông tai,Vàng 24K,24,5.76,0,Cưới hỏi,12853000.0,20023000.0,4.0,Không,Không,Không,Ví điện tử (Momo/ZaloPay),Nhận tại cửa hàng,Tại cửa hàng,22,Nửa năm một lần,197.0,56553000.0,55337110.0,2967893.0,1,3,Khách hàng trung thành,0.5564175037599006
3249,24,Nam,Đà Nẵng,Miền Trung,Vòng tay,Vàng đính đá quý,18,14.88,1,Quà tặng gia đình,24141000.0,21211000.0,4.0,Không,Có,Không,Chuyển khoản ngân hàng,Giao hàng nhanh,Online,23,Nửa năm một lần,182.0,111049000.0,108661446.0,2784116.0,0,1,Khách hàng VIP (giá trị cao nhất),0.3952290843452983
3250,36,Nữ,TP. Hồ Chí Minh,Miền Nam,Dây chuyền,Vàng đính đá quý,18,14.66,1,Quà tặng gia đình,27911000.0,24404000.0,2.8,Không,Có,Không,Thẻ tín dụng,Giao hàng tiêu chuẩn,Online,3,Hàng tháng,28.0,16747000.0,15241445.0,35603605.0,0,0,Khách hàng phổ thông / mới,0.45573350393015705
3251,34,Nam,Lào Cai,Miền Bắc,Nhẫn,Vàng 18K,18,2.73,0,Lễ/Tết,4728000.0,19140000.0,4.4,Không,Không,Không,Chuyển khoản ngân hàng,Giao hàng tiêu chuẩn,Online,10,Hàng quý,94.0,9456000.0,9468293.0,1462002.0,0,0,Khách hàng phổ thông / mới,0.4978267158272329
3252,53,Nữ,Kiên Giang,Miền Nam,Nhẫn,Vàng 18K,18,4.96,0,Quà tặng người yêu,7288000.0,28488000.0,4.1,Không,Có,Không,Chuyển khoản ngân hàng,Giao hàng tiêu chuẩn,Online,30,Hàng tháng,30.0,43728000.0,43037098.0,8300636.0,0,3,Khách hàng trung thành,0.3820319060770769
3253,25,Nữ,Tây Ninh,Miền Nam,Bông tai,Bạch kim,20,4.72,0,Tự mua sắm,8602000.0,27224000.0,5.0,Có,Có,Không,Ví điện tử (Momo/ZaloPay),Nhận tại cửa hàng,Online,28,Hàng năm,331.0,48171000.0,60382349.0,841568.0,0,2,Khách hàng có nguy cơ rời bỏ,0.17445135027627268
3254,35,Nam,Hải Phòng,Miền Bắc,Nhẫn,Vàng 18K,18,4.64,0,Quà tặng người yêu,7233000.0,18116000.0,3.9,Không,Có,Không,Tiền mặt,Giao hàng tiêu chuẩn,Tại cửa hàng,17,Hàng tháng,33.0,24592000.0,23923098.0,5707704.0,0,3,Khách hàng trung thành,0.39615740761860163
3255,29,Nữ,Lào Cai,Miền Bắc,Nhẫn,Vàng đính đá quý,18,2.89,1,Tự mua sắm,8136000.0,25054000.0,3.3,Có,Không,Không,Tiền mặt,Nhận tại cửa hàng,Tại cửa hàng,13,Hàng năm,342.0,21154000.0,24035175.0,743102.0,1,2,Khách hàng có nguy cơ rời bỏ,0.5908498979822392
3256,27,Nam,Nam Định,Miền Bắc,Trang sức bộ,Vàng đính đá quý,18,26.35,1,Lễ/Tết,48600000.0,22344000.0,2.8,Không,Có,Không,Ví điện tử (Momo/ZaloPay),Giao hàng tiêu chuẩn,Tại cửa hàng,19,Hàng quý,83.0,184680000.0,168077268.0,11691715.0,1,1,Khách hàng VIP (giá trị cao nhất),0.6934248308337663
3257,26,Nữ,Thái Nguyên,Miền Bắc,Bông tai,Bạch kim,20,5.86,0,Sinh nhật,9930000.0,38193000.0,4.8,Không,Có,Không,Thẻ tín dụng,Nhận tại cửa hàng,Online,22,Hàng năm,386.0,43692000.0,44744977.0,855563.0,0,2,Khách hàng có nguy cơ rời bỏ,0.3538298760419905
3258,27,Nữ,Quảng Nam,Miền Trung,Nhẫn,Vàng 24K,24,4.9,0,Quà tặng gia đình,9898000.0,25893000.0,2.6,Có,Có,Có,Ví điện tử (Momo/ZaloPay),Nhận tại cửa hàng,Online,2,Hàng năm,356.0,3959000.0,4306996.0,878866.0,1,2,Khách hàng có nguy cơ rời bỏ,0.2709638725525688
3259,45,Nữ,Đắk Lắk,Miền Trung,Dây chuyền,Bạc,5,5.98,0,Tự mua sắm,334000.0,23404000.0,3.4,Không,Có,Không,Ví điện tử (Momo/ZaloPay),Nhận tại cửa hàng,Online,10,Hàng năm,348.0,668000.0,630792.0,32103.0,1,2,Khách hàng có nguy cơ rời bỏ,0.5993658826645628
3260,37,Nam,Huế,Miền Trung,Bông tai,Vàng đính đá quý,18,1.2,1,Cưới hỏi,6137000.0,16235000.0,3.8,Không,Không,Có,Tiền mặt,Giao hàng tiêu chuẩn,Tại cửa hàng,1,Hàng năm,372.0,1227000.0,1186632.0,589182.0,0,2,Khách hàng có nguy cơ rời bỏ,0.3196111741035887
3261,38,Nam,Hưng Yên,Miền Bắc,Dây chuyền,Vàng 18K,18,4.25,1,Quà tặng người yêu,10689000.0,13039000.0,3.9,Không,Có,Không,Thẻ tín dụng,Giao hàng tiêu chuẩn,Tại cửa hàng,16,Hàng quý,94.0,34205000.0,33274624.0,3637120.0,0,3,Khách hàng trung thành,0.3727021098968643
3262,41,Nam,Hưng Yên,Miền Bắc,Vòng tay,Vàng đính đá quý,18,16.66,1,Lễ/Tết,33070000.0,20389500.0,4.0,Không,Không,Có,Chuyển khoản ngân hàng,Giao hàng tiêu chuẩn,Tại cửa hàng,4,Hàng tháng,27.0,26456000.0,25887196.0,37723908.0,1,0,Khách hàng phổ thông / mới,0.4489946951272384
3263,53,Nữ,Tây Ninh,Miền Nam,Dây chuyền,Vàng 18K,18,8.82,1,Sinh nhật,14399000.0,9222000.0,4.3,Không,Có,Không,Tiền mặt,Giao hàng nhanh,Online,27,Hàng tháng,34.0,77755000.0,77412878.0,10690085.0,0,3,Khách hàng trung thành,0.39872731454405885
3264,59,Nam,Tiền Giang,Miền Nam,Nhẫn,Vàng đính đá quý,18,2.86,1,Quà tặng người yêu,6330000.0,32908000.0,2.8,Có,Không,Không,Ví điện tử (Momo/ZaloPay),Nhận tại cửa hàng,Online,12,Nửa năm một lần,175.0,15192000.0,16737026.0,946028.0,0,0,Khách hàng phổ thông / mới,0.4256910012792082
3265,43,Nữ,Hà Nội,Miền Bắc,Bông tai,Bạc,5,5.3,0,Quà tặng người yêu,840000.0,6164000.0,4.3,Không,Không,Có,Tiền mặt,Nhận tại cửa hàng,Online,27,Hàng quý,82.0,4536000.0,4516042.0,372964.0,0,3,Khách hàng trung thành,0.3629493738837415
3266,48,Nữ,TP. Hồ Chí Minh,Miền Nam,Nhẫn,Vàng 24K,24,4.33,0,Quà tặng gia đình,8108000.0,13676000.0,4.7,Có,Có,Có,Tiền mặt,Nhận tại cửa hàng,Online,29,Hàng quý,80.0,47026000.0,57973653.0,3826592.0,0,3,Khách hàng trung thành,0.09842329369024916
3267,53,Nữ,Đà Nẵng,Miền Trung,Vòng tay,Vàng 18K,18,16.94,0,Cưới hỏi,24518000.0,28180000.0,2.6,Có,Có,Không,Chuyển khoản ngân hàng,Giao hàng tiêu chuẩn,Tại cửa hàng,9,Hai tuần một lần,16.0,44132000.0,48011203.0,44000928.0,0,0,Khách hàng phổ thông / mới,0.23184473111536524
3268,51,Nữ,TP. Hồ Chí Minh,Miền Nam,Nhẫn,Vàng 24K,24,6.77,0,Quà tặng gia đình,14426000.0,20812000.0,2.6,Không,Không,Không,Tiền mặt,Giao hàng nhanh,Online,22,Nửa năm một lần,158.0,63474000.0,57044084.0,2761795.0,1,3,Khách hàng trung thành,0.7698503530325295
3269,24,Nam,Gia Lai,Miền Trung,Nhẫn,Vàng 18K,18,6.17,1,Tự mua sắm,14951000.0,20721000.0,5.0,Không,Không,Có,Chuyển khoản ngân hàng,Nhận tại cửa hàng,Tại cửa hàng,2,Hai tuần một lần,15.0,5980000.0,6192290.0,25033040.0,0,0,Khách hàng phổ thông / mới,0.32115176064970036
3270,65,Nữ,Bà Rịa - Vũng Tàu,Miền Nam,Nhẫn,Vàng đính đá quý,18,7.82,1,Cưới hỏi,13409000.0,17088000.0,3.3,Không,Có,Có,Thẻ tín dụng,Nhận tại cửa hàng,Online,30,Hàng quý,77.0,80454000.0,75514124.0,6327113.0,0,3,Khách hàng trung thành,0.22287276032145703
3271,25,Nữ,Hà Nội,Miền Bắc,Lắc chân,Vàng 18K,18,11.07,1,Sinh nhật,20344000.0,18607000.0,3.6,Có,Có,Có,Thẻ tín dụng,Giao hàng tiêu chuẩn,Online,23,Nửa năm một lần,203.0,93582000.0,108265016.0,3366606.0,0,1,Khách hàng VIP (giá trị cao nhất),0.09731958708395415
3272,37,Nữ,Thanh Hóa,Miền Trung,Nhẫn,Vàng đính đá quý,18,2.32,1,Tự mua sắm,6315000.0,25009000.0,3.3,Không,Không,Có,Ví điện tử (Momo/ZaloPay),Giao hàng tiêu chuẩn,Tại cửa hàng,21,Hàng quý,101.0,26523000.0,24894488.0,2531163.0,0,3,Khách hàng trung thành,0.5230574797160559
3273,49,Nữ,Tây Ninh,Miền Nam,Dây chuyền,Vàng 24K,24,7.13,0,Sinh nhật,14288000.0,15114000.0,3.9,Có,Có,Không,Tiền mặt,Giao hàng tiêu chuẩn,Tại cửa hàng,18,Hàng năm,340.0,51437000.0,60572211.0,1061391.0,0,2,Khách hàng có nguy cơ rời bỏ,0.1484586488940006
3274,37,Nữ,Thái Nguyên,Miền Bắc,Nhẫn,Bạc,5,7.7,0,Quà tặng người yêu,571000.0,18386000.0,4.3,Không,Có,Có,Thẻ tín dụng,Nhận tại cửa hàng,Tại cửa hàng,3,Nửa năm một lần,158.0,343000.0,341491.0,101041.0,0,0,Khách hàng phổ thông / mới,0.18868127512522725
3275,29,Nữ,Bắc Ninh,Miền Bắc,Bông tai,Vàng đính đá quý,18,4.28,1,Cưới hỏi,10362000.0,19777000.0,4.4,Có,Có,Không,Tiền mặt,Giao hàng nhanh,Online,8,Nửa năm một lần,157.0,16579000.0,20095406.0,2062487.0,1,0,Khách hàng phổ thông / mới,0.25722983899302154
3276,62,Nam,TP. Hồ Chí Minh,Miền Nam,Dây chuyền,Bạc,5,8.32,0,Lễ/Tết,983000.0,19824000.0,3.4,Không,Không,Có,Tiền mặt,Nhận tại cửa hàng,Online,21,Hàng tháng,34.0,4129000.0,3899015.0,968285.0,1,3,Khách hàng trung thành,0.5541494626561082
3277,21,Nữ,Bình Dương,Miền Nam,Trang sức bộ,Vàng đính đá quý,18,31.55,1,Tự mua sắm,51141000.0,24516000.0,3.2,Không,Có,Không,Tiền mặt,Nhận tại cửa hàng,Online,7,Hàng tháng,31.0,71597000.0,66792841.0,47570030.0,0,0,Khách hàng phổ thông / mới,0.45927888513792237
3278,29,Nam,TP. Hồ Chí Minh,Miền Nam,Bông tai,Vàng đính đá quý,18,4.19,1,Sinh nhật,9227000.0,22956000.0,3.9,Không,Có,Không,Thẻ tín dụng,Nhận tại cửa hàng,Tại cửa hàng,20,Nửa năm một lần,207.0,36908000.0,35904102.0,1127121.0,0,3,Khách hàng trung thành,0.4006263202584756
3279,65,Nữ,Bình Dương,Miền Nam,Vòng tay,Bạc,5,10.56,0,Cưới hỏi,503000.0,21168000.0,3.5,Không,Có,Không,Thẻ tín dụng,Giao hàng nhanh,Online,25,Hàng tháng,30.0,2515000.0,2389250.0,582803.0,0,3,Khách hàng trung thành,0.33368693416179585
3280,53,Nữ,TP. Hồ Chí Minh,Miền Nam,Bông tai,Bạch kim,20,2.36,1,Sinh nhật,9416000.0,9238000.0,4.1,Không,Không,Không,Thẻ tín dụng,Giao hàng nhanh,Tại cửa hàng,27,Hàng năm,398.0,50846000.0,50042633.0,801877.0,1,2,Khách hàng có nguy cơ rời bỏ,0.6737426307859522
3281,22,Nam,Bắc Ninh,Miền Bắc,Nhẫn,Vàng 24K,24,7.03,0,Tự mua sắm,15517000.0,27593000.0,4.0,Không,Không,Có,Tiền mặt,Giao hàng tiêu chuẩn,Online,2,Hàng năm,414.0,6207000.0,6073550.0,938970.0,0,2,Khách hàng có nguy cơ rời bỏ,0.42989067745707843
3282,54,Nữ,Gia Lai,Miền Trung,Trang sức bộ,Vàng 18K,18,31.17,0,Quà tặng người yêu,49859000.0,14774000.0,4.7,Không,Không,Có,Tiền mặt,Nhận tại cửa hàng,Online,17,Hàng tháng,28.0,169521000.0,172640186.0,66453840.0,0,1,Khách hàng VIP (giá trị cao nhất),0.2334647025619948
3283,64,Nữ,Bình Dương,Miền Nam,Trang sức bộ,Vàng 18K,18,32.96,0,Quà tặng gia đình,52216000.0,34272000.0,2.5,Không,Không,Không,Tiền mặt,Nhận tại cửa hàng,Online,4,Nửa năm một lần,160.0,41773000.0,37303289.0,11852729.0,1,0,Khách hàng phổ thông / mới,0.5735370551070246
3284,22,Nam,Bà Rịa - Vũng Tàu,Miền Nam,Dây chuyền,Bạch kim,20,12.41,0,Lễ/Tết,23650000.0,13406000.0,2.8,Có,Không,Không,Chuyển khoản ngân hàng,Giao hàng nhanh,Online,8,Hàng quý,84.0,37840000.0,41688328.0,8650607.0,0,0,Khách hàng phổ thông / mới,0.5106643628318769
3285,37,Nữ,Hải Dương,Miền Bắc,Bông tai,Bạc,5,1.92,0,Cưới hỏi,318000.0,21999000.0,4.5,Có,Không,Không,Ví điện tử (Momo/ZaloPay),Giao hàng nhanh,Online,27,Hàng tháng,30.0,1717000.0,2093023.0,322556.0,0,3,Khách hàng trung thành,0.29223580355618345
3286,40,Nữ,Bắc Ninh,Miền Bắc,Nhẫn,Bạc,5,4.03,0,Lễ/Tết,552000.0,24851000.0,4.0,Có,Không,Không,Tiền mặt,Nhận tại cửa hàng,Online,22,Hàng quý,95.0,2429000.0,2877150.0,191700.0,0,3,Khách hàng trung thành,0.30758808637399043
3287,24,Nữ,Đồng Nai,Miền Nam,Vòng tay,Vàng đính đá quý,18,9.92,1,Tự mua sắm,21304000.0,18064000.0,2.7,Có,Không,Không,Tiền mặt,Giao hàng nhanh,Online,21,Nửa năm một lần,208.0,89477000.0,97959420.0,2596098.0,1,1,Khách hàng VIP (giá trị cao nhất),0.43571214752413406
3288,27,Nữ,Hải Dương,Miền Bắc,Bông tai,Vàng 24K,24,2.29,0,Tự mua sắm,4693000.0,21804000.0,4.9,Không,Có,Không,Ví điện tử (Momo/ZaloPay),Nhận tại cửa hàng,Online,23,Hàng năm,396.0,21588000.0,22231322.0,357452.0,0,2,Khách hàng có nguy cơ rời bỏ,0.35242826254928405
3289,26,Nữ,Hà Nội,Miền Bắc,Trang sức bộ,Vàng đính đá quý,18,29.87,1,Quà tặng người yêu,58125000.0,17582000.0,4.1,Có,Không,Không,Chuyển khoản ngân hàng,Giao hàng tiêu chuẩn,Online,4,Hàng tháng,26.0,46500000.0,55400100.0,41083485.0,0,0,Khách hàng phổ thông / mới,0.25654578966284586
3290,26,Nữ,Cần Thơ,Miền Nam,Dây chuyền,Vàng 24K,24,4.5,0,Quà tặng gia đình,8819000.0,32784000.0,3.7,Có,Có,Không,Chuyển khoản ngân hàng,Giao hàng tiêu chuẩn,Tại cửa hàng,16,Nửa năm một lần,205.0,28221000.0,32843600.0,1494191.0,0,3,Khách hàng trung thành,0.15231625343137004
3291,37,Nữ,Khánh Hòa,Miền Trung,Bông tai,Vàng 18K,18,3.4,0,Sinh nhật,5015000.0,21635000.0,4.4,Có,Có,Không,Tiền mặt,Nhận tại cửa hàng,Tại cửa hàng,7,Hàng quý,99.0,7021000.0,8510154.0,1092558.0,0,0,Khách hàng phổ thông / mới,0.22607226756645815
3292,40,Nữ,Lào Cai,Miền Bắc,Bông tai,Bạc,5,5.33,0,Lễ/Tết,407000.0,19585000.0,4.0,Không,Có,Không,Ví điện tử (Momo/ZaloPay),Nhận tại cửa hàng,Tại cửa hàng,3,Hàng tháng,27.0,244000.0,238754.0,574601.0,0,0,Khách hàng phổ thông / mới,0.2918124405428259
3293,29,Nữ,Hà Nội,Miền Bắc,Nhẫn,Vàng 18K,18,6.63,0,Cưới hỏi,9936000.0,21450000.0,3.4,Không,Không,Không,Chuyển khoản ngân hàng,Giao hàng tiêu chuẩn,Online,28,Nửa năm một lần,203.0,55642000.0,52542741.0,1381121.0,1,3,Khách hàng trung thành,0.6915157062605493
3294,31,Nữ,Hà Nội,Miền Bắc,Bông tai,Bạc,5,2.34,0,Cưới hỏi,321000.0,27786000.0,3.2,Không,Không,Không,Tiền mặt,Nhận tại cửa hàng,Online,13,Nửa năm một lần,167.0,835000.0,778972.0,55468.0,1,0,Khách hàng phổ thông / mới,0.7337995147737029
3295,27,Nữ,Đồng Nai,Miền Nam,Bông tai,Bạch kim,20,1.18,0,Quà tặng gia đình,2653000.0,22353000.0,3.6,Không,Không,Có,Tiền mặt,Giao hàng tiêu chuẩn,Online,7,Nửa năm một lần,183.0,3714000.0,3549470.0,385776.0,0,0,Khách hàng phổ thông / mới,0.39758395929596013
3296,56,Nữ,Quảng Nam,Miền Trung,Bông tai,Bạch kim,20,3.07,1,Sinh nhật,9426000.0,22644000.0,3.7,Có,Không,Không,Chuyển khoản ngân hàng,Nhận tại cửa hàng,Online,26,Hàng năm,394.0,49015000.0,57043657.0,680504.0,0,2,Khách hàng có nguy cơ rời bỏ,0.33293221878802065
3297,28,Nữ,Bắc Ninh,Miền Bắc,Trang sức bộ,Vàng 24K,24,24.84,0,Quà tặng người yêu,46999000.0,9637000.0,4.3,Không,Có,Có,Ví điện tử (Momo/ZaloPay),Giao hàng tiêu chuẩn,Online,22,Hai tuần một lần,12.0,206796000.0,205886098.0,147498800.0,0,1,Khách hàng VIP (giá trị cao nhất),0.15707908689685576
3298,61,Nữ,Thanh Hóa,Miền Trung,Nhẫn,Vàng 24K,24,7.06,0,Lễ/Tết,15376000.0,29747000.0,3.7,Có,Không,Có,Ví điện tử (Momo/ZaloPay),Giao hàng nhanh,Online,10,Hàng quý,96.0,30752000.0,35789178.0,2653294.0,0,0,Khách hàng phổ thông / mới,0.14620204392391925
3299,43,Nữ,Quảng Ninh,Miền Bắc,Nhẫn,Vàng 24K,24,4.93,0,Cưới hỏi,10316000.0,23032000.0,2.5,Không,Có,Có,Chuyển khoản ngân hàng,Nhận tại cửa hàng,Online,25,Hàng tháng,30.0,51580000.0,46060940.0,12687171.0,0,3,Khách hàng trung thành,0.3764783522384213
3300,56,Nữ,Hải Phòng,Miền Bắc,Nhẫn,Vàng 18K,18,3.23,0,Lễ/Tết,5408000.0,18242000.0,4.2,Có,Không,Không,Chuyển khoản ngân hàng,Nhận tại cửa hàng,Online,22,Hàng năm,366.0,23795000.0,28513548.0,470250.0,0,2,Khách hàng có nguy cơ rời bỏ,0.326982361428945
3301,48,Nữ,Hưng Yên,Miền Bắc,Nhẫn,Vàng 24K,24,5.99,0,Quà tặng gia đình,11092000.0,23167000.0,2.7,Không,Có,Có,Chuyển khoản ngân hàng,Giao hàng nhanh,Online,9,Hai tuần một lần,14.0,19966000.0,18057250.0,18604519.0,0,0,Khách hàng phổ thông / mới,0.38839886559232295
3302,30,Nữ,Bình Định,Miền Trung,Dây chuyền,Vàng 18K,18,7.82,0,Quà tặng người yêu,12091000.0,29536000.0,4.6,Không,Có,Không,Tiền mặt,Giao hàng tiêu chuẩn,Online,8,Hàng tháng,26.0,19346000.0,19591694.0,11250821.0,0,0,Khách hàng phổ thông / mới,0.36031096665290746
3303,46,Nam,Nam Định,Miền Bắc,Lắc chân,Vàng đính đá quý,18,10.43,1,Tự mua sắm,21092000.0,25765000.0,4.3,Không,Không,Không,Thẻ tín dụng,Nhận tại cửa hàng,Online,6,Nửa năm một lần,162.0,25310000.0,25198636.0,5084542.0,1,0,Khách hàng phổ thông / mới,0.6226204741917036
3304,31,Nữ,Lào Cai,Miền Bắc,Dây chuyền,Vàng đính đá quý,18,3.28,1,Quà tặng gia đình,8706000.0,33640000.0,4.0,Không,Có,Không,Tiền mặt,Nhận tại cửa hàng,Online,10,Hàng quý,81.0,17412000.0,17037642.0,2675672.0,0,0,Khách hàng phổ thông / mới,0.34067339475382385
3305,23,Nữ,Quảng Nam,Miền Trung,Bông tai,Bạch kim,20,3.1,1,Quà tặng gia đình,9638000.0,25500000.0,3.6,Không,Có,Không,Ví điện tử (Momo/ZaloPay),Giao hàng nhanh,Tại cửa hàng,9,Nửa năm một lần,163.0,17348000.0,16579484.0,1405605.0,1,0,Khách hàng phổ thông / mới,0.5540341373525827
3306,30,Nữ,Huế,Miền Trung,Dây chuyền,Vàng 24K,24,8.07,0,Sinh nhật,18324000.0,6294000.0,2.9,Có,Không,Không,Chuyển khoản ngân hàng,Giao hàng tiêu chuẩn,Tại cửa hàng,11,Hàng năm,359.0,40313000.0,44690992.0,1844727.0,0,2,Khách hàng có nguy cơ rời bỏ,0.4450166900052637
3307,31,Nam,Bắc Ninh,Miền Bắc,Dây chuyền,Bạc,5,10.05,0,Tự mua sắm,1056000.0,28687000.0,4.1,Không,Không,Có,Ví điện tử (Momo/ZaloPay),Nhận tại cửa hàng,Online,7,Hàng quý,93.0,1478000.0,1454648.0,361404.0,0,0,Khách hàng phổ thông / mới,0.36985859730774656
3308,24,Nữ,Hà Nội,Miền Bắc,Lắc chân,Vàng 24K,24,6.23,0,Tự mua sắm,12024000.0,7238000.0,2.8,Không,Có,Không,Thẻ tín dụng,Giao hàng nhanh,Online,5,Hàng quý,80.0,12024000.0,10943042.0,3747761.0,0,0,Khách hàng phổ thông / mới,0.4417682119417721
3309,19,Nữ,Hà Nội,Miền Bắc,Bông tai,Vàng 18K,18,3.01,0,Quà tặng người yêu,5257000.0,28597000.0,4.0,Có,Không,Có,Ví điện tử (Momo/ZaloPay),Giao hàng nhanh,Online,22,Hàng năm,392.0,23131000.0,27398669.0,418009.0,0,2,Khách hàng có nguy cơ rời bỏ,0.18464553108710044
3310,63,Nữ,Thanh Hóa,Miền Trung,Dây chuyền,Vàng 18K,18,11.82,0,Tự mua sắm,17966000.0,27976000.0,3.0,Có,Không,Không,Ví điện tử (Momo/ZaloPay),Giao hàng tiêu chuẩn,Tại cửa hàng,11,Nửa năm một lần,201.0,39525000.0,44090138.0,2186394.0,1,0,Khách hàng phổ thông / mới,0.44419261120651127
3311,42,Nam,TP. Hồ Chí Minh,Miền Nam,Trang sức bộ,Vàng đính đá quý,18,14.28,1,Cưới hỏi,29018000.0,32280000.0,4.0,Có,Có,Không,Chuyển khoản ngân hàng,Nhận tại cửa hàng,Online,4,Hàng tháng,26.0,23214000.0,27496983.0,40116755.0,0,0,Khách hàng phổ thông / mới,0.1919211570250715
3312,37,Nữ,Bắc Ninh,Miền Bắc,Vòng tay,Bạc,5,8.58,1,Cưới hỏi,1355000.0,23320000.0,2.9,Không,Không,Có,Ví điện tử (Momo/ZaloPay),Nhận tại cửa hàng,Tại cửa hàng,22,Hàng năm,329.0,5962000.0,5460000.0,147161.0,1,2,Khách hàng có nguy cơ rời bỏ,0.6479176133813943
3313,62,Nữ,Đồng Nai,Miền Nam,Nhẫn,Vàng 18K,18,2.17,0,Sinh nhật,3828000.0,23723000.0,2.7,Không,Không,Không,Chuyển khoản ngân hàng,Giao hàng tiêu chuẩn,Online,7,Hàng quý,86.0,5359000.0,4846680.0,1463223.0,0,0,Khách hàng phổ thông / mới,0.6226000904115904
3314,28,Nữ,TP. Hồ Chí Minh,Miền Nam,Vòng tay,Bạc,5,8.87,0,Lễ/Tết,760000.0,28351000.0,3.7,Không,Không,Có,Chuyển khoản ngân hàng,Giao hàng nhanh,Online,13,Nửa năm một lần,191.0,1976000.0,1899726.0,127143.0,1,0,Khách hàng phổ thông / mới,0.4774150247609121
3315,37,Nam,Hà Nội,Miền Bắc,Bông tai,Vàng đính đá quý,18,3.53,1,Cưới hỏi,10933000.0,11982000.0,4.3,Có,Có,Không,Tiền mặt,Giao hàng nhanh,Tại cửa hàng,26,Nửa năm một lần,159.0,56852000.0,68518030.0,2716776.0,0,3,Khách hàng trung thành,0.17763914090320115
3316,58,Nữ,Hà Nội,Miền Bắc,Dây chuyền,Vàng 24K,24,5.27,0,Cưới hỏi,11977000.0,21762000.0,3.1,Không,Không,Không,Ví điện tử (Momo/ZaloPay),Nhận tại cửa hàng,Tại cửa hàng,9,Hàng tháng,29.0,21559000.0,19989505.0,12389300.0,1,0,Khách hàng phổ thông / mới,0.7334636844562521
3317,48,Nữ,Thái Nguyên,Miền Bắc,Lắc chân,Bạch kim,20,3.66,0,Quà tặng người yêu,7047000.0,19270000.0,3.7,Có,Không,Không,Tiền mặt,Giao hàng nhanh,Online,6,Hàng năm,419.0,8456000.0,9841093.0,397220.0,0,2,Khách hàng có nguy cơ rời bỏ,0.4281342588474838
3319,30,Nam,Khánh Hòa,Miền Trung,Vòng tay,Vàng 24K,24,11.83,0,Quà tặng gia đình,26117000.0,15805000.0,3.9,Không,Không,Không,Chuyển khoản ngân hàng,Nhận tại cửa hàng,Tại cửa hàng,3,Hàng năm,329.0,15670000.0,15243776.0,2574164.0,1,2,Khách hàng có nguy cơ rời bỏ,0.5887188497643038
3320,19,Nữ,Hà Nội,Miền Bắc,Lắc chân,Vàng đính đá quý,18,10.48,1,Sinh nhật,21818000.0,20246000.0,4.0,Không,Không,Có,Tiền mặt,Giao hàng nhanh,Tại cửa hàng,16,Hàng năm,377.0,69818000.0,68316913.0,2388096.0,1,2,Khách hàng có nguy cơ rời bỏ,0.5287136245451886
3321,22,Nữ,Đồng Nai,Miền Nam,Vòng tay,Vàng 24K,24,12.235,0,Quà tặng người yêu,29959000.0,20389500.0,3.1,Không,Có,Không,Ví điện tử (Momo/ZaloPay),Giao hàng nhanh,Tại cửa hàng,25,Hàng năm,349.0,149795000.0,138889924.0,2104881.0,0,1,Khách hàng VIP (giá trị cao nhất),0.430937008654921
3322,25,Nữ,Quảng Nam,Miền Trung,Dây chuyền,Bạch kim,20,4.99,0,Quà tặng gia đình,9687000.0,29911000.0,2.8,Không,Không,Không,Tiền mặt,Nhận tại cửa hàng,Online,14,Hàng tuần,8.0,27124000.0,24685552.0,27170195.0,0,0,Khách hàng phổ thông / mới,0.6508782608827353
3323,55,Nữ,TP. Hồ Chí Minh,Miền Nam,Nhẫn,Vàng 24K,24,4.83,0,Quà tặng người yêu,10668000.0,19306000.0,2.9,Có,Không,Có,Chuyển khoản ngân hàng,Giao hàng nhanh,Online,5,Hàng quý,102.0,10668000.0,11826545.0,3372846.0,0,0,Khách hàng phổ thông / mới,0.23774516848898217
3324,48,Nữ,TP. Hồ Chí Minh,Miền Nam,Dây chuyền,Bạc,5,9.81,0,Sinh nhật,688000.0,18307000.0,4.9,Có,Không,Không,Ví điện tử (Momo/ZaloPay),Nhận tại cửa hàng,Tại cửa hàng,24,Hàng tháng,28.0,3302000.0,4116273.0,729990.0,0,3,Khách hàng trung thành,0.2654714977059506
3325,38,Nữ,Khánh Hòa,Miền Trung,Dây chuyền,Bạc,5,4.89,0,Lễ/Tết,748000.0,6000000.0,2.7,Có,Không,Có,Tiền mặt,Giao hàng tiêu chuẩn,Online,22,Hàng quý,101.0,3291000.0,3602987.0,182894.0,0,3,Khách hàng trung thành,0.2983175245565237
3326,55,Nam,Tiền Giang,Miền Nam,Nhẫn,Vàng đính đá quý,18,2.23,1,Tự mua sắm,7975000.0,31552000.0,2.9,Có,Có,Không,Thẻ tín dụng,Giao hàng nhanh,Online,12,Hàng quý,97.0,19140000.0,21218604.0,2964565.0,0,0,Khách hàng phổ thông / mới,0.2640827160039454
3327,25,Nữ,Tây Ninh,Miền Nam,Vòng tay,Bạch kim,20,8.95,0,Quà tặng người yêu,17388000.0,9994000.0,3.0,Không,Không,Không,Chuyển khoản ngân hàng,Giao hàng nhanh,Online,5,Nửa năm một lần,163.0,17388000.0,16023042.0,4536691.0,1,0,Khách hàng phổ thông / mới,0.6963670096434212
3328,28,Nam,Thanh Hóa,Miền Trung,Nhẫn,Bạc,5,3.2,0,Tự mua sắm,496000.0,23043000.0,4.5,Không,Không,Có,Ví điện tử (Momo/ZaloPay),Giao hàng nhanh,Online,17,Hàng quý,99.0,1686000.0,1697802.0,155609.0,0,0,Khách hàng phổ thông / mới,0.39120846520115143
3329,36,Nữ,Bắc Ninh,Miền Bắc,Nhẫn,Vàng 18K,18,3.3,0,Tự mua sắm,4628000.0,22208000.0,3.5,Không,Có,Không,Thẻ tín dụng,Nhận tại cửa hàng,Online,24,Hàng năm,330.0,22214000.0,21103300.0,352261.0,1,2,Khách hàng có nguy cơ rời bỏ,0.546588483409201
3330,62,Nữ,Thanh Hóa,Miền Trung,Vòng tay,Vàng 24K,24,8.79,0,Tự mua sắm,18203000.0,28652000.0,4.5,Không,Có,Không,Tiền mặt,Giao hàng tiêu chuẩn,Tại cửa hàng,1,Hàng tháng,26.0,3641000.0,3666487.0,15147426.0,0,0,Khách hàng phổ thông / mới,0.2695742611450885
3331,47,Nữ,Nam Định,Miền Bắc,Dây chuyền,Bạc,5,9.56,1,Cưới hỏi,2621000.0,14663000.0,3.5,Không,Không,Có,Tiền mặt,Nhận tại cửa hàng,Online,15,Hàng quý,98.0,7863000.0,7469850.0,839604.0,0,0,Khách hàng phổ thông / mới,0.3628313650574133
3332,58,Nam,Khánh Hòa,Miền Trung,Bông tai,Vàng 18K,18,2.47,0,Lễ/Tết,4122000.0,25499000.0,4.5,Có,Không,Có,Tiền mặt,Giao hàng tiêu chuẩn,Tại cửa hàng,11,Nửa năm một lần,174.0,9068000.0,11053892.0,851902.0,1,0,Khách hàng phổ thông / mới,0.1839804437865007
3333,29,Nam,Nghệ An,Miền Trung,Bông tai,Vàng 24K,24,4.86,0,Sinh nhật,10711000.0,31139000.0,4.7,Không,Không,Có,Ví điện tử (Momo/ZaloPay),Giao hàng nhanh,Online,11,Hàng tháng,34.0,23564000.0,23997578.0,10259218.0,0,0,Khách hàng phổ thông / mới,0.3519185922410561
3334,58,Nữ,Quảng Nam,Miền Trung,Dây chuyền,Vàng đính đá quý,18,3.63,1,Tự mua sắm,8109000.0,23108000.0,3.6,Không,Có,Không,Ví điện tử (Momo/ZaloPay),Giao hàng nhanh,Tại cửa hàng,8,Nửa năm một lần,179.0,12974000.0,12399252.0,1358462.0,0,0,Khách hàng phổ thông / mới,0.41274444336300325
3335,21,Nữ,Bình Dương,Miền Nam,Nhẫn,Vàng 18K,18,5.54,0,Quà tặng gia đình,9104000.0,13127000.0,5.0,Không,Không,Không,Thẻ tín dụng,Giao hàng tiêu chuẩn,Tại cửa hàng,20,Nửa năm một lần,188.0,36416000.0,37708768.0,1298673.0,1,3,Khách hàng trung thành,0.6192027905593095
3336,28,Nữ,Hưng Yên,Miền Bắc,Vòng tay,Vàng 24K,24,16.59,0,Lễ/Tết,33309000.0,9410000.0,4.8,Không,Có,Không,Ví điện tử (Momo/ZaloPay),Giao hàng nhanh,Online,27,Nửa năm một lần,195.0,179869000.0,184203843.0,4117046.0,0,1,Khách hàng VIP (giá trị cao nhất),0.24179950443879505
3337,43,Nam,Bình Định,Miền Trung,Nhẫn,Vàng đính đá quý,18,4.34,1,Tự mua sắm,11405000.0,31003000.0,2.5,Không,Không,Không,Ví điện tử (Momo/ZaloPay),Nhận tại cửa hàng,Tại cửa hàng,3,Nửa năm một lần,201.0,6843000.0,6110799.0,1958009.0,1,0,Khách hàng phổ thông / mới,0.7531328309739358
3338,20,Nam,Lào Cai,Miền Bắc,Vòng tay,Bạc,5,9.79,0,Cưới hỏi,543000.0,16126000.0,3.9,Không,Không,Có,Ví điện tử (Momo/ZaloPay),Giao hàng nhanh,Online,1,Hàng năm,330.0,109000.0,106035.0,57483.0,0,2,Khách hàng có nguy cơ rời bỏ,0.3706339978131025
3339,59,Nam,Đồng Nai,Miền Nam,Bông tai,Bạc,5,2.52,0,Quà tặng người yêu,712000.0,19856000.0,4.1,Không,Không,Có,Tiền mặt,Giao hàng nhanh,Tại cửa hàng,12,Hàng năm,333.0,1709000.0,1681998.0,46297.0,0,2,Khách hàng có nguy cơ rời bỏ,0.3171516793788522
3340,59,Nữ,Quảng Ngãi,Miền Trung,Bông tai,Vàng 24K,24,2.64,0,Tự mua sắm,6324000.0,39240000.0,3.8,Không,Không,Có,Tiền mặt,Nhận tại cửa hàng,Tại cửa hàng,22,Hai tuần một lần,16.0,27826000.0,26910525.0,15250773.0,0,3,Khách hàng trung thành,0.4271707969801489
3341,43,Nữ,Hà Nội,Miền Bắc,Dây chuyền,Vàng 18K,18,4.41,0,Quà tặng người yêu,6778000.0,27041000.0,4.2,Không,Có,Không,Chuyển khoản ngân hàng,Nhận tại cửa hàng,Online,3,Hàng quý,84.0,4067000.0,4025923.0,2670854.0,0,0,Khách hàng phổ thông / mới,0.34122201173078404
3342,32,Nữ,TP. Hồ Chí Minh,Miền Nam,Trang sức bộ,Bạc,5,24.53,0,Tự mua sắm,2002000.0,27940000.0,4.2,Không,Không,Không,Thẻ tín dụng,Giao hàng tiêu chuẩn,Online,23,Hàng năm,380.0,9209000.0,9115989.0,197870.0,0,2,Khách hàng có nguy cơ rời bỏ,0.5016758099339224
3343,22,Nữ,Quảng Ninh,Miền Bắc,Nhẫn,Vàng 18K,18,5.55,0,Tự mua sắm,9190000.0,30811000.0,3.2,Không,Không,Có,Tiền mặt,Nhận tại cửa hàng,Online,22,Hàng tuần,6.0,40436000.0,37722744.0,20909557.0,0,3,Khách hàng trung thành,0.5312743824886234
3344,47,Nữ,TP. Hồ Chí Minh,Miền Nam,Lắc chân,Bạc,5,6.51,0,Tự mua sắm,503000.0,9900000.0,4.6,Có,Không,Không,Chuyển khoản ngân hàng,Nhận tại cửa hàng,Online,10,Hàng quý,95.0,1006000.0,1233255.0,119791.0,0,0,Khách hàng phổ thông / mới,0.2847417961213925
3345,43,Nữ,Đắk Lắk,Miền Trung,Lắc chân,Vàng 18K,18,11.6,0,Quà tặng người yêu,18253000.0,31323000.0,2.7,Không,Không,Không,Thẻ tín dụng,Nhận tại cửa hàng,Tại cửa hàng,10,Nửa năm một lần,165.0,36506000.0,33016026.0,3229737.0,1,0,Khách hàng phổ thông / mới,0.6439397666526597
3346,54,Nữ,Huế,Miền Trung,Dây chuyền,Vàng 24K,24,13.94,0,Lễ/Tết,30357000.0,32936000.0,4.1,Không,Không,Không,Ví điện tử (Momo/ZaloPay),Nhận tại cửa hàng,Tại cửa hàng,8,Hàng tháng,33.0,48571000.0,47803578.0,30094859.0,0,0,Khách hàng phổ thông / mới,0.5056517849575858
3347,46,Nữ,TP. Hồ Chí Minh,Miền Nam,Nhẫn,Vàng 24K,24,3.44,0,Tự mua sắm,7819000.0,17637000.0,3.0,Không,Không,Không,Chuyển khoản ngân hàng,Giao hàng tiêu chuẩn,Online,22,Hàng quý,97.0,34404000.0,31703286.0,3200176.0,1,3,Khách hàng trung thành,0.7208486275144577
3348,24,Nữ,Long An,Miền Nam,Nhẫn,Vàng 18K,18,6.26,0,Sinh nhật,8693000.0,24704000.0,4.4,Không,Có,Không,Tiền mặt,Nhận tại cửa hàng,Online,5,Nửa năm một lần,187.0,8693000.0,8704301.0,1571844.0,0,0,Khách hàng phổ thông / mới,0.3422805897447379
3349,23,Nữ,Bình Dương,Miền Nam,Trang sức bộ,Vàng 18K,18,12.91,0,Tự mua sắm,19172000.0,26153000.0,4.5,Không,Có,Không,Ví điện tử (Momo/ZaloPay),Nhận tại cửa hàng,Online,11,Hai tuần một lần,13.0,42178000.0,42473246.0,42310423.0,0,0,Khách hàng phổ thông / mới,0.3493783125678306
3350,55,Nam,Bình Định,Miền Trung,Nhẫn,Bạch kim,20,6.43,0,Quà tặng người yêu,11987000.0,16345000.0,2.9,Không,Không,Không,Chuyển khoản ngân hàng,Giao hàng nhanh,Tại cửa hàng,9,Hàng tháng,28.0,21577000.0,19760217.0,10470476.0,1,0,Khách hàng phổ thông / mới,0.740114917214059
3351,25,Nữ,TP. Hồ Chí Minh,Miền Nam,Lắc chân,Bạc,5,9.62,1,Tự mua sắm,5434000.0,25902000.0,4.5,Có,Có,Có,Thẻ tín dụng,Giao hàng tiêu chuẩn,Online,12,Hàng năm,315.0,13042000.0,15898198.0,632104.0,0,2,Khách hàng có nguy cơ rời bỏ,0.07167329343839828
3352,63,Nam,Huế,Miền Trung,Vòng tay,Vàng 24K,24,10.35,0,Quà tặng người yêu,22543000.0,17333000.0,4.6,Không,Không,Có,Tiền mặt,Giao hàng tiêu chuẩn,Online,28,Hàng năm,345.0,126241000.0,127844261.0,1619867.0,0,1,Khách hàng VIP (giá trị cao nhất),0.2382923025147419
3353,23,Nữ,Đồng Nai,Miền Nam,Vòng tay,Bạc,5,10.8,0,Tự mua sắm,598000.0,37524000.0,2.6,Không,Không,Không,Chuyển khoản ngân hàng,Giao hàng tiêu chuẩn,Tại cửa hàng,1,Nửa năm một lần,175.0,120000.0,107844.0,132564.0,1,0,Khách hàng phổ thông / mới,0.6757574635696946
3354,52,Nam,Cần Thơ,Miền Nam,Vòng tay,Vàng 18K,18,13.79,0,Quà tặng người yêu,21851000.0,22252000.0,3.6,Không,Không,Không,Chuyển khoản ngân hàng,Nhận tại cửa hàng,Tại cửa hàng,2,Hàng quý,89.0,8740000.0,8352818.0,6988471.0,0,0,Khách hàng phổ thông / mới,0.502992943216432
3355,64,Nam,Bắc Ninh,Miền Bắc,Nhẫn,Vàng 18K,18,3.32,0,Quà tặng người yêu,4578000.0,25810000.0,3.0,Không,Có,Không,Ví điện tử (Momo/ZaloPay),Giao hàng tiêu chuẩn,Tại cửa hàng,13,Hai tuần một lần,16.0,11903000.0,10968614.0,11041319.0,0,0,Khách hàng phổ thông / mới,0.48373340671398524
3356,39,Nam,Hải Dương,Miền Bắc,Dây chuyền,Vàng đính đá quý,18,9.87,1,Cưới hỏi,20269000.0,8947000.0,2.8,Không,Không,Không,Tiền mặt,Nhận tại cửa hàng,Online,14,Hàng năm,390.0,56753000.0,51650905.0,1749694.0,1,2,Khách hàng có nguy cơ rời bỏ,0.8010334699651057
3357,20,Nữ,Hưng Yên,Miền Bắc,Trang sức bộ,Bạc,5,32.19,0,Quà tặng người yêu,2205000.0,21972000.0,4.5,Có,Có,Có,Thẻ tín dụng,Giao hàng tiêu chuẩn,Online,30,Hàng tháng,29.0,13230000.0,16127370.0,2224786.0,0,3,Khách hàng trung thành,0.08825511234218998
3358,60,Nữ,Quảng Ninh,Miền Bắc,Nhẫn,Bạc,5,4.39,0,Lễ/Tết,785000.0,30140000.0,3.2,Có,Không,Không,Ví điện tử (Momo/ZaloPay),Nhận tại cửa hàng,Online,8,Hàng năm,403.0,1256000.0,1418401.0,52973.0,1,2,Khách hàng có nguy cơ rời bỏ,0.6267521553342515
3359,26,Nữ,Nghệ An,Miền Trung,Trang sức bộ,Vàng 18K,18,15.11,0,Lễ/Tết,24355000.0,13298000.0,4.1,Có,Không,Có,Chuyển khoản ngân hàng,Giao hàng tiêu chuẩn,Online,17,Nửa năm một lần,175.0,82807000.0,98656260.0,3918942.0,0,3,Khách hàng trung thành,0.13037302195926354
3360,43,Nữ,Thái Nguyên,Miền Bắc,Trang sức bộ,Vàng 24K,24,23.95,0,Quà tặng người yêu,52618000.0,16924000.0,2.5,Không,Không,Có,Tiền mặt,Giao hàng tiêu chuẩn,Tại cửa hàng,21,Hai tuần một lần,13.0,220996000.0,197349428.0,130787747.0,0,1,Khách hàng VIP (giá trị cao nhất),0.42258090281630795
3361,65,Nữ,Gia Lai,Miền Trung,Nhẫn,Bạch kim,20,5.74,0,Quà tặng người yêu,9910000.0,16924000.0,2.7,Có,Có,Có,Ví điện tử (Momo/ZaloPay),Giao hàng tiêu chuẩn,Tại cửa hàng,21,Nửa năm một lần,158.0,41622000.0,45567766.0,1907778.0,0,3,Khách hàng trung thành,0.1327657265881904
3362,53,Nữ,Hải Phòng,Miền Bắc,Vòng tay,Bạc,5,12.89,0,Tự mua sắm,769000.0,13100000.0,4.0,Có,Có,Không,Chuyển khoản ngân hàng,Giao hàng nhanh,Tại cửa hàng,11,Hàng năm,391.0,1692000.0,2004174.0,52696.0,0,2,Khách hàng có nguy cơ rời bỏ,0.1580528212198096
3363,20,Nam,Hưng Yên,Miền Bắc,Nhẫn,Bạc,5,1.65,0,Quà tặng người yêu,407000.0,10133000.0,3.4,Không,Có,Không,Thẻ tín dụng,Nhận tại cửa hàng,Online,26,Hàng năm,332.0,2116000.0,1998139.0,35681.0,1,2,Khách hàng có nguy cơ rời bỏ,0.5566064981495579
3364,57,Nữ,TP. Hồ Chí Minh,Miền Nam,Bông tai,Vàng đính đá quý,18,4.35,1,Sinh nhật,10742000.0,28625000.0,4.7,Không,Không,Không,Ví điện tử (Momo/ZaloPay),Giao hàng nhanh,Online,11,Nửa năm một lần,168.0,23632000.0,24066829.0,1945345.0,1,0,Khách hàng phổ thông / mới,0.6072577209759441
3365,25,Nữ,Nghệ An,Miền Trung,Trang sức bộ,Vàng 18K,18,10.92,0,Quà tặng người yêu,17864000.0,10640000.0,2.7,Không,Không,Không,Chuyển khoản ngân hàng,Giao hàng nhanh,Tại cửa hàng,13,Hàng tháng,29.0,46446000.0,42005762.0,11398979.0,0,3,Khách hàng trung thành,0.6442474722368444
3366,53,Nữ,Huế,Miền Trung,Lắc chân,Bạch kim,20,6.76,1,Tự mua sắm,17091000.0,8694000.0,4.1,Không,Không,Không,Thẻ tín dụng,Giao hàng nhanh,Online,2,Nửa năm một lần,200.0,6836000.0,6727991.0,2775075.0,1,0,Khách hàng phổ thông / mới,0.6616251250992332
3367,47,Nữ,Đồng Nai,Miền Nam,Trang sức bộ,Bạc,5,20.36,1,Quà tặng gia đình,6936000.0,17095000.0,4.3,Không,Có,Không,Ví điện tử (Momo/ZaloPay),Giao hàng nhanh,Online,30,Nửa năm một lần,202.0,41616000.0,41432890.0,848441.0,0,3,Khách hàng trung thành,0.3105225405868604
3368,31,Nữ,Tây Ninh,Miền Nam,Nhẫn,Vàng 18K,18,7.0,1,Quà tặng người yêu,13549000.0,20211000.0,4.0,Không,Có,Không,Thẻ tín dụng,Nhận tại cửa hàng,Tại cửa hàng,28,Nửa năm một lần,185.0,75874000.0,74242709.0,1741010.0,0,3,Khách hàng trung thành,0.3922624784849743
3369,38,Nam,Đắk Lắk,Miền Trung,Vòng tay,Vàng 24K,24,17.94,0,Quà tặng gia đình,38804000.0,24342000.0,4.2,Không,Không,Có,Tiền mặt,Giao hàng tiêu chuẩn,Online,8,Hàng tháng,34.0,62086000.0,61458931.0,23839740.0,0,0,Khách hàng phổ thông / mới,0.40176589229153964
3370,23,Nữ,Hà Nội,Miền Bắc,Nhẫn,Bạc,5,6.54,0,Lễ/Tết,300000.0,13168000.0,3.1,Không,Không,Có,Chuyển khoản ngân hàng,Giao hàng tiêu chuẩn,Online,16,Hàng năm,357.0,960000.0,890112.0,17070.0,0,2,Khách hàng có nguy cơ rời bỏ,0.5972735489403336
3371,65,Nữ,Hải Phòng,Miền Bắc,Lắc chân,Vàng 18K,18,10.38,0,Quà tặng gia đình,16471000.0,17782000.0,4.4,Không,Không,Có,Tiền mặt,Giao hàng tiêu chuẩn,Tại cửa hàng,26,Hàng quý,93.0,85649000.0,85760344.0,4016902.0,0,3,Khách hàng trung thành,0.22746704734566398
3372,29,Nữ,Kiên Giang,Miền Nam,Nhẫn,Bạc,5,2.92,0,Tự mua sắm,360000.0,23526000.0,3.9,Có,Có,Không,Chuyển khoản ngân hàng,Giao hàng tiêu chuẩn,Online,3,Hàng tháng,34.0,216000.0,254362.0,277108.0,0,0,Khách hàng phổ thông / mới,0.25940090378662206
3373,32,Nữ,TP. Hồ Chí Minh,Miền Nam,Nhẫn,Bạc,5,6.16,0,Lễ/Tết,300000.0,26252000.0,4.5,Không,Có,Có,Chuyển khoản ngân hàng,Giao hàng tiêu chuẩn,Tại cửa hàng,21,Hàng tháng,30.0,1260000.0,1268820.0,405476.0,0,3,Khách hàng trung thành,0.20381270503652746
3374,42,Nam,Bình Dương,Miền Nam,Nhẫn,Vàng 18K,18,6.37,0,Tự mua sắm,10146000.0,29224000.0,2.8,Không,Không,Không,Chuyển khoản ngân hàng,Giao hàng tiêu chuẩn,Online,23,Hàng tháng,30.0,46672000.0,42476187.0,9185596.0,0,3,Khách hàng trung thành,0.6991646170985871
3375,50,Nam,TP. Hồ Chí Minh,Miền Nam,Nhẫn,Bạc,5,6.56,1,Lễ/Tết,5124000.0,24357000.0,2.8,Có,Không,Không,Tiền mặt,Giao hàng tiêu chuẩn,Online,20,Hàng quý,77.0,20496000.0,22580443.0,2060237.0,0,3,Khách hàng trung thành,0.406568156960087
3376,42,Nam,Thái Nguyên,Miền Bắc,Nhẫn,Bạc,5,6.67,0,Quà tặng người yêu,390000.0,8916000.0,3.5,Có,Không,Không,Chuyển khoản ngân hàng,Giao hàng tiêu chuẩn,Tại cửa hàng,24,Hàng tháng,33.0,1872000.0,2152800.0,380103.0,0,3,Khách hàng trung thành,0.28895031319016784
3377,42,Nam,Đà Nẵng,Miền Trung,Nhẫn,Vàng 18K,18,2.56,0,Tự mua sắm,4211000.0,14394000.0,3.5,Không,Không,Không,Thẻ tín dụng,Giao hàng nhanh,Online,7,Hàng quý,82.0,5895000.0,5600250.0,1576955.0,0,0,Khách hàng phổ thông / mới,0.5475954296237143
3378,45,Nam,Đồng Nai,Miền Nam,Lắc chân,Vàng đính đá quý,18,5.31,1,Tự mua sắm,12480000.0,29478000.0,2.8,Không,Không,Không,Tiền mặt,Giao hàng tiêu chuẩn,Online,14,Hàng tháng,30.0,34944000.0,31802534.0,12306031.0,0,3,Khách hàng trung thành,0.695010780046655
3379,59,Nữ,Bà Rịa - Vũng Tàu,Miền Nam,Bông tai,Vàng 24K,24,4.92,0,Quà tặng người yêu,10900000.0,33936000.0,2.7,Có,Không,Không,Thẻ tín dụng,Giao hàng nhanh,Online,20,Hàng tháng,33.0,43600000.0,47733280.0,7777121.0,0,3,Khách hàng trung thành,0.4065025503622437
3380,36,Nữ,Hải Dương,Miền Bắc,Dây chuyền,Vàng đính đá quý,18,4.77,1,Cưới hỏi,12234000.0,19546000.0,2.7,Không,Không,Có,Ví điện tử (Momo/ZaloPay),Giao hàng tiêu chuẩn,Online,30,Hai tuần một lần,14.0,73404000.0,66386578.0,33062393.0,0,3,Khách hàng trung thành,0.4825739703321713
3381,57,Nữ,Gia Lai,Miền Trung,Bông tai,Vàng 24K,24,1.62,1,Quà tặng người yêu,6385000.0,20190000.0,2.6,Có,Có,Có,Ví điện tử (Momo/ZaloPay),Nhận tại cửa hàng,Online,2,Hàng quý,98.0,2554000.0,2778497.0,2590412.0,0,0,Khách hàng phổ thông / mới,0.19608691472310188
3382,55,Nữ,Quảng Ninh,Miền Bắc,Dây chuyền,Vàng 24K,24,14.72,1,Sinh nhật,33044000.0,14293000.0,2.6,Không,Có,Không,Tiền mặt,Giao hàng nhanh,Online,7,Hàng quý,99.0,46262000.0,41575659.0,6980509.0,0,0,Khách hàng phổ thông / mới,0.4567882083697803
3383,64,Nam,Kiên Giang,Miền Nam,Bông tai,Bạc,5,5.84,1,Quà tặng người yêu,5014000.0,31782000.0,4.5,Không,Không,Không,Ví điện tử (Momo/ZaloPay),Giao hàng nhanh,Tại cửa hàng,10,Hàng quý,100.0,10028000.0,10098196.0,1226938.0,0,0,Khách hàng phổ thông / mới,0.4879798702123516
3384,61,Nữ,Hải Dương,Miền Bắc,Dây chuyền,Vàng 24K,24,7.04,0,Cưới hỏi,15674000.0,14252000.0,4.8,Không,Không,Có,Chuyển khoản ngân hàng,Nhận tại cửa hàng,Online,26,Nửa năm một lần,159.0,81505000.0,83469270.0,2808409.0,1,3,Khách hàng trung thành,0.45184684672188924
3385,56,Nam,TP. Hồ Chí Minh,Miền Nam,Vòng tay,Vàng 18K,18,5.13,0,Cưới hỏi,8308000.0,35092000.0,3.6,Không,Không,Không,Tiền mặt,Nhận tại cửa hàng,Online,23,Hàng quý,82.0,38217000.0,36523987.0,2511802.0,0,3,Khách hàng trung thành,0.5582390120232916
3386,29,Nữ,Nam Định,Miền Bắc,Dây chuyền,Vàng 24K,24,7.78,0,Tự mua sắm,15224000.0,19168000.0,3.8,Không,Có,Không,Ví điện tử (Momo/ZaloPay),Nhận tại cửa hàng,Tại cửa hàng,26,Nửa năm một lần,204.0,79165000.0,76560472.0,2442722.0,0,3,Khách hàng trung thành,0.35018511017040166
3387,55,Nam,Quảng Ngãi,Miền Trung,Nhẫn,Bạc,5,1.67,0,Quà tặng người yêu,460000.0,15281000.0,3.3,Không,Không,Có,Chuyển khoản ngân hàng,Giao hàng nhanh,Online,20,Hàng tuần,7.0,1840000.0,1727024.0,1199097.0,0,3,Khách hàng trung thành,0.41840138217189904
3388,53,Nữ,TP. Hồ Chí Minh,Miền Nam,Vòng tay,Bạc,5,7.15,0,Cưới hỏi,947000.0,8698000.0,4.5,Không,Có,Không,Ví điện tử (Momo/ZaloPay),Giao hàng nhanh,Online,16,Hàng quý,96.0,3030000.0,3051210.0,411267.0,0,0,Khách hàng phổ thông / mới,0.25844580639869136
3389,31,Nữ,Lào Cai,Miền Bắc,Bông tai,Vàng 24K,24,2.12,0,Cưới hỏi,4209000.0,17967000.0,4.8,Không,Có,Không,Tiền mặt,Giao hàng nhanh,Online,13,Hai tuần một lần,14.0,10943000.0,11206726.0,10952107.0,0,0,Khách hàng phổ thông / mới,0.34596049494258285
3390,50,Nữ,Cần Thơ,Miền Nam,Bông tai,Vàng 18K,18,5.2,0,Sinh nhật,8182000.0,20116000.0,3.1,Có,Không,Có,Tiền mặt,Giao hàng tiêu chuẩn,Tại cửa hàng,17,Hàng quý,102.0,27819000.0,31224046.0,2498550.0,0,3,Khách hàng trung thành,0.2399982408760512
3391,30,Nữ,Bà Rịa - Vũng Tàu,Miền Nam,Dây chuyền,Vàng 24K,24,7.5,0,Quà tặng người yêu,16710000.0,17568000.0,2.6,Có,Không,Không,Ví điện tử (Momo/ZaloPay),Giao hàng nhanh,Online,4,Nửa năm một lần,169.0,13368000.0,14543047.0,3514610.0,1,0,Khách hàng phổ thông / mới,0.6277979664677896
3392,43,Nữ,Long An,Miền Nam,Vòng tay,Vàng đính đá quý,18,5.12,1,Quà tặng gia đình,9419000.0,20615000.0,3.3,Không,Có,Có,Tiền mặt,Nhận tại cửa hàng,Online,4,Nửa năm một lần,199.0,7535000.0,7072351.0,1702608.0,1,0,Khách hàng phổ thông / mới,0.36632844167826745
3393,56,Nam,Lào Cai,Miền Bắc,Bông tai,Vàng 24K,24,4.18,0,Cưới hỏi,9051000.0,31059000.0,3.5,Có,Không,Không,Chuyển khoản ngân hàng,Giao hàng tiêu chuẩn,Tại cửa hàng,3,Hàng quý,88.0,5431000.0,6245650.0,2772350.0,0,0,Khách hàng phổ thông / mới,0.3128689950989263
3394,27,Nữ,TP. Hồ Chí Minh,Miền Nam,Nhẫn,Bạc,5,1.96,0,Cưới hỏi,498000.0,23952000.0,2.5,Không,Không,Không,Chuyển khoản ngân hàng,Giao hàng nhanh,Tại cửa hàng,4,Hàng quý,83.0,398000.0,355414.0,153555.0,0,0,Khách hàng phổ thông / mới,0.6636618784613935
3395,34,Nữ,Đắk Lắk,Miền Trung,Nhẫn,Vàng 18K,18,7.31,0,Sinh nhật,10659000.0,21404000.0,4.2,Có,Có,Có,Ví điện tử (Momo/ZaloPay),Giao hàng tiêu chuẩn,Tại cửa hàng,10,Hàng tháng,30.0,21318000.0,25545359.0,10808927.0,0,0,Khách hàng phổ thông / mới,0.09357869420680583
3396,56,Nữ,Gia Lai,Miền Trung,Dây chuyền,Bạc,5,5.94,0,Lễ/Tết,730000.0,29352000.0,2.8,Có,Có,Không,Thẻ tín dụng,Giao hàng tiêu chuẩn,Tại cửa hàng,13,Hàng năm,369.0,1898000.0,2091027.0,68554.0,1,2,Khách hàng có nguy cơ rời bỏ,0.3087872941475694
3397,39,Nữ,Quảng Nam,Miền Trung,Nhẫn,Vàng đính đá quý,18,3.05,1,Sinh nhật,10597000.0,13926000.0,2.7,Có,Không,Không,Ví điện tử (Momo/ZaloPay),Giao hàng tiêu chuẩn,Tại cửa hàng,30,Hàng tháng,26.0,63582000.0,69609574.0,12533368.0,0,3,Khách hàng trung thành,0.3292772826773059
3398,64,Nữ,Gia Lai,Miền Trung,Dây chuyền,Vàng 18K,18,7.76,0,Cưới hỏi,12455000.0,26834000.0,4.3,Có,Không,Không,Chuyển khoản ngân hàng,Giao hàng nhanh,Online,28,Hai tuần một lần,13.0,69748000.0,84060290.0,20583534.0,0,3,Khách hàng trung thành,0.2526889113542065
3399,18,Nữ,Bắc Ninh,Miền Bắc,Nhẫn,Bạch kim,20,2.2,0,Tự mua sắm,4459000.0,23940000.0,3.8,Có,Không,Không,Chuyển khoản ngân hàng,Giao hàng tiêu chuẩn,Tại cửa hàng,24,Hàng tháng,34.0,21403000.0,25056492.0,3365856.0,0,3,Khách hàng trung thành,0.31680580355850835
3400,52,Nữ,Huế,Miền Trung,Vòng tay,Vàng 18K,18,5.35,0,Sinh nhật,7693000.0,31618000.0,3.8,Không,Có,Có,Chuyển khoản ngân hàng,Nhận tại cửa hàng,Tại cửa hàng,7,Hàng năm,383.0,10770000.0,10415667.0,594561.0,0,2,Khách hàng có nguy cơ rời bỏ,0.1855201754859748
3401,57,Nam,Quảng Ninh,Miền Bắc,Bông tai,Bạc,5,5.57,0,Sinh nhật,631000.0,11826000.0,4.4,Có,Không,Không,Tiền mặt,Giao hàng nhanh,Online,16,Hàng năm,387.0,2019000.0,2447230.0,48249.0,0,2,Khách hàng có nguy cơ rời bỏ,0.28294398070618915
3402,62,Nam,Hưng Yên,Miền Bắc,Bông tai,Vàng 18K,18,5.32,0,Quà tặng gia đình,8485000.0,15657000.0,3.2,Không,Không,Có,Thẻ tín dụng,Giao hàng nhanh,Tại cửa hàng,15,Hàng quý,86.0,25455000.0,23746970.0,4010813.0,1,3,Khách hàng trung thành,0.5917113079706043
3403,25,Nam,Bắc Ninh,Miền Bắc,Bông tai,Vàng 18K,18,5.58,0,Quà tặng gia đình,8427000.0,13829000.0,3.3,Không,Có,Có,Chuyển khoản ngân hàng,Giao hàng nhanh,Online,19,Hàng tuần,7.0,32023000.0,30056788.0,18973951.0,0,3,Khách hàng trung thành,0.3518675997822461
3404,65,Nữ,Nam Định,Miền Bắc,Dây chuyền,Vàng 24K,24,11.12,0,Tự mua sắm,24391000.0,25247000.0,2.8,Không,Không,Có,Thẻ tín dụng,Nhận tại cửa hàng,Tại cửa hàng,2,Nửa năm một lần,157.0,9756000.0,8878936.0,5084853.0,1,0,Khách hàng phổ thông / mới,0.619869643634787
3405,36,Nam,Đồng Nai,Miền Nam,Trang sức bộ,Vàng 24K,24,10.33,0,Quà tặng người yêu,23593000.0,21728000.0,3.1,Không,Không,Không,Tiền mặt,Giao hàng tiêu chuẩn,Tại cửa hàng,2,Hàng tháng,27.0,9437000.0,8749986.0,33240974.0,1,0,Khách hàng phổ thông / mới,0.6881522367139065
3406,34,Nam,Bình Định,Miền Trung,Bông tai,Vàng đính đá quý,18,5.87,1,Tự mua sắm,11024000.0,24014000.0,3.8,Có,Không,Có,Chuyển khoản ngân hàng,Giao hàng tiêu chuẩn,Online,9,Hàng tuần,8.0,19843000.0,23230200.0,46593849.0,0,0,Khách hàng phổ thông / mới,0.13289811368420743
3407,35,Nam,Hà Nội,Miền Bắc,Vòng tay,Bạch kim,20,15.63,0,Quà tặng gia đình,26011000.0,6000000.0,4.2,Có,Có,Có,Thẻ tín dụng,Giao hàng nhanh,Online,3,Hàng quý,82.0,15607000.0,18701868.0,8823519.0,0,0,Khách hàng phổ thông / mới,0.07946750836641978
3408,48,Nữ,Đồng Nai,Miền Nam,Nhẫn,Vàng 18K,18,4.2,0,Quà tặng gia đình,6663000.0,31185000.0,4.6,Không,Có,Không,Ví điện tử (Momo/ZaloPay),Giao hàng tiêu chuẩn,Tại cửa hàng,12,Hàng quý,90.0,15991000.0,16194086.0,2417464.0,0,0,Khách hàng phổ thông / mới,0.3330657411963877
3409,49,Nam,An Giang,Miền Nam,Bông tai,Bạc,5,4.66,0,Quà tặng người yêu,300000.0,22585000.0,2.6,Không,Có,Có,Chuyển khoản ngân hàng,Giao hàng nhanh,Tại cửa hàng,12,Hàng quý,102.0,720000.0,647064.0,97284.0,0,0,Khách hàng phổ thông / mới,0.37119560136979973
3410,40,Nam,Bà Rịa - Vũng Tàu,Miền Nam,Vòng tay,Bạc,5,13.51,0,Quà tặng người yêu,381000.0,24268000.0,3.8,Có,Có,Không,Thẻ tín dụng,Giao hàng tiêu chuẩn,Tại cửa hàng,29,Nửa năm một lần,190.0,2210000.0,2587247.0,62275.0,0,3,Khách hàng trung thành,0.16712921597331865
3411,21,Nữ,Cần Thơ,Miền Nam,Bông tai,Vàng 18K,18,4.36,0,Quà tặng người yêu,6274000.0,21852000.0,3.4,Không,Có,Có,Tiền mặt,Nhận tại cửa hàng,Online,21,Nửa năm một lần,164.0,26351000.0,24883249.0,1127263.0,1,3,Khách hàng trung thành,0.45827924692728006
3412,65,Nam,Tây Ninh,Miền Nam,Bông tai,Vàng 18K,18,5.12,0,Lễ/Tết,8106000.0,17505000.0,3.5,Không,Không,Có,Tiền mặt,Nhận tại cửa hàng,Tại cửa hàng,6,Hàng quý,89.0,9727000.0,9240650.0,2946783.0,0,0,Khách hàng phổ thông / mới,0.2788263634019751
3413,28,Nữ,Đắk Lắk,Miền Trung,Trang sức bộ,Bạc,5,33.4,1,Sinh nhật,6950000.0,23306000.0,4.6,Có,Không,Có,Chuyển khoản ngân hàng,Giao hàng tiêu chuẩn,Tại cửa hàng,18,Hàng tuần,7.0,25020000.0,30672018.0,11346480.0,0,3,Khách hàng trung thành,0.12681899300733684
3414,22,Nữ,Kiên Giang,Miền Nam,Trang sức bộ,Vàng 18K,18,29.92,0,Cưới hỏi,41909000.0,19854000.0,2.6,Có,Có,Có,Thẻ tín dụng,Giao hàng nhanh,Tại cửa hàng,4,Hàng tuần,7.0,33527000.0,36474023.0,141162819.0,0,0,Khách hàng phổ thông / mới,0.15135242874446456
3415,46,Nữ,Kiên Giang,Miền Nam,Bông tai,Bạc,5,5.48,0,Cưới hỏi,308000.0,21201000.0,4.0,Không,Có,Không,Chuyển khoản ngân hàng,Giao hàng tiêu chuẩn,Online,30,Hàng năm,402.0,1848000.0,1808268.0,23507.0,1,2,Khách hàng có nguy cơ rời bỏ,0.4354501804828625
3416,37,Nữ,Vĩnh Phúc,Miền Bắc,Trang sức bộ,Vàng 24K,24,24.19,0,Cưới hỏi,46473000.0,23672000.0,3.8,Không,Có,Có,Chuyển khoản ngân hàng,Giao hàng nhanh,Online,2,Hàng tháng,31.0,18589000.0,17977422.0,43172871.0,0,0,Khách hàng phổ thông / mới,0.18726316090528228
3417,47,Nữ,Bà Rịa - Vũng Tàu,Miền Nam,Trang sức bộ,Vàng 24K,24,18.46,0,Lễ/Tết,40586000.0,20102000.0,4.6,Không,Không,Có,Thẻ tín dụng,Giao hàng nhanh,Online,7,Hàng quý,97.0,56820000.0,57541614.0,17177106.0,0,0,Khách hàng phổ thông / mới,0.26915967221818266
3418,60,Nam,Đồng Nai,Miền Nam,Nhẫn,Bạc,5,5.85,0,Sinh nhật,300000.0,12075000.0,3.3,Có,Có,Không,Ví điện tử (Momo/ZaloPay),Nhận tại cửa hàng,Tại cửa hàng,16,Hai tuần một lần,13.0,960000.0,1090752.0,608201.0,0,0,Khách hàng phổ thông / mới,0.24130638516244077
3419,22,Nữ,Bình Dương,Miền Nam,Bông tai,Bạc,5,3.78,0,Cưới hỏi,443000.0,18049000.0,2.8,Có,Không,Không,Chuyển khoản ngân hàng,Giao hàng tiêu chuẩn,Online,21,Hàng tháng,32.0,1861000.0,2050264.0,385180.0,0,3,Khách hàng trung thành,0.5234976649800049
3420,31,Nam,An Giang,Miền Nam,Nhẫn,Vàng đính đá quý,18,1.87,1,Tự mua sắm,4733000.0,31235000.0,2.8,Có,Có,Không,Ví điện tử (Momo/ZaloPay),Giao hàng nhanh,Online,16,Hàng quý,88.0,15146000.0,16686348.0,2191938.0,0,3,Khách hàng trung thành,0.33549309710493935
3421,42,Nam,Nghệ An,Miền Trung,Dây chuyền,Vàng 24K,24,9.91,0,Tự mua sắm,20009000.0,16646000.0,4.1,Không,Có,Không,Ví điện tử (Momo/ZaloPay),Nhận tại cửa hàng,Tại cửa hàng,29,Hàng tháng,32.0,116052000.0,114218378.0,15948967.0,0,1,Khách hàng VIP (giá trị cao nhất),0.3668860254180958
3422,55,Nữ,Huế,Miền Trung,Dây chuyền,Bạc,5,8.01,0,Tự mua sắm,877000.0,21959000.0,3.9,Không,Không,Không,Ví điện tử (Momo/ZaloPay),Giao hàng tiêu chuẩn,Online,6,Nửa năm một lần,195.0,1052000.0,1023386.0,121563.0,1,0,Khách hàng phổ thông / mới,0.5954286942826942
3423,46,Nam,Quảng Ngãi,Miền Trung,Vòng tay,Vàng đính đá quý,18,10.54,1,Lễ/Tết,21790000.0,26600000.0,4.0,Không,Không,Không,Tiền mặt,Giao hàng tiêu chuẩn,Online,30,Hàng quý,86.0,130740000.0,127929090.0,7400001.0,1,1,Khách hàng VIP (giá trị cao nhất),0.511897758253155
3424,36,Nam,TP. Hồ Chí Minh,Miền Nam,Nhẫn,Bạc,5,6.21,0,Quà tặng người yêu,496000.0,34995000.0,2.8,Có,Không,Không,Chuyển khoản ngân hàng,Nhận tại cửa hàng,Online,8,Nửa năm một lần,174.0,794000.0,874750.0,98459.0,1,0,Khách hàng phổ thông / mới,0.6804851760131695
3425,47,Nữ,Bà Rịa - Vũng Tàu,Miền Nam,Nhẫn,Vàng đính đá quý,18,7.25,1,Quà tặng người yêu,16475000.0,19030000.0,2.6,Có,Có,Có,Tiền mặt,Giao hàng tiêu chuẩn,Tại cửa hàng,22,Nửa năm một lần,200.0,72490000.0,78861871.0,2563686.0,0,3,Khách hàng trung thành,0.1399364865359494
3426,65,Nữ,Bà Rịa - Vũng Tàu,Miền Nam,Nhẫn,Vàng đính đá quý,18,2.78,1,Quà tặng người yêu,9948000.0,13310000.0,3.9,Có,Có,Không,Ví điện tử (Momo/ZaloPay),Giao hàng tiêu chuẩn,Online,10,Hàng tháng,31.0,19896000.0,23429530.0,7387135.0,0,0,Khách hàng phổ thông / mới,0.16085848214761667
3427,41,Nam,TP. Hồ Chí Minh,Miền Nam,Bông tai,Bạch kim,20,4.97,0,Tự mua sắm,8978000.0,25168000.0,2.7,Không,Có,Không,Chuyển khoản ngân hàng,Nhận tại cửa hàng,Online,21,Hàng năm,378.0,37708000.0,34103115.0,644285.0,1,2,Khách hàng có nguy cơ rời bỏ,0.6628824904935371
3428,60,Nam,Kiên Giang,Miền Nam,Lắc chân,Vàng đính đá quý,18,4.53,1,Quà tặng gia đình,10541000.0,15914000.0,4.8,Không,Không,Không,Thẻ tín dụng,Giao hàng nhanh,Online,1,Hàng năm,415.0,2108000.0,2158803.0,678695.0,1,2,Khách hàng có nguy cơ rời bỏ,0.4784354702674479
3429,55,Nam,Quảng Ninh,Miền Bắc,Trang sức bộ,Bạc,5,24.41,0,Cưới hỏi,1926000.0,23367000.0,4.5,Không,Không,Không,Chuyển khoản ngân hàng,Giao hàng tiêu chuẩn,Tại cửa hàng,22,Hàng tháng,28.0,8474000.0,8533318.0,2034888.0,0,3,Khách hàng trung thành,0.5022492627336466
3430,32,Nam,Kiên Giang,Miền Nam,Dây chuyền,Vàng 18K,18,13.18,0,Tự mua sắm,18664000.0,24162000.0,2.9,Không,Có,Có,Chuyển khoản ngân hàng,Nhận tại cửa hàng,Tại cửa hàng,25,Nửa năm một lần,183.0,93320000.0,85462456.0,3294202.0,1,3,Khách hàng trung thành,0.5021771183065408
3431,29,Nữ,Hà Nội,Miền Bắc,Dây chuyền,Vàng đính đá quý,18,13.87,1,Tự mua sắm,28103000.0,16384000.0,4.0,Không,Có,Không,Chuyển khoản ngân hàng,Giao hàng nhanh,Tại cửa hàng,11,Nửa năm một lần,165.0,61827000.0,60497720.0,5494275.0,0,3,Khách hàng trung thành,0.42503836816509044
3432,54,Nữ,Bình Định,Miền Trung,Lắc chân,Bạch kim,20,5.78,0,Quà tặng gia đình,10105000.0,19336000.0,2.8,Không,Có,Không,Chuyển khoản ngân hàng,Giao hàng nhanh,Tại cửa hàng,24,Nửa năm một lần,168.0,48504000.0,44143490.0,1227609.0,1,3,Khách hàng trung thành,0.7069965898867046
3433,27,Nữ,Hà Nội,Miền Bắc,Nhẫn,Vàng 24K,24,6.82,0,Sinh nhật,13516000.0,25355000.0,4.8,Không,Có,Không,Ví điện tử (Momo/ZaloPay),Nhận tại cửa hàng,Tại cửa hàng,16,Hàng tuần,7.0,43251000.0,44293349.0,48313322.0,0,3,Khách hàng trung thành,0.27059351576892726
3434,34,Nữ,Đắk Lắk,Miền Trung,Trang sức bộ,Vàng 18K,18,31.97,0,Quà tặng người yêu,47379000.0,27688000.0,4.0,Không,Có,Không,Ví điện tử (Momo/ZaloPay),Giao hàng tiêu chuẩn,Online,10,Hàng tuần,6.0,94758000.0,92720703.0,148598888.0,0,3,Khách hàng trung thành,0.3136387495461289
3435,29,Nữ,Nghệ An,Miền Trung,Bông tai,Vàng 18K,18,1.86,0,Tự mua sắm,3282000.0,20050000.0,3.3,Có,Có,Có,Thẻ tín dụng,Giao hàng nhanh,Online,18,Hàng tháng,27.0,11815000.0,13424203.0,4555474.0,0,3,Khách hàng trung thành,0.20790584014183786
3436,47,Nữ,Hà Nội,Miền Bắc,Vòng tay,Vàng đính đá quý,18,10.77,1,Lễ/Tết,20940000.0,22000000.0,4.2,Không,Không,Không,Ví điện tử (Momo/ZaloPay),Giao hàng nhanh,Online,18,Hai tuần một lần,13.0,75384000.0,74622622.0,52186782.0,0,3,Khách hàng trung thành,0.48300539061472575
3437,32,Nam,TP. Hồ Chí Minh,Miền Nam,Nhẫn,Vàng 18K,18,6.55,0,Tự mua sắm,10815000.0,12052000.0,2.5,Không,Không,Không,Tiền mặt,Giao hàng tiêu chuẩn,Tại cửa hàng,11,Hàng quý,90.0,23793000.0,21247149.0,4319648.0,0,0,Khách hàng phổ thông / mới,0.6334035870363071
3438,49,Nam,TP. Hồ Chí Minh,Miền Nam,Nhẫn,Vàng 18K,18,1.6,0,Lễ/Tết,2287000.0,21767000.0,3.2,Có,Có,Có,Thẻ tín dụng,Giao hàng tiêu chuẩn,Tại cửa hàng,10,Hàng năm,415.0,4574000.0,5165418.0,179209.0,0,2,Khách hàng có nguy cơ rời bỏ,0.18367357604307158
3439,62,Nữ,Quảng Ninh,Miền Bắc,Vòng tay,Bạc,5,14.39,0,Cưới hỏi,1163000.0,18978000.0,3.1,Không,Có,Không,Tiền mặt,Giao hàng tiêu chuẩn,Online,14,Hàng quý,95.0,3256000.0,3018963.0,456259.0,0,0,Khách hàng phổ thông / mới,0.4737415952544655
3440,57,Nữ,TP. Hồ Chí Minh,Miền Nam,Dây chuyền,Vàng 24K,24,7.98,0,Tự mua sắm,17397000.0,21971000.0,3.4,Không,Không,Không,Ví điện tử (Momo/ZaloPay),Giao hàng tiêu chuẩn,Online,1,Hàng quý,94.0,3479000.0,3285220.0,6074172.0,1,0,Khách hàng phổ thông / mới,0.7125193298435691
3441,63,Nam,Quảng Ninh,Miền Bắc,Lắc chân,Vàng đính đá quý,18,7.66,1,Cưới hỏi,13688000.0,31708000.0,2.7,Không,Có,Không,Tiền mặt,Giao hàng tiêu chuẩn,Online,18,Hàng tháng,29.0,49277000.0,44566119.0,13910434.0,0,3,Khách hàng trung thành,0.5648341414724767
3442,19,Nữ,Bắc Ninh,Miền Bắc,Bông tai,Vàng 18K,18,3.09,0,Sinh nhật,5077000.0,11257000.0,4.9,Không,Không,Có,Ví điện tử (Momo/ZaloPay),Giao hàng nhanh,Online,18,Hàng quý,79.0,18277000.0,18821655.0,2716590.0,0,3,Khách hàng trung thành,0.37071043734515663
3443,39,Nữ,Bắc Ninh,Miền Bắc,Dây chuyền,Vàng 24K,24,5.34,0,Cưới hỏi,11881000.0,28567000.0,3.7,Có,Không,Không,Ví điện tử (Momo/ZaloPay),Nhận tại cửa hàng,Online,17,Nửa năm một lần,198.0,40395000.0,47011701.0,2088224.0,0,3,Khách hàng trung thành,0.2655464336975422
3444,28,Nam,Gia Lai,Miền Trung,Nhẫn,Vàng 18K,18,3.76,0,Quà tặng người yêu,6090000.0,21043000.0,3.8,Không,Không,Có,Ví điện tử (Momo/ZaloPay),Giao hàng tiêu chuẩn,Online,22,Hàng năm,315.0,26796000.0,25914412.0,639899.0,1,2,Khách hàng có nguy cơ rời bỏ,0.46841208460531836
3445,62,Nữ,Bình Dương,Miền Nam,Vòng tay,Bạch kim,20,17.92,0,Quà tặng người yêu,33838000.0,21531000.0,2.6,Không,Không,Không,Ví điện tử (Momo/ZaloPay),Giao hàng tiêu chuẩn,Tại cửa hàng,15,Hàng quý,96.0,101514000.0,91230632.0,8145073.0,0,1,Khách hàng VIP (giá trị cao nhất),0.49572506379341924
3446,52,Nữ,Gia Lai,Miền Trung,Nhẫn,Bạc,5,5.47,0,Tự mua sắm,752000.0,15039000.0,4.6,Không,Có,Không,Thẻ tín dụng,Giao hàng tiêu chuẩn,Online,11,Hàng quý,86.0,1654000.0,1675006.0,201493.0,0,0,Khách hàng phổ thông / mới,0.34642203589373
3447,33,Nữ,Cần Thơ,Miền Nam,Bông tai,Vàng 18K,18,3.39,0,Lễ/Tết,4765000.0,21937000.0,4.1,Có,Có,Không,Ví điện tử (Momo/ZaloPay),Giao hàng tiêu chuẩn,Online,25,Hàng tháng,30.0,23825000.0,28385105.0,5016062.0,0,3,Khách hàng trung thành,0.14138625663894341
3448,45,Nam,Gia Lai,Miền Trung,Vòng tay,Vàng 18K,18,15.59,0,Cưới hỏi,25025000.0,35900000.0,4.2,Không,Không,Không,Ví điện tử (Momo/ZaloPay),Giao hàng nhanh,Online,8,Hàng năm,367.0,40040000.0,39635596.0,2099223.0,0,2,Khách hàng có nguy cơ rời bỏ,0.4421387339542655
3449,47,Nam,Đồng Nai,Miền Nam,Lắc chân,Vàng đính đá quý,18,4.65,1,Sinh nhật,12495000.0,6000000.0,4.5,Không,Có,Không,Ví điện tử (Momo/ZaloPay),Giao hàng nhanh,Tại cửa hàng,1,Hàng tháng,28.0,2499000.0,2516493.0,11907618.0,0,0,Khách hàng phổ thông / mới,0.36438787296329084
3450,41,Nữ,Tây Ninh,Miền Nam,Dây chuyền,Bạch kim,20,4.0,0,Quà tặng người yêu,6685000.0,6771000.0,3.8,Không,Có,Không,Ví điện tử (Momo/ZaloPay),Giao hàng nhanh,Tại cửa hàng,8,Hàng quý,95.0,10696000.0,10344102.0,2164625.0,0,0,Khách hàng phổ thông / mới,0.3480896621444979
3451,40,Nữ,Nghệ An,Miền Trung,Dây chuyền,Bạc,5,9.58,0,Sinh nhật,1402000.0,19163000.0,4.1,Có,Không,Không,Ví điện tử (Momo/ZaloPay),Nhận tại cửa hàng,Tại cửa hàng,22,Hàng quý,84.0,6169000.0,7349747.0,643895.0,0,3,Khách hàng trung thành,0.304760864651847
3452,20,Nam,Bắc Ninh,Miền Bắc,Lắc chân,Vàng 18K,18,3.1,0,Cưới hỏi,5297000.0,21489000.0,4.7,Có,Không,Không,Chuyển khoản ngân hàng,Giao hàng nhanh,Tại cửa hàng,11,Hai tuần một lần,13.0,11653000.0,14365818.0,13753935.0,0,0,Khách hàng phổ thông / mới,0.2827724157215762
3453,39,Nam,Bắc Ninh,Miền Bắc,Bông tai,Vàng đính đá quý,18,1.74,1,Tự mua sắm,7848000.0,26917000.0,2.8,Không,Có,Không,Ví điện tử (Momo/ZaloPay),Giao hàng nhanh,Tại cửa hàng,6,Hàng quý,86.0,9418000.0,8571322.0,2175407.0,0,0,Khách hàng phổ thông / mới,0.5984632250241809
3454,34,Nữ,Gia Lai,Miền Trung,Bông tai,Bạc,5,4.59,0,Quà tặng gia đình,495000.0,23205000.0,2.6,Không,Không,Không,Thẻ tín dụng,Nhận tại cửa hàng,Online,15,Hàng năm,402.0,1485000.0,1334570.0,36199.0,1,2,Khách hàng có nguy cơ rời bỏ,0.7168380333647988
3455,57,Nữ,Bình Định,Miền Trung,Vòng tay,Vàng 18K,18,18.52,0,Sinh nhật,27643000.0,9968000.0,5.0,Không,Có,Có,Chuyển khoản ngân hàng,Giao hàng tiêu chuẩn,Online,6,Hai tuần một lần,14.0,33172000.0,34349606.0,50652206.0,0,0,Khách hàng phổ thông / mới,0.13227421580078277
3456,59,Nữ,Thái Nguyên,Miền Bắc,Lắc chân,Vàng đính đá quý,18,5.57,1,Tự mua sắm,12057000.0,25853000.0,4.7,Có,Không,Không,Ví điện tử (Momo/ZaloPay),Giao hàng tiêu chuẩn,Tại cửa hàng,23,Hàng tháng,34.0,55462000.0,68373554.0,9896109.0,0,3,Khách hàng trung thành,0.2538411058796628
3457,54,Nữ,Bà Rịa - Vũng Tàu,Miền Nam,Nhẫn,Vàng đính đá quý,18,3.99,1,Tự mua sắm,8289000.0,20032000.0,3.8,Không,Có,Không,Thẻ tín dụng,Giao hàng tiêu chuẩn,Online,4,Hàng tháng,26.0,6631000.0,6412840.0,8852166.0,0,0,Khách hàng phổ thông / mới,0.3552651769003944
3458,19,Nữ,Kiên Giang,Miền Nam,Dây chuyền,Bạc,5,11.17,0,Quà tặng người yêu,596000.0,25337000.0,4.5,Không,Không,Có,Ví điện tử (Momo/ZaloPay),Giao hàng tiêu chuẩn,Tại cửa hàng,6,Hàng tháng,26.0,715000.0,720005.0,628567.0,0,0,Khách hàng phổ thông / mới,0.4053264040667463
3459,58,Nữ,Hải Dương,Miền Bắc,Bông tai,Bạch kim,20,5.02,0,Cưới hỏi,9424000.0,16460000.0,4.7,Có,Không,Không,Tiền mặt,Nhận tại cửa hàng,Online,24,Hàng năm,408.0,45235000.0,55765708.0,536389.0,1,2,Khách hàng có nguy cơ rời bỏ,0.3055879508684596
3460,37,Nam,Nam Định,Miền Bắc,Nhẫn,Vàng 18K,18,3.19,0,Quà tặng người yêu,4488000.0,9497000.0,3.7,Có,Có,Không,Chuyển khoản ngân hàng,Nhận tại cửa hàng,Online,22,Nửa năm một lần,165.0,19747000.0,22981559.0,797250.0,0,3,Khách hàng trung thành,0.24234318003884833
3461,37,Nữ,Nam Định,Miền Bắc,Lắc chân,Bạc,5,10.44,0,Sinh nhật,485000.0,17063000.0,2.7,Không,Không,Có,Tiền mặt,Giao hàng nhanh,Online,8,Hàng năm,334.0,776000.0,701814.0,39167.0,1,2,Khách hàng có nguy cơ rời bỏ,0.6889591766021458
3462,63,Nữ,Nghệ An,Miền Trung,Dây chuyền,Vàng 24K,24,14.67,0,Lễ/Tết,27508000.0,25217000.0,3.7,Không,Có,Không,Ví điện tử (Momo/ZaloPay),Giao hàng tiêu chuẩn,Tại cửa hàng,29,Hàng năm,396.0,159546000.0,153387524.0,985077.0,0,1,Khách hàng VIP (giá trị cao nhất),0.3380687082855708
3463,59,Nam,Long An,Miền Nam,Nhẫn,Bạc,5,4.81,1,Sinh nhật,5755000.0,24221000.0,3.4,Có,Không,Không,Ví điện tử (Momo/ZaloPay),Nhận tại cửa hàng,Tại cửa hàng,2,Nửa năm một lần,165.0,2302000.0,2631416.0,1433032.0,0,0,Khách hàng phổ thông / mới,0.400383389332225
3464,20,Nữ,Gia Lai,Miền Trung,Nhẫn,Vàng 18K,18,2.96,0,Sinh nhật,4684000.0,19318000.0,2.6,Không,Có,Không,Tiền mặt,Nhận tại cửa hàng,Tại cửa hàng,6,Hàng quý,93.0,5621000.0,5051593.0,1807085.0,0,0,Khách hàng phổ thông / mới,0.4720938039345781
3465,35,Nữ,Hà Nội,Miền Bắc,Lắc chân,Vàng 18K,18,9.54,0,Quà tặng người yêu,13186000.0,15819000.0,4.9,Không,Có,Có,Tiền mặt,Giao hàng nhanh,Tại cửa hàng,7,Hàng quý,78.0,18460000.0,19010108.0,4728022.0,0,0,Khách hàng phổ thông / mới,0.1718927906350454
3466,53,Nam,Đà Nẵng,Miền Trung,Bông tai,Vàng đính đá quý,18,1.18,1,Cưới hỏi,2728000.0,20256000.0,4.3,Không,Có,Có,Chuyển khoản ngân hàng,Nhận tại cửa hàng,Online,16,Nửa năm một lần,203.0,8730000.0,8691588.0,404518.0,0,0,Khách hàng phổ thông / mới,0.15463128249306204
3467,43,Nữ,Hà Nội,Miền Bắc,Dây chuyền,Vàng 24K,24,6.41,0,Quà tặng gia đình,12282000.0,30952000.0,4.5,Không,Có,Có,Ví điện tử (Momo/ZaloPay),Giao hàng nhanh,Tại cửa hàng,16,Nửa năm một lần,186.0,39302000.0,39577114.0,1563186.0,0,3,Khách hàng trung thành,0.1659394940658299
3468,30,Nữ,Huế,Miền Trung,Nhẫn,Bạch kim,20,6.99,0,Cưới hỏi,13154000.0,37665000.0,4.0,Không,Không,Không,Thẻ tín dụng,Giao hàng nhanh,Online,11,Nửa năm một lần,179.0,28939000.0,28316812.0,2877486.0,1,0,Khách hàng phổ thông / mới,0.6149763314710629
3469,43,Nữ,Huế,Miền Trung,Dây chuyền,Vàng 18K,18,11.18,0,Tự mua sắm,17774000.0,23559000.0,3.2,Có,Không,Không,Ví điện tử (Momo/ZaloPay),Giao hàng nhanh,Tại cửa hàng,8,Hàng quý,86.0,28438000.0,32115033.0,8317686.0,0,0,Khách hàng phổ thông / mới,0.4424940781391479
3470,59,Nữ,TP. Hồ Chí Minh,Miền Nam,Nhẫn,Vàng 24K,24,5.66,0,Quà tặng người yêu,12478000.0,28716000.0,4.0,Có,Không,Không,Thẻ tín dụng,Giao hàng tiêu chuẩn,Tại cửa hàng,19,Nửa năm một lần,172.0,47416000.0,56164252.0,2237780.0,0,3,Khách hàng trung thành,0.2673144171079517
3471,28,Nữ,Bình Định,Miền Trung,Bông tai,Vàng 24K,24,4.06,0,Quà tặng người yêu,9255000.0,14588000.0,4.2,Có,Không,Có,Thẻ tín dụng,Giao hàng tiêu chuẩn,Online,13,Hàng tháng,28.0,24063000.0,28834693.0,11742964.0,0,0,Khách hàng phổ thông / mới,0.14367166030405648
3472,53,Nữ,Bà Rịa - Vũng Tàu,Miền Nam,Nhẫn,Vàng 18K,18,4.76,0,Cưới hỏi,7973000.0,30653000.0,4.0,Không,Không,Không,Thẻ tín dụng,Giao hàng nhanh,Online,27,Hàng quý,103.0,43054000.0,42128339.0,2395503.0,0,3,Khách hàng trung thành,0.631579111929663
3473,53,Nữ,Hà Nội,Miền Bắc,Nhẫn,Vàng 18K,18,6.48,0,Quà tặng gia đình,9264000.0,18736000.0,2.8,Không,Có,Không,Thẻ tín dụng,Nhận tại cửa hàng,Tại cửa hàng,3,Hàng quý,85.0,5558000.0,5058336.0,2482935.0,1,0,Khách hàng phổ thông / mới,0.6201905779800186
3474,60,Nữ,Bình Dương,Miền Nam,Nhẫn,Vàng 18K,18,7.12,0,Quà tặng người yêu,11559000.0,12733000.0,4.5,Có,Không,Không,Thẻ tín dụng,Nhận tại cửa hàng,Online,27,Hàng quý,83.0,62419000.0,76088761.0,3868248.0,0,3,Khách hàng trung thành,0.26053866667028663
3475,32,Nữ,Hà Nội,Miền Bắc,Vòng tay,Bạc,5,16.93,0,Tự mua sắm,1268000.0,27986000.0,3.2,Không,Không,Có,Tiền mặt,Giao hàng tiêu chuẩn,Online,25,Hàng quý,89.0,6340000.0,5914586.0,437566.0,1,3,Khách hàng trung thành,0.6407247829986624
3476,28,Nữ,Vĩnh Phúc,Miền Bắc,Bông tai,Vàng 18K,18,3.41,0,Quà tặng người yêu,5269000.0,20308000.0,3.5,Không,Có,Không,Thẻ tín dụng,Giao hàng tiêu chuẩn,Tại cửa hàng,14,Nửa năm một lần,169.0,14753000.0,14015350.0,858798.0,1,0,Khách hàng phổ thông / mới,0.5001904273571718
3477,44,Nữ,Bà Rịa - Vũng Tàu,Miền Nam,Bông tai,Vàng 24K,24,4.89,0,Tự mua sắm,9949000.0,30396000.0,3.9,Không,Có,Không,Thẻ tín dụng,Giao hàng nhanh,Online,21,Nửa năm một lần,170.0,41786000.0,40649421.0,1686606.0,0,3,Khách hàng trung thành,0.3559414427907589
3478,43,Nữ,TP. Hồ Chí Minh,Miền Nam,Vòng tay,Vàng 18K,18,16.33,0,Tự mua sắm,23530000.0,26365000.0,4.9,Có,Có,Không,Tiền mặt,Nhận tại cửa hàng,Online,23,Hàng quý,84.0,108238000.0,134929491.0,8265317.0,0,1,Khách hàng VIP (giá trị cao nhất),0.17833029295498684
3479,37,Nam,Quảng Ninh,Miền Bắc,Trang sức bộ,Vàng 24K,24,21.39,1,Tự mua sắm,43183000.0,11164000.0,3.3,Không,Có,Không,Thẻ tín dụng,Giao hàng nhanh,Online,27,Hàng quý,80.0,233188000.0,218870257.0,15957876.0,0,1,Khách hàng VIP (giá trị cao nhất),0.3625376066945013
3480,55,Nữ,Quảng Nam,Miền Trung,Vòng tay,Vàng 24K,24,10.01,0,Cưới hỏi,21868000.0,22592000.0,2.6,Không,Không,Có,Tiền mặt,Nhận tại cửa hàng,Tại cửa hàng,16,Hàng tuần,8.0,69978000.0,62889229.0,66221106.0,0,3,Khách hàng trung thành,0.5857358812009494
3481,56,Nữ,TP. Hồ Chí Minh,Miền Nam,Lắc chân,Vàng 24K,24,6.69,0,Quà tặng người yêu,12700000.0,15082000.0,4.9,Có,Có,Có,Tiền mặt,Nhận tại cửa hàng,Online,3,Hai tuần một lần,13.0,7620000.0,9499092.0,23712593.0,0,0,Khách hàng phổ thông / mới,0.08104611419060573
3482,29,Nữ,Tiền Giang,Miền Nam,Bông tai,Bạc,5,3.47,1,Lễ/Tết,1999000.0,28587000.0,4.9,Có,Không,Không,Chuyển khoản ngân hàng,Nhận tại cửa hàng,Tại cửa hàng,24,Hàng tháng,26.0,9595000.0,11961127.0,2008850.0,0,3,Khách hàng trung thành,0.26728008551913873
3483,56,Nữ,Quảng Ngãi,Miền Trung,Nhẫn,Bạc,5,2.46,0,Tự mua sắm,311000.0,21963000.0,3.8,Có,Có,Không,Tiền mặt,Giao hàng nhanh,Online,5,Nửa năm một lần,197.0,311000.0,364088.0,36409.0,1,0,Khách hàng phổ thông / mới,0.43269089532192273
3484,29,Nữ,Hà Nội,Miền Bắc,Lắc chân,Vàng đính đá quý,18,4.97,1,Quà tặng người yêu,11297000.0,15132000.0,4.6,Không,Có,Không,Thẻ tín dụng,Giao hàng tiêu chuẩn,Online,27,Nửa năm một lần,179.0,61004000.0,61778751.0,2226595.0,0,3,Khách hàng trung thành,0.3898548370909329
3485,37,Nam,Quảng Nam,Miền Trung,Vòng tay,Bạch kim,20,6.53,0,Sinh nhật,10801000.0,6009000.0,4.8,Có,Có,Không,Chuyển khoản ngân hàng,Giao hàng tiêu chuẩn,Tại cửa hàng,25,Hàng tháng,29.0,54005000.0,66949998.0,6938528.0,0,3,Khách hàng trung thành,0.15828858106047752
3486,19,Nam,Quảng Ninh,Miền Bắc,Bông tai,Bạc,5,1.36,0,Quà tặng người yêu,300000.0,27303000.0,2.5,Không,Có,Có,Tiền mặt,Nhận tại cửa hàng,Tại cửa hàng,22,Hàng năm,369.0,1320000.0,1178760.0,29455.0,0,2,Khách hàng có nguy cơ rời bỏ,0.3121909208553339
3487,34,Nữ,Hà Nội,Miền Bắc,Nhẫn,Vàng 18K,18,5.18,0,Sinh nhật,8557000.0,17641000.0,4.4,Không,Không,Không,Chuyển khoản ngân hàng,Giao hàng tiêu chuẩn,Tại cửa hàng,11,Hàng quý,92.0,18825000.0,18849472.0,3486632.0,0,0,Khách hàng phổ thông / mới,0.5420358751930996
3488,64,Nữ,Gia Lai,Miền Trung,Dây chuyền,Vàng 24K,24,11.38,0,Sinh nhật,25093000.0,20007000.0,2.9,Không,Không,Không,Tiền mặt,Nhận tại cửa hàng,Tại cửa hàng,2,Nửa năm một lần,176.0,10037000.0,9191885.0,4044567.0,1,0,Khách hàng phổ thông / mới,0.7010765618747239
3489,39,Nữ,Bình Dương,Miền Nam,Lắc chân,Bạc,5,8.52,0,Quà tặng người yêu,872000.0,23727000.0,4.6,Không,Không,Có,Tiền mặt,Giao hàng nhanh,Online,13,Hàng quý,99.0,2267000.0,2295791.0,140428.0,0,0,Khách hàng phổ thông / mới,0.34088394491892143
3490,52,Nữ,Hà Nội,Miền Bắc,Nhẫn,Vàng 18K,18,6.22,0,Sinh nhật,8716000.0,14929000.0,2.6,Không,Có,Không,Tiền mặt,Giao hàng tiêu chuẩn,Online,8,Nửa năm một lần,201.0,13946000.0,12533270.0,1216291.0,1,0,Khách hàng phổ thông / mới,0.5942263125302812
3491,23,Nữ,Đồng Nai,Miền Nam,Nhẫn,Vàng 18K,18,4.14,0,Tự mua sắm,7097000.0,8753000.0,4.2,Không,Không,Có,Ví điện tử (Momo/ZaloPay),Nhận tại cửa hàng,Tại cửa hàng,30,Hàng quý,86.0,42582000.0,42151922.0,2447096.0,0,3,Khách hàng trung thành,0.37177403110175133
3492,48,Nữ,TP. Hồ Chí Minh,Miền Nam,Dây chuyền,Vàng đính đá quý,18,12.59,1,Quà tặng gia đình,28332000.0,22231000.0,4.5,Không,Không,Không,Tiền mặt,Nhận tại cửa hàng,Online,24,Hai tuần một lần,13.0,135994000.0,136945958.0,53488135.0,0,1,Khách hàng VIP (giá trị cao nhất),0.5620832812603621
3493,35,Nữ,TP. Hồ Chí Minh,Miền Nam,Vòng tay,Vàng 24K,24,16.22,0,Tự mua sắm,35517000.0,13583000.0,2.6,Không,Không,Có,Tiền mặt,Giao hàng nhanh,Online,6,Hàng tháng,30.0,42620000.0,38302594.0,32223178.0,0,0,Khách hàng phổ thông / mới,0.5450871908109206
3494,53,Nữ,Hải Dương,Miền Bắc,Lắc chân,Vàng 24K,24,9.4,0,Sinh nhật,19951000.0,20642000.0,4.4,Không,Không,Không,Ví điện tử (Momo/ZaloPay),Giao hàng tiêu chuẩn,Tại cửa hàng,1,Nửa năm một lần,163.0,3990000.0,3995187.0,4683351.0,1,0,Khách hàng phổ thông / mới,0.6064569291355393
3495,62,Nữ,Nghệ An,Miền Trung,Bông tai,Vàng đính đá quý,18,4.83,1,Tự mua sắm,14831000.0,15662000.0,2.8,Không,Không,Không,Chuyển khoản ngân hàng,Giao hàng nhanh,Tại cửa hàng,28,Hàng năm,341.0,83054000.0,75587445.0,1460945.0,1,2,Khách hàng có nguy cơ rời bỏ,0.7504269960633495
3496,43,Nữ,Hải Phòng,Miền Bắc,Trang sức bộ,Vàng 18K,18,15.79,0,Cưới hỏi,22331000.0,11065000.0,2.7,Không,Có,Không,Chuyển khoản ngân hàng,Nhận tại cửa hàng,Tại cửa hàng,16,Nửa năm một lần,176.0,71459000.0,64627520.0,3172950.0,1,3,Khách hàng trung thành,0.5354830484755349
3497,22,Nữ,Hải Dương,Miền Bắc,Dây chuyền,Vàng 18K,18,9.83,0,Tự mua sắm,13523000.0,7830000.0,4.8,Không,Có,Không,Tiền mặt,Giao hàng tiêu chuẩn,Online,22,Nửa năm một lần,176.0,59501000.0,60934974.0,1642197.0,0,3,Khách hàng trung thành,0.40966625549633023
3498,40,Nam,Vĩnh Phúc,Miền Bắc,Dây chuyền,Vàng 24K,24,12.3,0,Quà tặng người yêu,26920000.0,21107000.0,4.8,Không,Không,Không,Thẻ tín dụng,Giao hàng tiêu chuẩn,Tại cửa hàng,19,Hàng tuần,6.0,102296000.0,104761334.0,76006215.0,0,1,Khách hàng VIP (giá trị cao nhất),0.5089053909292746
3499,23,Nam,Lào Cai,Miền Bắc,Nhẫn,Vàng 18K,18,2.14,1,Quà tặng người yêu,7498000.0,27056000.0,4.4,Không,Có,Không,Chuyển khoản ngân hàng,Nhận tại cửa hàng,Tại cửa hàng,10,Nửa năm một lần,183.0,14996000.0,15015495.0,1181952.0,0,0,Khách hàng phổ thông / mới,0.38512700698875785
3500,39,Nam,Quảng Ninh,Miền Bắc,Nhẫn,Vàng đính đá quý,18,3.11,1,Tự mua sắm,6150000.0,27186000.0,4.7,Không,Có,Có,Chuyển khoản ngân hàng,Giao hàng tiêu chuẩn,Online,25,Hàng năm,377.0,30750000.0,31315800.0,533100.0,0,2,Khách hàng có nguy cơ rời bỏ,0.2117874936548135
3501,20,Nữ,Thái Nguyên,Miền Bắc,Bông tai,Bạc,5,3.45,1,Quà tặng người yêu,5130000.0,19374000.0,2.5,Không,Có,Không,Chuyển khoản ngân hàng,Giao hàng tiêu chuẩn,Online,7,Hàng quý,93.0,7182000.0,6413526.0,1495383.0,0,0,Khách hàng phổ thông / mới,0.5076845359416138
3502,48,Nữ,An Giang,Miền Nam,Nhẫn,Vàng 18K,18,4.81,0,Tự mua sắm,6204000.0,30853000.0,3.8,Có,Có,Không,Tiền mặt,Nhận tại cửa hàng,Online,25,Hàng quý,98.0,31020000.0,36315114.0,2074041.0,0,3,Khách hàng trung thành,0.2439139835472059
3503,32,Nữ,Đồng Nai,Miền Nam,Dây chuyền,Vàng 18K,18,13.97,0,Tự mua sắm,22481000.0,16170000.0,4.7,Không,Không,Có,Ví điện tử (Momo/ZaloPay),Giao hàng nhanh,Tại cửa hàng,30,Hai tuần một lần,12.0,134886000.0,137367902.0,75779389.0,0,1,Khách hàng VIP (giá trị cao nhất),0.2810373493369728
3504,27,Nữ,Thanh Hóa,Miền Trung,Lắc chân,Vàng 18K,18,9.76,0,Quà tặng người yêu,13631000.0,25352000.0,4.7,Có,Có,Không,Chuyển khoản ngân hàng,Giao hàng tiêu chuẩn,Tại cửa hàng,3,Hàng tháng,27.0,8179000.0,10083071.0,17368774.0,0,0,Khách hàng phổ thông / mới,0.15012957170910315
3505,18,Nam,Kiên Giang,Miền Nam,Vòng tay,Bạc,5,5.61,0,Sinh nhật,665000.0,15635000.0,3.4,Không,Không,Không,Tiền mặt,Giao hàng tiêu chuẩn,Online,24,Hai tuần một lần,14.0,3192000.0,3014206.0,1412665.0,0,3,Khách hàng trung thành,0.6475497824267487
3506,60,Nữ,Hải Dương,Miền Bắc,Nhẫn,Vàng 18K,18,4.52,0,Tự mua sắm,7234000.0,16519000.0,3.3,Có,Không,Có,Ví điện tử (Momo/ZaloPay),Giao hàng tiêu chuẩn,Tại cửa hàng,21,Nửa năm một lần,181.0,30383000.0,34521165.0,1159478.0,1,3,Khách hàng trung thành,0.4502711957811768
3507,58,Nữ,Huế,Miền Trung,Bông tai,Vàng 24K,24,4.81,0,Tự mua sắm,10093000.0,27147000.0,4.2,Có,Có,Không,Thẻ tín dụng,Giao hàng tiêu chuẩn,Tại cửa hàng,24,Nửa năm một lần,166.0,48446000.0,58052842.0,1706931.0,0,3,Khách hàng trung thành,0.11927323301530983
3508,56,Nữ,Cần Thơ,Miền Nam,Vòng tay,Bạc,5,15.04,0,Lễ/Tết,944000.0,24388000.0,2.7,Có,Có,Có,Tiền mặt,Giao hàng tiêu chuẩn,Online,24,Hai tuần một lần,13.0,4531000.0,4960539.0,2641418.0,0,3,Khách hàng trung thành,0.14237950777772107
3509,20,Nam,Đà Nẵng,Miền Trung,Lắc chân,Vàng đính đá quý,18,7.84,1,Cưới hỏi,18050000.0,23607000.0,3.8,Không,Có,Không,Ví điện tử (Momo/ZaloPay),Giao hàng nhanh,Tại cửa hàng,29,Hàng năm,328.0,104690000.0,101245699.0,1464499.0,1,1,Khách hàng VIP (giá trị cao nhất),0.5944366403576145
3510,34,Nữ,Hải Dương,Miền Bắc,Bông tai,Vàng đính đá quý,18,1.43,1,Lễ/Tết,3229000.0,9620000.0,3.1,Không,Có,Không,Tiền mặt,Nhận tại cửa hàng,Online,4,Hàng năm,370.0,2583000.0,2394958.0,263942.0,0,2,Khách hàng có nguy cơ rời bỏ,0.433263836696441
3511,64,Nữ,Thanh Hóa,Miền Trung,Nhẫn,Vàng đính đá quý,18,7.45,1,Cưới hỏi,16854000.0,29043000.0,3.8,Không,Có,Không,Tiền mặt,Giao hàng nhanh,Online,10,Nửa năm một lần,181.0,33708000.0,32599007.0,2819224.0,1,0,Khách hàng phổ thông / mới,0.47615820162508193
3512,45,Nam,Quảng Nam,Miền Trung,Nhẫn,Bạc,5,4.2,1,Quà tặng người yêu,4103000.0,25440000.0,3.0,Không,Không,Có,Chuyển khoản ngân hàng,Giao hàng tiêu chuẩn,Tại cửa hàng,15,Hàng năm,386.0,12309000.0,11342744.0,290084.0,1,2,Khách hàng có nguy cơ rời bỏ,0.6062995913284048
3513,24,Nữ,Quảng Ngãi,Miền Trung,Dây chuyền,Bạch kim,20,4.74,0,Tự mua sắm,8390000.0,16620000.0,4.3,Không,Có,Có,Thẻ tín dụng,Nhận tại cửa hàng,Online,27,Hàng năm,379.0,45306000.0,45106654.0,500050.0,0,2,Khách hàng có nguy cơ rời bỏ,0.18686013471090854
3514,24,Nữ,Huế,Miền Trung,Bông tai,Vàng đính đá quý,18,1.42,1,Cưới hỏi,8528000.0,23521000.0,4.9,Không,Không,Không,Tiền mặt,Giao hàng nhanh,Tại cửa hàng,20,Hàng tháng,28.0,34112000.0,35128538.0,9668334.0,0,3,Khách hàng trung thành,0.528687233427445
3515,30,Nữ,Đà Nẵng,Miền Trung,Vòng tay,Vàng 24K,24,16.77,0,Quà tặng người yêu,36354000.0,27473000.0,3.9,Không,Không,Có,Tiền mặt,Nhận tại cửa hàng,Online,19,Hàng năm,393.0,138145000.0,134387456.0,2744642.0,0,1,Khách hàng VIP (giá trị cao nhất),0.3356354462846081
3516,64,Nữ,Hưng Yên,Miền Bắc,Bông tai,Vàng 18K,18,4.06,0,Cưới hỏi,5923000.0,16688000.0,4.9,Không,Có,Có,Tiền mặt,Giao hàng nhanh,Online,11,Hàng quý,81.0,13031000.0,13419324.0,2391232.0,0,0,Khách hàng phổ thông / mới,0.17306159564465637
3517,26,Nam,Bình Định,Miền Trung,Vòng tay,Vàng 24K,24,8.78,0,Lễ/Tết,18213000.0,14454000.0,3.5,Không,Có,Có,Ví điện tử (Momo/ZaloPay),Giao hàng nhanh,Online,4,Hàng tháng,31.0,14570000.0,13841500.0,15932590.0,0,0,Khách hàng phổ thông / mới,0.15140383804367608
3518,61,Nữ,Nam Định,Miền Bắc,Dây chuyền,Vàng đính đá quý,18,9.4,1,Quà tặng gia đình,16627000.0,19640000.0,3.2,Không,Có,Không,Chuyển khoản ngân hàng,Giao hàng nhanh,Tại cửa hàng,12,Hàng tháng,31.0,39905000.0,37227374.0,19626530.0,0,0,Khách hàng phổ thông / mới,0.49613372996976496
3519,50,Nữ,Bà Rịa - Vũng Tàu,Miền Nam,Nhẫn,Vàng đính đá quý,18,7.65,1,Quà tặng gia đình,12747000.0,6000000.0,4.6,Có,Có,Không,Ví điện tử (Momo/ZaloPay),Giao hàng tiêu chuẩn,Online,15,Nửa năm một lần,168.0,38241000.0,46879642.0,1917014.0,0,3,Khách hàng trung thành,0.17657285163351588
3520,62,Nữ,TP. Hồ Chí Minh,Miền Nam,Nhẫn,Bạch kim,20,4.71,0,Cưới hỏi,8259000.0,24031000.0,2.6,Không,Có,Không,Chuyển khoản ngân hàng,Giao hàng nhanh,Online,4,Hàng năm,332.0,6607000.0,5937711.0,976279.0,1,2,Khách hàng có nguy cơ rời bỏ,0.5975111341580943
3521,57,Nam,Huế,Miền Trung,Dây chuyền,Vàng 18K,18,7.69,0,Sinh nhật,12599000.0,27796000.0,3.2,Có,Không,Có,Chuyển khoản ngân hàng,Giao hàng nhanh,Online,5,Hàng quý,79.0,12599000.0,14228051.0,3279370.0,0,0,Khách hàng phổ thông / mới,0.19409835055446234
3522,33,Nữ,TP. Hồ Chí Minh,Miền Nam,Vòng tay,Vàng đính đá quý,18,9.62,1,Lễ/Tết,17947000.0,23970000.0,4.2,Không,Có,Không,Tiền mặt,Giao hàng tiêu chuẩn,Tại cửa hàng,24,Nửa năm một lần,189.0,86146000.0,85275925.0,3071668.0,0,3,Khách hàng trung thành,0.3178093893145032
3523,57,Nữ,Hà Nội,Miền Bắc,Trang sức bộ,Vàng 24K,24,14.56,0,Cưới hỏi,29971000.0,24775000.0,3.0,Không,Có,Không,Ví điện tử (Momo/ZaloPay),Nhận tại cửa hàng,Online,8,Hàng tháng,29.0,47954000.0,44189611.0,33657770.0,0,0,Khách hàng phổ thông / mới,0.48218370957502815
3524,26,Nam,Thanh Hóa,Miền Trung,Nhẫn,Vàng 24K,24,7.42,1,Sinh nhật,17532000.0,26724000.0,4.7,Không,Có,Có,Ví điện tử (Momo/ZaloPay),Nhận tại cửa hàng,Tại cửa hàng,8,Hàng năm,420.0,28051000.0,28567138.0,1072958.0,0,2,Khách hàng có nguy cơ rời bỏ,0.14042831979060014
3525,31,Nam,Đà Nẵng,Miền Trung,Bông tai,Bạc,5,1.86,1,Cưới hỏi,2092000.0,19158000.0,3.7,Có,Không,Không,Chuyển khoản ngân hàng,Giao hàng nhanh,Tại cửa hàng,4,Hai tuần một lần,15.0,1674000.0,1948201.0,4503620.0,0,0,Khách hàng phổ thông / mới,0.3221766530907256
3526,28,Nam,Đà Nẵng,Miền Trung,Nhẫn,Bạch kim,20,1.86,0,Tự mua sắm,3412000.0,8678000.0,3.1,Không,Có,Không,Tiền mặt,Nhận tại cửa hàng,Online,14,Nửa năm một lần,155.0,9554000.0,8858469.0,812483.0,1,0,Khách hàng phổ thông / mới,0.6641077609638303
3527,24,Nữ,TP. Hồ Chí Minh,Miền Nam,Bông tai,Vàng đính đá quý,18,1.71,1,Tự mua sắm,5095000.0,20346000.0,3.4,Không,Không,Có,Ví điện tử (Momo/ZaloPay),Giao hàng tiêu chuẩn,Online,2,Nửa năm một lần,175.0,2038000.0,1924483.0,524907.0,1,0,Khách hàng phổ thông / mới,0.6111431663661593
3528,22,Nữ,Kiên Giang,Miền Nam,Nhẫn,Vàng 18K,18,2.69,0,Cưới hỏi,3864000.0,28430000.0,3.2,Không,Không,Không,Thẻ tín dụng,Nhận tại cửa hàng,Online,16,Hàng tuần,6.0,12365000.0,11535308.0,12641007.0,0,0,Khách hàng phổ thông / mới,0.6950869177850564
3529,26,Nữ,Nghệ An,Miền Trung,Bông tai,Vàng 18K,18,3.12,0,Quà tặng người yêu,5182000.0,22089000.0,4.3,Không,Có,Không,Tiền mặt,Nhận tại cửa hàng,Online,3,Hàng năm,379.0,3109000.0,3095320.0,226098.0,1,2,Khách hàng có nguy cơ rời bỏ,0.34295697436700845
3530,23,Nữ,Thanh Hóa,Miền Trung,Nhẫn,Vàng 18K,18,7.41,0,Tự mua sắm,12138000.0,16777000.0,2.8,Có,Không,Không,Chuyển khoản ngân hàng,Nhận tại cửa hàng,Online,3,Hàng năm,411.0,7283000.0,8023681.0,731984.0,1,2,Khách hàng có nguy cơ rời bỏ,0.6202756792742534
3531,36,Nữ,Gia Lai,Miền Trung,Nhẫn,Vàng 24K,24,2.38,1,Tự mua sắm,5114000.0,25649000.0,4.6,Không,Có,Không,Ví điện tử (Momo/ZaloPay),Giao hàng nhanh,Online,30,Hàng quý,97.0,30684000.0,31073687.0,2045468.0,0,3,Khách hàng trung thành,0.30298142234029257
3532,21,Nữ,Hưng Yên,Miền Bắc,Vòng tay,Vàng đính đá quý,18,7.19,1,Quà tặng người yêu,15222000.0,21963000.0,2.9,Không,Không,Không,Chuyển khoản ngân hàng,Nhận tại cửa hàng,Tại cửa hàng,13,Nửa năm một lần,169.0,39577000.0,36244617.0,2419161.0,1,0,Khách hàng phổ thông / mới,0.7356102763974431
3533,20,Nam,Bắc Ninh,Miền Bắc,Dây chuyền,Vàng 18K,18,8.25,0,Cưới hỏi,12285000.0,17689000.0,3.2,Không,Có,Không,Tiền mặt,Giao hàng nhanh,Online,9,Hàng năm,330.0,22113000.0,20629218.0,880836.0,1,2,Khách hàng có nguy cơ rời bỏ,0.5599078313727671
3534,65,Nam,Kiên Giang,Miền Nam,Vòng tay,Vàng 24K,24,18.56,1,Quà tặng gia đình,41789000.0,22734000.0,4.1,Không,Không,Không,Chuyển khoản ngân hàng,Nhận tại cửa hàng,Online,5,Hai tuần một lần,16.0,41789000.0,41128734.0,75562703.0,0,0,Khách hàng phổ thông / mới,0.47110335421684085
3535,22,Nữ,Cần Thơ,Miền Nam,Dây chuyền,Vàng 18K,18,14.13,0,Tự mua sắm,22499000.0,17098000.0,3.4,Không,Không,Không,Ví điện tử (Momo/ZaloPay),Giao hàng nhanh,Online,14,Hai tuần một lần,12.0,62997000.0,59488067.0,77184121.0,0,3,Khách hàng trung thành,0.6584245778666759
3536,21,Nữ,Kiên Giang,Miền Nam,Trang sức bộ,Bạc,5,33.77,0,Tự mua sắm,2255000.0,23564000.0,3.8,Có,Không,Không,Chuyển khoản ngân hàng,Giao hàng nhanh,Online,7,Nửa năm một lần,193.0,3157000.0,3695900.0,234951.0,0,0,Khách hàng phổ thông / mới,0.266632266005441
3537,19,Nữ,Nam Định,Miền Bắc,Dây chuyền,Vàng đính đá quý,18,4.52,1,Tự mua sắm,14324000.0,12841000.0,3.9,Có,Không,Không,Thẻ tín dụng,Giao hàng tiêu chuẩn,Online,7,Hàng quý,83.0,20054000.0,23615590.0,4197610.0,0,0,Khách hàng phổ thông / mới,0.25312576973686435
3538,24,Nữ,Hà Nội,Miền Bắc,Vòng tay,Vàng 24K,24,15.58,0,Quà tặng gia đình,29119000.0,21750000.0,3.1,Có,Có,Không,Chuyển khoản ngân hàng,Nhận tại cửa hàng,Online,11,Nửa năm một lần,171.0,64062000.0,71903189.0,6485556.0,0,3,Khách hàng trung thành,0.2026815899993037
3539,43,Nữ,Đà Nẵng,Miền Trung,Lắc chân,Vàng 24K,24,8.83,0,Cưới hỏi,19243000.0,26665000.0,3.8,Không,Không,Không,Tiền mặt,Giao hàng tiêu chuẩn,Tại cửa hàng,5,Nửa năm một lần,157.0,19243000.0,18609905.0,4906547.0,1,0,Khách hàng phổ thông / mới,0.5993186692019852
3540,57,Nam,Tiền Giang,Miền Nam,Bông tai,Vàng đính đá quý,18,1.15,1,Cưới hỏi,6048000.0,23085000.0,4.8,Không,Có,Không,Ví điện tử (Momo/ZaloPay),Giao hàng tiêu chuẩn,Online,15,Nửa năm một lần,164.0,18144000.0,18581270.0,1085744.0,0,0,Khách hàng phổ thông / mới,0.33629199262215065
3541,53,Nữ,Bắc Ninh,Miền Bắc,Dây chuyền,Bạc,5,11.07,0,Cưới hỏi,831000.0,22925000.0,3.8,Không,Có,Không,Ví điện tử (Momo/ZaloPay),Giao hàng tiêu chuẩn,Online,13,Hàng tháng,26.0,2161000.0,2089903.0,744995.0,0,0,Khách hàng phổ thông / mới,0.3531681743198546
3542,45,Nam,Hải Phòng,Miền Bắc,Vòng tay,Vàng 18K,18,15.45,0,Lễ/Tết,22847000.0,21190000.0,4.0,Không,Có,Có,Chuyển khoản ngân hàng,Giao hàng tiêu chuẩn,Tại cửa hàng,14,Hàng tháng,30.0,63972000.0,62596602.0,31466073.0,0,3,Khách hàng trung thành,0.19495676783204502
3543,22,Nữ,Hà Nội,Miền Bắc,Nhẫn,Vàng 24K,24,5.77,0,Quà tặng người yêu,12594000.0,23062000.0,3.3,Không,Không,Không,Tiền mặt,Giao hàng tiêu chuẩn,Tại cửa hàng,24,Hàng tháng,30.0,60451000.0,56739309.0,16208473.0,0,3,Khách hàng trung thành,0.6048636500506928
3544,55,Nữ,Bình Dương,Miền Nam,Vòng tay,Vàng đính đá quý,18,8.24,1,Quà tặng người yêu,20052000.0,18785000.0,4.7,Không,Không,Không,Thẻ tín dụng,Giao hàng nhanh,Online,3,Hàng quý,91.0,12031000.0,12252370.0,7418428.0,0,0,Khách hàng phổ thông / mới,0.46581832807691076
3545,19,Nữ,Đồng Nai,Miền Nam,Dây chuyền,Bạc,5,6.99,0,Cưới hỏi,454000.0,18226000.0,2.7,Không,Không,Không,Tiền mặt,Giao hàng tiêu chuẩn,Tại cửa hàng,9,Nửa năm một lần,158.0,817000.0,738895.0,73597.0,1,0,Khách hàng phổ thông / mới,0.6523956902480658
3546,48,Nam,TP. Hồ Chí Minh,Miền Nam,Bông tai,Vàng 24K,24,3.77,0,Tự mua sắm,8776000.0,14573000.0,2.7,Không,Không,Không,Ví điện tử (Momo/ZaloPay),Giao hàng nhanh,Tại cửa hàng,11,Hàng năm,399.0,19307000.0,17461251.0,654026.0,1,2,Khách hàng có nguy cơ rời bỏ,0.7255480987756266
3547,37,Nữ,Hà Nội,Miền Bắc,Lắc chân,Vàng 24K,24,4.25,0,Tự mua sắm,9356000.0,18331000.0,3.5,Không,Không,Không,Chuyển khoản ngân hàng,Giao hàng nhanh,Online,12,Hàng quý,80.0,22454000.0,21331300.0,3407228.0,0,0,Khách hàng phổ thông / mới,0.5503490317893132
3548,60,Nữ,TP. Hồ Chí Minh,Miền Nam,Nhẫn,Vàng 24K,24,2.53,0,Cưới hỏi,5572000.0,7568000.0,4.2,Không,Không,Không,Thẻ tín dụng,Giao hàng nhanh,Online,2,Nửa năm một lần,200.0,2229000.0,2206487.0,885575.0,1,0,Khách hàng phổ thông / mới,0.6302489275639124
3549,32,Nữ,Đà Nẵng,Miền Trung,Nhẫn,Vàng 18K,18,6.04,0,Cưới hỏi,8786000.0,20120000.0,2.5,Không,Có,Không,Ví điện tử (Momo/ZaloPay),Giao hàng tiêu chuẩn,Online,8,Hàng tháng,28.0,14058000.0,12553794.0,11872210.0,0,0,Khách hàng phổ thông / mới,0.517563325086423
3550,48,Nam,Quảng Ninh,Miền Bắc,Dây chuyền,Vàng 24K,24,4.99,1,Tự mua sắm,14653000.0,25192000.0,4.5,Không,Không,Không,Ví điện tử (Momo/ZaloPay),Giao hàng nhanh,Online,8,Hàng quý,88.0,23445000.0,23609115.0,5786079.0,0,0,Khách hàng phổ thông / mới,0.5541296865212867
3551,39,Nữ,Vĩnh Phúc,Miền Bắc,Vòng tay,Vàng 18K,18,5.25,0,Quà tặng người yêu,7673000.0,19871000.0,3.8,Không,Có,Không,Ví điện tử (Momo/ZaloPay),Giao hàng tiêu chuẩn,Online,28,Hàng năm,382.0,42969000.0,41555320.0,485732.0,0,2,Khách hàng có nguy cơ rời bỏ,0.36234529748782324
3552,43,Nữ,Quảng Nam,Miền Trung,Dây chuyền,Vàng 24K,24,5.22,0,Tự mua sắm,10609000.0,27028000.0,4.8,Không,Có,Không,Thẻ tín dụng,Giao hàng nhanh,Online,3,Hàng tháng,31.0,6365000.0,6518396.0,12810566.0,0,0,Khách hàng phổ thông / mới,0.304472782906968
3553,63,Nữ,Lào Cai,Miền Bắc,Bông tai,Vàng 18K,18,1.38,0,Quà tặng người yêu,2544000.0,31128000.0,4.8,Không,Không,Có,Tiền mặt,Giao hàng tiêu chuẩn,Online,15,Nửa năm một lần,186.0,7632000.0,7815931.0,433450.0,0,0,Khách hàng phổ thông / mới,0.26052015971705994
3554,52,Nữ,Kiên Giang,Miền Nam,Vòng tay,Vàng 18K,18,9.23,1,Quà tặng gia đình,15020000.0,21007000.0,4.4,Không,Có,Không,Thẻ tín dụng,Nhận tại cửa hàng,Tại cửa hàng,6,Hai tuần một lần,14.0,18024000.0,18047431.0,36166181.0,0,0,Khách hàng phổ thông / mới,0.2927251826094077
3555,37,Nữ,Đà Nẵng,Miền Trung,Trang sức bộ,Vàng 18K,18,29.01,0,Sinh nhật,46145000.0,13245000.0,4.3,Không,Không,Có,Thẻ tín dụng,Nhận tại cửa hàng,Online,30,Hàng quý,89.0,276870000.0,275651772.0,19660529.0,0,1,Khách hàng VIP (giá trị cao nhất),0.18306391491397248
3556,39,Nữ,Nghệ An,Miền Trung,Dây chuyền,Bạch kim,20,12.43,0,Tự mua sắm,23109000.0,27980000.0,4.0,Không,Không,Không,Chuyển khoản ngân hàng,Giao hàng nhanh,Online,16,Nửa năm một lần,158.0,73949000.0,72359096.0,3509857.0,1,3,Khách hàng trung thành,0.6262806833879595
3557,51,Nữ,TP. Hồ Chí Minh,Miền Nam,Nhẫn,Vàng 18K,18,1.96,0,Quà tặng người yêu,3335000.0,27285000.0,4.5,Có,Không,Có,Thẻ tín dụng,Giao hàng nhanh,Online,10,Nửa năm một lần,164.0,6670000.0,8130730.0,606127.0,0,0,Khách hàng phổ thông / mới,0.20739511635346072
3558,34,Nữ,TP. Hồ Chí Minh,Miền Nam,Dây chuyền,Vàng đính đá quý,18,9.84,1,Cưới hỏi,19344000.0,23183000.0,2.9,Không,Không,Không,Chuyển khoản ngân hàng,Giao hàng tiêu chuẩn,Tại cửa hàng,28,Nửa năm một lần,195.0,108326000.0,99204951.0,2691310.0,1,1,Khách hàng VIP (giá trị cao nhất),0.7717828778354675
3559,26,Nữ,Hà Nội,Miền Bắc,Vòng tay,Vàng đính đá quý,18,6.32,1,Tự mua sắm,15113000.0,15889000.0,4.5,Có,Không,Có,Tiền mặt,Nhận tại cửa hàng,Online,20,Hàng năm,384.0,60452000.0,73690988.0,847491.0,0,2,Khách hàng có nguy cơ rời bỏ,0.1552688921205672
3560,40,Nữ,Quảng Ngãi,Miền Trung,Dây chuyền,Vàng đính đá quý,18,5.25,1,Sinh nhật,14024000.0,23046000.0,3.9,Có,Có,Không,Tiền mặt,Nhận tại cửa hàng,Online,6,Hàng năm,347.0,16829000.0,19817830.0,1288116.0,0,2,Khách hàng có nguy cơ rời bỏ,0.20621729715372367
3561,21,Nữ,Hải Dương,Miền Bắc,Dây chuyền,Vàng 24K,24,12.41,1,Tự mua sắm,27174000.0,17080000.0,4.5,Có,Có,Không,Ví điện tử (Momo/ZaloPay),Giao hàng nhanh,Tại cửa hàng,22,Nửa năm một lần,198.0,119566000.0,145750954.0,5978610.0,0,1,Khách hàng VIP (giá trị cao nhất),0.1187978883644608
3562,26,Nam,Nghệ An,Miền Trung,Dây chuyền,Vàng 18K,18,14.66,0,Tự mua sắm,23202000.0,14424000.0,3.7,Không,Không,Có,Thẻ tín dụng,Giao hàng nhanh,Online,22,Hàng quý,98.0,102089000.0,98148365.0,4750155.0,0,1,Khách hàng VIP (giá trị cao nhất),0.4364137380427762
3563,38,Nam,TP. Hồ Chí Minh,Miền Nam,Bông tai,Bạc,5,2.36,0,Tự mua sắm,300000.0,22794000.0,4.1,Không,Có,Có,Tiền mặt,Giao hàng tiêu chuẩn,Online,16,Hàng quý,91.0,960000.0,944832.0,98326.0,0,0,Khách hàng phổ thông / mới,0.2209520502319848
3564,56,Nữ,Bình Định,Miền Trung,Trang sức bộ,Vàng 24K,24,29.42,0,Lễ/Tết,64631000.0,14548000.0,3.4,Không,Không,Không,Ví điện tử (Momo/ZaloPay),Nhận tại cửa hàng,Online,2,Nửa năm một lần,208.0,25852000.0,24412044.0,10396559.0,1,0,Khách hàng phổ thông / mới,0.6975142691523755
3565,55,Nữ,Thanh Hóa,Miền Trung,Dây chuyền,Vàng 24K,24,7.1,0,Sinh nhật,15918000.0,26591000.0,3.6,Không,Không,Có,Tiền mặt,Giao hàng nhanh,Tại cửa hàng,23,Nửa năm một lần,169.0,73223000.0,69979221.0,2888281.0,1,3,Khách hàng trung thành,0.5530459006657037
3566,30,Nữ,Quảng Ninh,Miền Bắc,Nhẫn,Vàng 24K,24,6.6,0,Lễ/Tết,12806000.0,21771000.0,3.4,Không,Có,Không,Ví điện tử (Momo/ZaloPay),Giao hàng tiêu chuẩn,Online,11,Hàng quý,84.0,28173000.0,26603764.0,4480440.0,0,0,Khách hàng phổ thông / mới,0.4602196545457027
3567,38,Nữ,Khánh Hòa,Miền Trung,Dây chuyền,Bạc,5,9.84,0,Cưới hỏi,1243000.0,19500000.0,4.4,Không,Không,Không,Thẻ tín dụng,Nhận tại cửa hàng,Tại cửa hàng,4,Hàng quý,77.0,994000.0,995292.0,371031.0,0,0,Khách hàng phổ thông / mới,0.5922060563540114
3568,25,Nữ,Lào Cai,Miền Bắc,Dây chuyền,Bạch kim,20,9.56,0,Cưới hỏi,16101000.0,19209000.0,3.0,Không,Có,Không,Thẻ tín dụng,Giao hàng tiêu chuẩn,Tại cửa hàng,13,Hàng tháng,27.0,41863000.0,38576754.0,18639620.0,0,0,Khách hàng phổ thông / mới,0.5690461292673896
3569,54,Nữ,An Giang,Miền Nam,Trang sức bộ,Vàng 18K,18,30.22,0,Tự mua sắm,41919000.0,13728000.0,4.8,Không,Có,Có,Thẻ tín dụng,Giao hàng nhanh,Tại cửa hàng,15,Hàng tuần,8.0,125757000.0,128787744.0,108626694.0,0,1,Khách hàng VIP (giá trị cao nhất),0.14571702044109613
3570,29,Nữ,Bình Định,Miền Trung,Vòng tay,Vàng đính đá quý,18,15.44,1,Quà tặng người yêu,30446000.0,12648000.0,4.6,Có,Không,Không,Tiền mặt,Nhận tại cửa hàng,Tại cửa hàng,4,Hàng quý,93.0,24357000.0,29859246.0,5949876.0,0,0,Khách hàng phổ thông / mới,0.27360265672674716
3571,56,Nam,Bà Rịa - Vũng Tàu,Miền Nam,Bông tai,Bạch kim,20,5.85,0,Quà tặng người yêu,10634000.0,33490000.0,4.7,Không,Không,Không,Thẻ tín dụng,Nhận tại cửa hàng,Online,7,Hàng năm,331.0,14888000.0,15161939.0,1171051.0,1,2,Khách hàng có nguy cơ rời bỏ,0.5980874224214473
3572,58,Nữ,Nghệ An,Miền Trung,Trang sức bộ,Vàng 24K,24,19.07,0,Quà tặng người yêu,42171000.0,20424000.0,4.8,Không,Không,Không,Thẻ tín dụng,Giao hàng tiêu chuẩn,Online,20,Nửa năm một lần,192.0,168684000.0,172749284.0,7725921.0,1,1,Khách hàng VIP (giá trị cao nhất),0.519512817928283
3573,51,Nam,Cần Thơ,Miền Nam,Bông tai,Vàng 18K,18,5.78,0,Sinh nhật,7819000.0,11092000.0,3.6,Có,Có,Không,Thẻ tín dụng,Giao hàng nhanh,Tại cửa hàng,21,Hàng năm,328.0,32840000.0,37992596.0,721803.0,0,2,Khách hàng có nguy cơ rời bỏ,0.21466310205659714
3574,33,Nữ,Hà Nội,Miền Bắc,Dây chuyền,Vàng 24K,24,12.93,0,Tự mua sắm,25844000.0,26410000.0,4.7,Không,Có,Có,Thẻ tín dụng,Nhận tại cửa hàng,Online,5,Nửa năm một lần,177.0,25844000.0,26319530.0,4560955.0,0,0,Khách hàng phổ thông / mới,0.14633768768450128
3575,63,Nữ,Vĩnh Phúc,Miền Bắc,Vòng tay,Vàng đính đá quý,18,12.4,1,Quà tặng người yêu,24967000.0,14610000.0,3.6,Không,Không,Không,Chuyển khoản ngân hàng,Giao hàng nhanh,Tại cửa hàng,8,Hàng tháng,34.0,39947000.0,38177348.0,26289750.0,0,0,Khách hàng phổ thông / mới,0.46181525140056756
3576,50,Nữ,Hà Nội,Miền Bắc,Dây chuyền,Bạch kim,20,9.01,0,Quà tặng người yêu,17175000.0,25036000.0,2.8,Không,Không,Có,Tiền mặt,Giao hàng tiêu chuẩn,Online,25,Nửa năm một lần,172.0,85875000.0,78154838.0,3116607.0,1,3,Khách hàng trung thành,0.6411428522596778
3577,49,Nam,Hà Nội,Miền Bắc,Dây chuyền,Bạc,5,13.82,0,Cưới hỏi,1037000.0,31259000.0,2.6,Không,Không,Có,Thẻ tín dụng,Nhận tại cửa hàng,Online,3,Hàng năm,385.0,622000.0,558991.0,93954.0,1,2,Khách hàng có nguy cơ rời bỏ,0.6705335684647703
3578,59,Nữ,Tiền Giang,Miền Nam,Trang sức bộ,Bạc,5,24.69,0,Cưới hỏi,1812000.0,20020000.0,2.7,Có,Có,Có,Ví điện tử (Momo/ZaloPay),Giao hàng nhanh,Online,18,Nửa năm một lần,155.0,6523000.0,7141380.0,331930.0,0,3,Khách hàng trung thành,0.16685245567338428
3579,60,Nam,TP. Hồ Chí Minh,Miền Nam,Dây chuyền,Vàng 18K,18,7.05,0,Quà tặng người yêu,11302000.0,29704000.0,3.0,Có,Không,Không,Ví điện tử (Momo/ZaloPay),Nhận tại cửa hàng,Tại cửa hàng,13,Hàng quý,85.0,29385000.0,32778967.0,4930958.0,0,0,Khách hàng phổ thông / mới,0.41069685507336523
3580,21,Nữ,Quảng Ngãi,Miền Trung,Vòng tay,Vàng đính đá quý,18,5.62,1,Quà tặng người yêu,12059000.0,24397000.0,3.4,Không,Không,Không,Chuyển khoản ngân hàng,Nhận tại cửa hàng,Online,23,Nửa năm một lần,171.0,55471000.0,52381265.0,2237773.0,1,3,Khách hàng trung thành,0.7320402511710075
3581,60,Nam,Bình Định,Miền Trung,Nhẫn,Vàng đính đá quý,18,3.45,1,Lễ/Tết,10603000.0,32613000.0,4.9,Không,Không,Có,Thẻ tín dụng,Nhận tại cửa hàng,Online,2,Hàng tuần,8.0,4241000.0,4367382.0,32920068.0,0,0,Khách hàng phổ thông / mới,0.222464462785346
3582,54,Nữ,Đắk Lắk,Miền Trung,Nhẫn,Bạc,5,2.91,0,Tự mua sắm,300000.0,25313000.0,3.1,Không,Có,Có,Thẻ tín dụng,Giao hàng nhanh,Tại cửa hàng,5,Hàng tháng,27.0,300000.0,278160.0,257130.0,0,0,Khách hàng phổ thông / mới,0.355323431358775
3583,27,Nữ,Quảng Ngãi,Miền Trung,Vòng tay,Vàng 18K,18,6.94,0,Cưới hỏi,10854000.0,15919000.0,4.8,Có,Không,Không,Ví điện tử (Momo/ZaloPay),Nhận tại cửa hàng,Online,25,Hàng tháng,28.0,54270000.0,67278519.0,12229962.0,0,3,Khách hàng trung thành,0.2427777926907298
3584,32,Nam,Cần Thơ,Miền Nam,Bông tai,Vàng 24K,24,4.36,0,Cưới hỏi,9655000.0,6000000.0,4.5,Không,Không,Có,Thẻ tín dụng,Giao hàng tiêu chuẩn,Online,10,Hàng quý,81.0,19310000.0,19445170.0,3040424.0,0,0,Khách hàng phổ thông / mới,0.38586044499480243
3585,54,Nam,Gia Lai,Miền Trung,Bông tai,Vàng 24K,24,2.98,0,Quà tặng người yêu,6516000.0,15696000.0,4.7,Không,Không,Không,Ví điện tử (Momo/ZaloPay),Nhận tại cửa hàng,Online,12,Hàng năm,362.0,15638000.0,15925739.0,477959.0,1,2,Khách hàng có nguy cơ rời bỏ,0.6057559677623005
3586,28,Nữ,TP. Hồ Chí Minh,Miền Nam,Dây chuyền,Vàng 24K,24,4.13,0,Cưới hỏi,9056000.0,16164000.0,3.8,Có,Không,Không,Tiền mặt,Nhận tại cửa hàng,Online,22,Hàng tháng,28.0,39846000.0,46647712.0,8278792.0,0,3,Khách hàng trung thành,0.2726229013484404
3587,39,Nam,Hưng Yên,Miền Bắc,Nhẫn,Bạc,5,3.63,0,Sinh nhật,300000.0,27289000.0,4.9,Không,Không,Không,Chuyển khoản ngân hàng,Nhận tại cửa hàng,Tại cửa hàng,15,Hai tuần một lần,13.0,900000.0,926820.0,559438.0,0,0,Khách hàng phổ thông / mới,0.5873940068080756
3588,51,Nam,Tây Ninh,Miền Nam,Vòng tay,Bạch kim,20,7.11,0,Quà tặng gia đình,12142000.0,29559000.0,2.8,Không,Có,Không,Chuyển khoản ngân hàng,Giao hàng tiêu chuẩn,Online,14,Nửa năm một lần,178.0,33998000.0,30941580.0,2829070.0,1,3,Khách hàng trung thành,0.6455109028636078
3589,49,Nữ,Hà Nội,Miền Bắc,Vòng tay,Vàng đính đá quý,18,13.98,1,Tự mua sắm,28236000.0,13268000.0,3.7,Có,Không,Không,Thẻ tín dụng,Giao hàng nhanh,Online,2,Hàng năm,362.0,11294000.0,13143957.0,2900760.0,1,2,Khách hàng có nguy cơ rời bỏ,0.4830405540962774
3590,61,Nữ,Nghệ An,Miền Trung,Bông tai,Vàng 24K,24,3.13,0,Sinh nhật,6846000.0,30220000.0,3.4,Không,Không,Có,Thẻ tín dụng,Giao hàng tiêu chuẩn,Online,19,Hàng quý,85.0,26015000.0,24565964.0,3251446.0,0,3,Khách hàng trung thành,0.3983092759692539
3591,23,Nữ,Bà Rịa - Vũng Tàu,Miền Nam,Bông tai,Vàng 18K,18,5.67,0,Quà tặng người yêu,9095000.0,13966000.0,3.2,Không,Không,Không,Tiền mặt,Nhận tại cửa hàng,Online,5,Hàng quý,103.0,9095000.0,8484726.0,2065922.0,1,0,Khách hàng phổ thông / mới,0.6868987327571358
3592,32,Nữ,Thái Nguyên,Miền Bắc,Lắc chân,Vàng 24K,24,8.48,0,Tự mua sắm,18613000.0,14086000.0,3.6,Không,Không,Có,Thẻ tín dụng,Giao hàng nhanh,Online,13,Hàng quý,80.0,48394000.0,46250146.0,7069397.0,0,3,Khách hàng trung thành,0.3781297479505632
3593,65,Nữ,Bắc Ninh,Miền Bắc,Bông tai,Vàng đính đá quý,18,4.83,1,Quà tặng gia đình,11957000.0,12215000.0,3.7,Không,Không,Không,Thẻ tín dụng,Giao hàng nhanh,Online,11,Nửa năm một lần,194.0,26305000.0,25289627.0,1418511.0,1,0,Khách hàng phổ thông / mới,0.6271594357941832
3594,45,Nữ,Thanh Hóa,Miền Trung,Dây chuyền,Bạch kim,20,7.02,0,Quà tặng người yêu,13649000.0,23064000.0,5.0,Có,Không,Không,Chuyển khoản ngân hàng,Giao hàng nhanh,Online,21,Hàng năm,368.0,57326000.0,71858141.0,973353.0,0,2,Khách hàng có nguy cơ rời bỏ,0.29614923198794635
3595,29,Nữ,Đà Nẵng,Miền Trung,Bông tai,Vàng 18K,18,4.77,0,Lễ/Tết,6788000.0,15640000.0,3.2,Không,Có,Không,Chuyển khoản ngân hàng,Giao hàng tiêu chuẩn,Tại cửa hàng,21,Hàng tháng,29.0,28510000.0,26596979.0,5861582.0,0,3,Khách hàng trung thành,0.5253321154391557
3596,31,Nữ,Tiền Giang,Miền Nam,Bông tai,Bạc,5,4.67,0,Quà tặng người yêu,594000.0,29051000.0,4.8,Có,Không,Không,Thẻ tín dụng,Giao hàng nhanh,Tại cửa hàng,20,Hàng năm,384.0,2376000.0,2945527.0,56761.0,0,2,Khách hàng có nguy cơ rời bỏ,0.26898852686136304
3597,34,Nữ,Long An,Miền Nam,Trang sức bộ,Bạc,5,34.77,0,Tự mua sắm,2137000.0,13683000.0,2.9,Không,Có,Không,Chuyển khoản ngân hàng,Giao hàng nhanh,Online,19,Nửa năm một lần,163.0,8121000.0,7437212.0,365261.0,1,3,Khách hàng trung thành,0.6539688974448852
3598,44,Nữ,Đà Nẵng,Miền Trung,Dây chuyền,Vàng 18K,18,10.93,0,Quà tặng người yêu,15477000.0,25765000.0,4.2,Có,Có,Có,Chuyển khoản ngân hàng,Giao hàng nhanh,Online,9,Nửa năm một lần,205.0,27859000.0,33383440.0,2700491.0,0,0,Khách hàng phổ thông / mới,0.07864751086721743
3599,31,Nữ,Tây Ninh,Miền Nam,Bông tai,Vàng 24K,24,5.58,0,Tự mua sắm,12095000.0,11374000.0,3.3,Không,Không,Không,Tiền mặt,Giao hàng nhanh,Tại cửa hàng,11,Hai tuần một lần,15.0,26609000.0,24975207.0,26820463.0,0,0,Khách hàng phổ thông / mới,0.6682783669696595
3600,47,Nam,TP. Hồ Chí Minh,Miền Nam,Dây chuyền,Vàng 18K,18,13.4,0,Cưới hỏi,19839000.0,28043000.0,4.9,Không,Có,Không,Ví điện tử (Momo/ZaloPay),Giao hàng nhanh,Online,27,Hàng năm,392.0,107131000.0,110323504.0,2147858.0,1,1,Khách hàng VIP (giá trị cao nhất),0.38166687777750463
